SA4_CODE_2021,C11_Neg_Ni_inc_1PF_1C,C11_Neg_Ni_inc_1PF_2C,C11_Neg_Ni_inc_1PF_3C,C11_Neg_Ni_inc_1PF_4mor_c,C11_Neg_Ni_inc_Tot,C11_1_149_1PF_1C,C11_1_149_1PF_2C,C11_1_149_1PF_3C,C11_1_149_1PF_4mC,C11_1_149_Tot,C11_150_299_1PF_1C,C11_150_299_1PF_2C,C11_150_299_1PF_3C,C11_150_299_1PF_4mC,C11_150_299_Tot,C11_300_399_1PF_1C,C11_300_399_1PF_2C,C11_300_399_1PF_3C,C11_300_399_1PF_4mC,C11_300_399_Tot,C11_400_499_1PF_1C,C11_400_499_1PF_2C,C11_400_499_1PF_3C,C11_400_499_1PF_4mC,C11_400_499_Tot,C11_500_649_1PF_1C,C11_500_649_1PF_2C,C11_500_649_1PF_3C,C11_500_649_1PF_4mC,C11_500_649_Tot,C11_650_799_1PF_1C,C11_650_799_1PF_2C,C11_650_799_1PF_3C,C11_650_799_1PF_4mC,C11_650_799_Tot,C11_800_999_1PF_1C,C11_800_999_1PF_2C,C11_800_999_1PF_3C,C11_800_999_1PF_4mC,C11_800_999_Tot,C11_1000_1499_1PF_1C,C11_1000_1499_1PF_2C,C11_1000_1499_1PF_3C,C11_1000_1499_1PF_4mC,C11_1000_1499_Tot,C11_1500_1999_1PF_1C,C11_1500_1999_1PF_2C,C11_1500_1999_1PF_3C,C11_1500_1999_1PF_4mC,C11_1500_1999_Tot,C11_2000_2499_1PF_1C,C11_2000_2499_1PF_2C,C11_2000_2499_1PF_3C,C11_2000_2499_1PF_4mC,C11_2000_2499_Tot,C11_2500_2999_1PF_1C,C11_2500_2999_1PF_2C,C11_2500_2999_1PF_3C,C11_2500_2999_1PF_4mC,C11_2500_2999_Tot,C11_3000_3999_1PF_1C,C11_3000_3999_1PF_2C,C11_3000_3999_1PF_3C,C11_3000_3999_1PF_4mC,C11_3000_3999_Tot,C11_4000more_1PF_1C,C11_4000more_1PF_2C,C11_4000more_1PF_3C,C11_4000more_1PF_4mo_ch,C11_4000more_Tot,C11_Par_inc_st_1PF_1C,C11_Par_inc_st_1PF_2C,C11_Par_inc_st_1PF_3C,C11_Par_inc_st_1PF_4mC,C11_Par_inc_st_Tot,C11_All_inc_ns_1PF_1Ch,C11_All_inc_ns_1PF_2C,C11_All_inc_ns_1PF_3C,C11_All_inc_ns_1PF_4mC,C11_All_inc_ns_Tot,C11_Tot_1PF_1C,C11_Tot_1PF_2C,C11_Tot_1PF_3C,C11_Tot_1PF_4mC,C11_Tot_Tot,C16_Neg_Ni_inc_1PF_1C,C16_Neg_Ni_inc_1PF_2C,C16_Neg_Ni_inc_1PF_3C,C16_Neg_Ni_inc_1PF_4mor_c,C16_Neg_Ni_inc_Tot,C16_1_149_1PF_1C,C16_1_149_1PF_2C,C16_1_149_1PF_3C,C16_1_149_1PF_4mC,C16_1_149_Tot,C16_150_299_1PF_1C,C16_150_299_1PF_2C,C16_150_299_1PF_3C,C16_150_299_1PF_4mC,C16_150_299_Tot,C16_300_399_1PF_1C,C16_300_399_1PF_2C,C16_300_399_1PF_3C,C16_300_399_1PF_4mC,C16_300_399_Tot,C16_400_499_1PF_1C,C16_400_499_1PF_2C,C16_400_499_1PF_3C,C16_400_499_1PF_4mC,C16_400_499_Tot,C16_500_649_1PF_1C,C16_500_649_1PF_2C,C16_500_649_1PF_3C,C16_500_649_1PF_4mC,C16_500_649_Tot,C16_650_799_1PF_1C,C16_650_799_1PF_2C,C16_650_799_1PF_3C,C16_650_799_1PF_4mC,C16_650_799_Tot,C16_800_999_1PF_1C,C16_800_999_1PF_2C,C16_800_999_1PF_3C,C16_800_999_1PF_4mC,C16_800_999_Tot,C16_1000_1499_1PF_1C,C16_1000_1499_1PF_2C,C16_1000_1499_1PF_3C,C16_1000_1499_1PF_4mC,C16_1000_1499_Tot,C16_1500_1999_1PF_1C,C16_1500_1999_1PF_2C,C16_1500_1999_1PF_3C,C16_1500_1999_1PF_4mC,C16_1500_1999_Tot,C16_2000_2499_1PF_1C,C16_2000_2499_1PF_2C,C16_2000_2499_1PF_3C,C16_2000_2499_1PF_4mC,C16_2000_2499_Tot,C16_2500_2999_1PF_1C,C16_2500_2999_1PF_2C,C16_2500_2999_1PF_3C,C16_2500_2999_1PF_4mC,C16_2500_2999_Tot,C16_3000_3999_1PF_1C,C16_3000_3999_1PF_2C,C16_3000_3999_1PF_3C,C16_3000_3999_1PF_4mC,C16_3000_3999_Tot,C16_4000more_1PF_1C,C16_4000more_1PF_2C,C16_4000more_1PF_3C,C16_4000more_1PF_4mo_ch,C16_4000more_Tot,C16_Par_inc_st_1PF_1C,C16_Par_inc_st_1PF_2C,C16_Par_inc_st_1PF_3C,C16_Par_inc_st_1PF_4mC,C16_Par_inc_st_Tot,C16_All_inc_ns_1PF_1Ch,C16_All_inc_ns_1PF_2C,C16_All_inc_ns_1PF_3C,C16_All_inc_ns_1PF_4mC,C16_All_inc_ns_Tot,C16_Tot_1PF_1C,C16_Tot_1PF_2C,C16_Tot_1PF_3C,C16_Tot_1PF_4mC,C16_Tot_Tot,C21_Neg_Ni_inc_1PF_1C,C21_Neg_Ni_inc_1PF_2C,C21_Neg_Ni_inc_1PF_3C,C21_Neg_Ni_inc_1PF_4mor_c,C21_Neg_Ni_inc_Tot,C21_1_149_1PF_1C,C21_1_149_1PF_2C,C21_1_149_1PF_3C,C21_1_149_1PF_4mC,C21_1_149_Tot,C21_150_299_1PF_1C,C21_150_299_1PF_2C,C21_150_299_1PF_3C,C21_150_299_1PF_4mC,C21_150_299_Tot,C21_300_399_1PF_1C,C21_300_399_1PF_2C,C21_300_399_1PF_3C,C21_300_399_1PF_4mC,C21_300_399_Tot,C21_400_499_1PF_1C,C21_400_499_1PF_2C,C21_400_499_1PF_3C,C21_400_499_1PF_4mC,C21_400_499_Tot,C21_500_649_1PF_1C,C21_500_649_1PF_2C,C21_500_649_1PF_3C,C21_500_649_1PF_4mC,C21_500_649_Tot
101,47,16,10,4,72,68,35,12,0,118,192,103,38,7,343,357,188,59,19,620,569,429,173,41,1210,271,101,32,20,419,678,286,141,83,1193,524,220,88,38,866,810,357,109,36,1314,379,174,45,14,608,155,56,9,11,234,116,94,11,3,222,55,33,10,3,104,6,10,0,0,15,389,238,105,55,789,149,68,22,14,259,4763,2413,855,358,8389,67,36,7,7,116,40,17,4,3,66,147,68,22,6,242,197,117,39,18,370,330,152,63,18,566,444,281,111,40,879,511,237,136,60,944,591,208,75,39,926,956,412,135,74,1573,528,236,70,14,844,325,134,45,20,524,123,52,16,8,201,90,69,16,8,174,49,26,14,3,94,402,287,103,54,852,140,49,13,12,217,4947,2394,867,383,8589,69,20,9,3,108,37,10,5,4,55,74,31,5,7,118,128,53,24,3,212,231,89,47,15,383,361,215,84,35,695
102,77,47,12,3,139,97,43,11,4,160,384,183,49,14,630,616,267,85,29,992,1235,876,274,79,2458,531,188,81,28,827,1333,610,313,139,2388,1100,478,181,93,1850,1566,806,247,100,2723,654,390,120,38,1199,302,132,56,10,497,141,126,40,11,321,68,42,24,9,142,8,16,5,3,33,764,565,281,112,1720,247,108,51,23,437,9132,4877,1821,689,16523,143,61,17,13,232,70,24,8,5,112,245,90,27,9,371,314,186,45,17,561,597,271,83,22,967,912,615,209,48,1783,934,519,254,87,1801,1217,455,215,93,1987,1978,959,316,122,3371,1095,558,167,62,1876,548,335,103,34,1021,206,135,40,11,388,130,120,41,14,309,73,41,12,3,122,746,563,237,86,1636,219,87,37,10,347,9425,5008,1789,633,16864,152,77,28,4,265,48,18,5,0,69,118,50,17,3,184,219,90,30,12,352,398,188,54,19,663,697,468,105,40,1313
103,54,21,12,5,91,66,30,14,3,108,267,109,34,16,425,429,199,79,41,752,585,459,175,83,1301,289,67,27,11,395,657,295,158,104,1212,547,210,90,57,904,754,326,120,47,1242,307,162,43,19,537,112,33,15,4,164,70,55,16,6,141,21,17,0,0,43,12,5,0,0,20,318,233,125,71,743,152,76,45,26,296,4650,2284,960,487,8375,58,29,13,4,98,56,12,6,3,83,187,84,31,7,312,231,125,50,15,419,367,169,71,19,624,544,335,169,64,1114,617,299,154,67,1142,602,236,98,72,1005,922,402,159,72,1557,439,205,66,13,723,256,128,38,16,434,68,40,8,5,122,54,35,13,6,116,26,14,4,0,41,362,244,124,80,812,166,75,28,13,280,4952,2431,1035,462,8878,71,31,10,3,115,31,13,0,0,47,86,18,3,4,114,134,72,36,14,256,238,125,44,16,431,362,251,94,51,759
104,45,18,6,6,74,54,21,6,5,82,185,84,31,8,301,367,139,39,23,574,600,421,158,49,1221,268,84,38,14,406,578,277,137,59,1055,446,201,69,45,752,539,277,93,51,959,175,92,32,3,306,51,26,5,4,90,38,28,3,3,74,13,7,4,0,20,6,0,0,0,4,264,198,79,48,589,108,52,28,10,198,3726,1938,717,324,6704,52,19,7,7,83,32,13,3,0,54,117,41,14,8,178,149,89,32,13,289,299,126,29,12,464,451,308,97,39,895,512,244,113,57,926,519,244,93,54,906,765,361,104,44,1277,283,162,40,29,519,149,57,21,13,247,42,27,3,0,72,23,18,8,3,56,22,7,0,0,35,287,211,99,49,644,107,46,17,0,173,3818,1967,685,332,6805,57,20,9,8,95,31,9,3,0,51,47,28,4,3,77,113,61,12,10,196,208,79,29,5,323,331,204,65,22,621
105,32,10,7,10,54,49,21,14,3,79,174,78,38,8,294,320,141,62,37,567,368,309,153,78,901,169,61,31,14,276,484,206,117,84,885,322,154,51,51,570,434,204,68,49,762,183,94,26,16,316,55,30,6,0,97,38,25,6,0,72,17,7,0,0,23,4,0,0,0,12,225,146,96,61,527,169,69,32,28,302,3043,1558,708,437,5742,34,16,10,5,69,31,9,3,0,50,113,50,20,8,192,131,92,37,19,285,266,137,46,20,475,309,226,118,48,703,336,172,119,48,683,401,162,74,50,681,562,263,100,61,996,234,116,38,22,410,144,77,30,11,253,37,30,7,0,75,40,24,8,6,77,27,4,4,0,31,241,166,83,49,542,150,72,28,30,284,3057,1606,732,394,5786,55,19,10,9,90,18,3,0,0,25,59,20,7,6,89,86,41,11,0,145,156,83,36,25,304,212,144,77,25,467
106,54,27,4,0,86,71,29,11,6,118,303,131,35,10,481,518,257,83,33,890,758,579,230,83,1648,336,149,50,34,571,900,448,210,120,1680,705,308,125,64,1201,972,470,153,59,1658,431,260,81,26,796,177,95,31,10,309,147,101,32,5,283,67,37,9,3,112,17,6,7,5,38,416,326,134,65,945,199,97,44,17,359,6068,3320,1237,542,11169,96,54,21,10,185,54,24,8,3,94,202,90,42,15,341,289,173,72,21,557,490,252,83,46,864,706,499,195,78,1471,750,476,257,92,1572,844,345,129,93,1410,1345,631,217,98,2300,625,401,108,40,1178,319,203,53,22,586,129,65,10,8,215,78,66,19,5,171,48,19,13,3,77,456,341,158,81,1034,157,93,36,8,301,6586,3719,1427,619,12349,103,58,19,9,187,44,22,0,0,69,89,54,19,8,165,195,94,35,11,336,351,188,66,29,639,568,379,153,62,1166
107,75,30,6,11,125,101,42,9,0,156,301,129,50,8,495,553,252,74,33,908,795,647,213,71,1716,465,154,61,32,708,1006,485,187,99,1778,854,399,134,44,1434,1251,601,169,73,2094,584,354,94,23,1065,253,142,42,9,441,161,147,32,3,346,82,62,19,7,165,14,17,5,0,29,514,410,166,89,1179,227,101,31,23,376,7233,3966,1296,522,13015,116,44,17,5,181,73,22,3,5,105,226,88,27,5,352,228,148,52,19,443,486,242,70,18,818,704,444,161,50,1361,867,418,158,63,1503,934,382,126,60,1502,1595,732,210,73,2613,855,454,143,46,1502,490,319,67,24,905,189,124,42,12,366,121,101,29,12,258,74,53,15,3,145,553,435,173,87,1247,175,66,21,13,273,7684,4077,1317,496,13579,116,57,19,12,196,49,14,5,0,73,109,40,14,4,168,197,101,27,15,337,355,153,57,13,574,530,289,110,48,972
108,34,29,3,5,74,71,42,5,0,124,264,123,29,14,424,504,244,70,35,854,812,637,208,98,1750,476,141,50,46,720,961,433,229,130,1740,635,272,113,64,1083,751,357,108,54,1267,253,131,38,19,442,75,37,4,0,114,60,42,17,4,126,13,4,0,4,22,5,0,0,0,9,400,316,126,73,917,203,74,36,24,331,5514,2878,1035,571,9999,64,27,15,7,110,60,12,5,3,78,198,80,26,5,310,240,154,61,22,473,470,178,61,30,736,704,438,156,89,1381,724,365,185,88,1365,897,325,105,94,1422,1115,475,142,81,1816,460,245,68,36,812,187,82,27,16,318,61,32,8,0,102,37,36,17,3,95,38,4,3,0,48,455,319,132,74,977,204,73,36,25,323,5912,2854,1036,574,10373,83,34,15,13,137,47,12,7,0,67,99,43,10,3,151,162,71,23,9,269,357,159,64,18,599,551,288,91,38,968
109,37,10,4,6,52,43,22,0,0,66,115,54,14,8,195,229,111,42,13,394,357,231,98,45,729,132,41,23,12,207,360,177,82,51,668,289,116,43,25,473,362,188,85,20,657,143,77,24,8,251,60,29,4,5,103,38,23,4,3,72,11,3,7,0,21,0,0,0,0,6,171,118,72,18,374,101,46,11,10,168,2442,1250,521,221,4435,27,9,5,5,47,34,10,5,0,46,88,42,12,6,151,105,67,34,7,211,225,104,40,14,378,278,172,64,16,529,293,147,73,25,541,348,123,51,35,555,487,218,66,27,806,202,129,43,15,388,105,60,13,8,184,43,23,5,0,72,28,17,12,3,55,16,10,5,0,28,204,109,67,29,409,79,41,15,16,141,2567,1270,510,199,4547,44,15,6,0,69,11,0,0,0,18,42,17,8,3,70,77,37,10,0,125,136,64,26,11,235,253,134,43,25,455
110,48,22,4,5,77,62,33,11,6,109,254,105,52,21,431,381,182,83,39,681,554,445,198,98,1288,293,86,38,40,460,675,317,168,129,1297,517,203,73,43,830,670,310,106,59,1141,210,128,42,16,406,79,37,20,11,141,62,31,13,6,118,24,7,0,3,35,8,0,0,0,7,311,211,111,52,681,175,81,35,23,319,4313,2197,962,550,8022,51,34,18,3,103,56,14,8,3,82,202,74,25,15,313,212,136,62,22,435,349,163,77,27,613,478,341,156,66,1033,553,270,151,68,1051,575,216,104,75,975,863,385,109,78,1426,407,180,75,28,688,165,85,19,7,275,63,30,15,4,107,38,20,15,4,78,28,15,4,5,46,332,208,116,78,733,164,72,37,27,296,4529,2258,976,517,8281,77,34,11,12,134,26,15,4,3,47,79,42,13,3,142,131,64,21,10,235,262,149,58,28,496,390,222,117,47,783
111,107,42,9,7,171,89,34,0,4,133,385,157,34,18,591,631,270,95,32,1031,984,754,240,86,2070,528,148,71,37,784,1447,574,258,114,2387,1161,438,122,63,1784,1820,844,216,61,2937,802,466,134,29,1420,369,170,40,21,599,231,159,42,6,442,93,73,14,7,184,10,13,6,0,34,664,531,240,99,1529,290,101,50,21,460,9612,4772,1569,596,16548,117,56,26,5,205,64,27,17,0,104,255,112,30,13,410,313,184,52,15,560,642,294,66,39,1037,894,574,195,79,1734,1125,511,211,89,1935,1222,477,177,83,1956,2218,921,322,111,3568,1124,594,152,42,1915,613,327,89,13,1037,232,131,34,8,400,128,123,28,3,284,89,48,18,5,161,757,462,199,76,1488,197,80,19,17,305,9984,4908,1617,592,17103,157,59,13,7,236,48,19,3,4,73,128,52,7,5,196,228,97,21,6,355,407,157,75,26,663,651,346,131,48,1171
112,76,30,9,9,116,85,33,10,4,129,291,120,25,16,459,634,242,78,17,974,1112,683,215,62,2066,509,127,67,23,717,1069,488,207,102,1871,871,352,123,59,1399,1064,531,146,55,1794,349,201,64,11,627,117,70,16,4,211,83,45,16,3,145,27,10,4,0,41,4,6,0,0,10,502,355,143,66,1073,173,81,24,26,310,6964,3376,1139,458,11940,75,38,7,7,131,59,21,10,3,88,197,80,23,3,302,266,136,34,14,450,564,231,65,20,882,805,474,143,43,1465,833,399,183,85,1498,915,338,112,65,1431,1489,639,178,61,2365,605,314,75,37,1033,268,162,37,17,486,89,54,15,10,164,53,44,18,5,109,35,12,11,0,54,558,389,127,78,1155,168,72,24,9,280,6977,3396,1054,457,11890,95,40,10,0,149,53,14,7,6,88,63,29,16,3,112,163,83,19,4,267,339,147,46,10,542,570,286,85,27,973
113,42,14,0,6,66,48,30,12,0,92,177,76,29,16,292,297,159,44,17,519,411,323,138,62,943,206,50,22,20,303,528,205,119,75,930,351,161,82,30,622,561,272,89,46,971,214,123,51,11,395,76,43,5,3,125,48,38,15,4,108,26,10,3,0,38,5,0,0,0,11,208,165,70,56,501,112,41,21,24,203,3313,1708,710,375,6118,43,19,7,4,79,27,14,4,3,46,114,46,21,6,184,134,93,40,18,279,247,125,50,18,441,353,264,103,47,771,366,166,113,59,696,461,174,83,49,769,707,293,124,50,1173,355,173,69,10,608,165,81,23,8,280,65,29,8,6,114,40,35,15,8,100,29,13,5,0,47,248,171,88,61,570,117,55,20,15,214,3475,1740,772,362,6356,50,14,5,9,87,23,11,3,0,34,67,29,3,0,99,93,48,22,14,182,223,94,41,22,387,313,177,86,41,616
114,39,9,3,0,58,63,21,3,3,90,152,87,20,8,271,279,142,44,10,478,477,376,106,36,1002,230,66,34,18,350,533,279,122,61,995,435,165,60,38,700,549,263,67,38,908,211,107,31,15,363,69,28,8,6,105,40,37,3,7,94,16,11,3,0,32,0,0,0,0,0,259,199,117,40,605,116,45,16,10,181,3465,1838,648,284,6235,44,27,10,8,92,30,11,9,0,49,107,56,15,3,180,153,66,25,8,254,257,122,48,23,446,340,220,93,26,681,422,216,104,45,777,494,196,81,43,811,729,321,92,51,1190,291,163,42,16,517,179,96,24,5,310,49,32,7,6,96,34,31,3,0,67,33,19,0,0,53,281,238,88,37,651,87,49,13,9,161,3525,1856,661,285,6327,54,15,11,0,83,15,4,0,0,26,52,17,3,0,72,81,33,16,4,136,189,74,17,12,296,288,159,55,13,520
115,61,55,15,4,126,61,34,15,0,112,89,55,16,5,161,138,80,20,3,250,194,140,55,12,400,119,46,19,4,188,265,154,63,20,506,286,149,49,19,498,627,343,105,29,1112,410,261,79,21,766,245,120,34,6,406,274,174,47,11,509,125,93,48,3,267,12,40,16,7,73,227,224,105,30,586,53,46,7,4,108,3183,2014,694,176,6061,105,48,14,3,178,31,23,4,0,64,69,48,18,4,137,68,38,11,3,123,142,57,21,3,229,161,112,34,8,315,215,138,39,12,393,263,155,38,24,475,660,342,111,27,1142,512,298,77,11,897,366,284,68,16,729,196,126,30,9,362,176,161,44,21,412,107,118,28,14,269,269,240,102,24,629,54,27,9,5,90,3391,2223,652,182,6439,110,57,22,3,194,25,19,3,0,52,50,20,7,5,78,52,43,11,0,99,101,43,4,7,161,166,88,21,4,285
116,133,59,22,12,233,107,66,19,11,199,386,203,84,28,700,666,296,135,75,1172,802,708,304,136,1944,451,190,81,73,791,971,482,265,196,1917,835,426,155,110,1519,1496,783,253,134,2665,714,431,155,62,1357,341,221,75,33,678,198,156,59,17,435,76,110,43,17,248,8,26,16,8,60,511,424,213,168,1317,291,146,47,59,548,7986,4729,1925,1136,15777,162,88,30,18,299,72,30,13,9,123,277,109,37,32,451,299,171,86,33,592,490,272,129,41,932,604,479,197,107,1388,785,424,234,148,1592,891,388,203,110,1597,1771,838,286,183,3089,967,580,191,100,1838,656,401,104,57,1217,276,222,75,28,603,159,173,82,32,447,61,86,38,21,203,478,411,221,153,1263,246,105,41,37,431,8202,4792,1954,1117,16068,218,111,46,29,402,66,18,5,4,91,144,59,18,12,229,225,114,55,19,404,401,206,101,53,761,554,370,161,87,1168
117,129,51,4,0,182,92,28,9,5,132,260,75,17,3,359,269,114,20,12,409,407,206,61,11,681,282,75,22,5,391,611,162,49,22,841,524,146,35,14,721,863,326,52,29,1268,496,194,33,10,735,203,92,9,8,320,380,129,18,3,533,133,68,14,0,213,30,15,6,0,50,384,224,86,31,725,127,60,9,3,207,5183,1961,452,167,7759,154,48,14,6,219,62,18,7,0,82,175,65,9,3,248,153,56,10,5,231,294,101,25,6,421,320,162,42,11,531,447,118,27,10,606,544,130,25,8,708,972,325,77,17,1388,695,248,55,7,1008,491,207,30,3,727,199,71,21,4,299,263,145,22,0,434,154,81,16,4,252,432,208,72,22,729,115,30,7,13,159,5467,2016,457,117,8052,180,75,14,3,274,49,11,4,0,64,83,27,8,0,120,133,47,8,6,192,235,72,31,5,345,287,93,16,12,415
118,117,58,18,7,195,75,34,8,3,117,139,61,12,3,213,192,68,22,5,287,363,167,37,3,575,179,44,9,6,234,498,151,34,11,694,464,155,41,14,683,1008,299,62,9,1375,625,226,50,4,904,229,117,21,8,370,464,244,40,6,751,184,77,16,9,281,32,31,13,3,87,431,348,100,16,902,131,34,12,6,183,5134,2121,495,105,7854,116,65,10,3,191,55,18,3,3,78,106,30,13,6,152,117,41,3,5,164,201,73,17,5,289,265,133,29,4,439,318,108,28,9,464,441,126,28,13,601,930,359,83,15,1383,727,257,57,13,1055,563,245,46,3,857,222,102,13,0,338,346,232,52,5,637,225,121,27,7,372,419,314,95,26,852,104,29,5,0,142,5145,2261,495,103,8014,128,57,11,4,199,34,10,4,0,47,67,27,0,0,90,86,35,12,0,133,145,54,17,4,223,203,63,28,5,299
119,325,131,55,23,533,221,102,42,7,370,593,319,93,34,1041,875,387,139,46,1443,1132,820,267,92,2308,769,252,93,60,1174,1632,666,281,128,2705,1427,561,170,96,2256,2699,1024,291,119,4135,1305,684,170,60,2218,672,345,101,30,1160,409,336,78,30,853,197,170,64,20,449,32,68,22,14,139,887,655,275,188,1992,358,166,82,48,659,13542,6684,2220,998,23446,474,206,91,49,821,172,65,31,10,274,472,246,80,33,827,411,228,101,36,779,803,344,102,55,1314,1049,644,217,92,2004,1340,513,265,107,2218,1583,511,189,82,2373,2894,1140,372,153,4563,1795,808,206,77,2878,1065,586,160,55,1871,526,322,95,32,975,293,336,116,56,796,166,171,61,34,424,886,721,283,157,2051,257,116,47,32,449,14193,6957,2419,1056,24621,500,227,78,47,854,111,35,24,6,171,262,121,29,13,426,372,174,68,28,644,673,274,113,39,1098,863,464,180,60,1565
120,182,72,11,3,268,88,41,9,0,133,229,74,17,5,319,294,108,27,5,427,456,172,61,12,694,258,88,21,10,381,596,194,50,19,853,574,189,40,6,807,1251,432,71,22,1772,766,267,66,11,1106,352,133,25,7,511,485,239,53,7,777,161,97,22,5,286,26,33,7,0,67,448,333,88,36,911,114,44,14,9,180,6260,2522,576,151,9510,233,93,14,0,342,83,23,8,0,114,178,53,16,3,250,168,65,18,7,254,280,99,15,6,392,376,167,45,14,600,501,139,33,13,690,579,189,31,15,812,1288,447,79,15,1830,858,356,63,16,1294,650,297,54,11,1018,331,128,22,0,490,319,233,50,10,608,171,115,32,6,326,436,324,84,20,865,87,30,12,0,126,6531,2752,581,143,10008,226,88,13,3,329,65,15,3,0,81,97,35,5,0,138,147,47,12,5,202,202,66,12,10,293,310,117,22,11,458
121,248,152,38,7,446,116,54,12,3,183,172,84,28,4,292,242,89,35,3,367,379,192,49,8,628,204,70,30,0,305,553,221,48,15,842,558,198,41,17,808,1323,502,93,21,1939,881,434,92,18,1420,472,165,35,4,676,741,445,118,20,1328,314,134,36,10,493,52,63,21,4,144,547,413,150,29,1138,111,40,8,4,163,6902,3265,834,172,11170,314,144,39,6,505,89,44,14,3,160,166,90,20,0,273,148,47,15,4,213,217,88,14,3,326,344,164,45,8,565,409,163,28,13,617,531,191,45,9,768,1364,526,104,27,2020,1020,471,109,16,1611,833,422,68,15,1329,380,154,45,8,584,525,391,103,12,1031,388,225,53,19,680,572,485,159,29,1244,97,37,12,0,140,7388,3633,870,168,12055,321,193,30,5,550,76,45,8,0,130,106,49,11,0,164,131,81,12,3,228,225,86,21,0,328,310,148,26,4,495
122,55,33,10,0,107,46,28,14,5,91,113,63,12,0,191,160,67,19,5,252,319,169,31,5,525,172,43,13,0,231,436,193,58,16,706,488,213,39,7,747,1006,418,84,25,1526,598,270,62,5,941,275,121,24,10,422,332,243,65,10,647,138,88,27,7,248,30,26,10,0,60,387,314,146,27,874,108,47,14,3,169,4659,2330,626,136,7752,74,48,17,7,139,37,18,6,0,58,67,38,6,4,114,82,47,7,0,135,145,54,13,3,221,224,121,50,9,407,279,132,43,5,456,399,181,37,13,627,953,431,107,21,1517,693,323,67,13,1090,532,285,82,18,916,234,103,27,4,367,204,212,65,9,491,146,104,31,17,302,426,339,135,24,920,82,39,8,0,138,4577,2485,689,139,7886,83,43,8,0,139,24,9,0,0,34,37,18,8,0,69,55,35,9,0,101,104,43,11,0,169,183,86,11,4,281
123,67,41,11,5,123,92,43,15,6,154,289,140,52,18,494,477,257,115,46,894,662,507,249,97,1517,296,130,56,43,521,751,392,242,120,1501,660,354,129,70,1207,1142,608,220,95,2071,593,358,112,42,1106,285,179,54,21,537,145,118,43,17,328,62,71,14,14,163,22,15,9,3,58,399,372,205,115,1089,194,98,49,36,384,6147,3698,1570,740,12150,114,57,24,9,202,57,20,7,5,86,163,80,37,12,297,205,155,68,19,450,415,232,113,41,805,540,412,188,77,1220,663,371,204,104,1345,731,324,158,74,1293,1458,683,250,115,2504,837,470,138,64,1512,493,317,90,28,931,222,168,48,21,454,134,137,50,23,341,57,50,25,13,147,469,424,174,118,1182,171,85,30,25,311,6726,3979,1614,759,13082,163,64,28,26,275,41,12,8,0,64,100,40,14,4,159,177,93,34,14,315,321,185,72,25,601,495,338,158,50,1045
124,78,50,14,3,148,104,48,13,4,174,311,131,39,12,487,521,229,77,22,852,843,667,227,65,1804,363,141,56,31,582,933,500,261,115,1807,860,419,141,75,1494,1548,778,208,120,2650,818,418,135,43,1412,411,176,55,16,661,210,174,61,15,463,79,76,28,7,187,15,21,0,13,44,566,401,202,94,1260,232,94,44,22,393,7896,4311,1551,657,14422,121,62,15,11,212,52,18,5,8,85,196,78,19,15,307,266,123,46,20,466,485,230,80,33,823,676,508,158,55,1394,753,399,217,73,1443,859,390,164,87,1500,1854,839,281,117,3096,1122,526,137,68,1858,704,362,112,35,1221,304,206,49,18,573,166,181,61,16,424,93,64,23,13,184,529,456,194,80,1257,174,74,31,10,296,8364,4516,1587,660,15126,132,71,21,14,242,45,15,12,0,76,116,40,12,10,175,184,92,23,14,313,361,189,63,25,638,565,360,122,59,1109
125,228,110,36,15,398,157,74,21,14,275,448,211,81,26,761,618,282,99,51,1045,786,550,211,52,1598,535,169,84,49,836,1053,429,195,141,1819,989,394,127,66,1585,1811,737,221,101,2875,927,496,151,69,1647,430,263,71,23,790,323,217,42,25,608,148,125,53,23,344,29,37,26,3,97,560,434,200,152,1347,272,110,58,36,486,9325,4655,1679,845,16503,352,152,56,32,589,126,49,16,6,194,391,177,46,22,636,298,171,64,29,561,568,264,73,42,946,638,406,154,61,1260,891,376,187,90,1546,1002,342,125,90,1550,2092,819,249,118,3280,1230,575,161,69,2032,750,435,125,49,1361,356,212,52,29,649,198,213,59,36,502,115,102,36,18,276,622,474,171,123,1392,199,88,31,26,343,9831,4844,1619,833,17126,386,198,62,35,682,99,31,7,0,141,184,73,34,23,308,272,123,51,20,468,468,206,75,27,787,660,342,132,64,1196
126,99,40,8,0,145,56,28,9,0,90,103,41,7,0,155,153,39,17,5,210,202,108,31,6,354,142,35,17,4,201,311,130,19,5,467,351,122,25,3,502,666,250,54,14,980,425,206,34,10,675,207,89,20,3,324,243,145,28,5,421,102,66,12,0,177,20,24,11,0,64,247,201,52,18,513,55,25,9,0,90,3383,1544,360,72,5355,150,59,16,5,232,51,19,4,0,77,85,41,3,0,129,73,47,8,0,129,140,47,14,0,203,210,79,13,3,307,247,94,25,3,370,306,110,26,8,450,713,268,58,15,1058,538,210,37,4,793,364,174,37,0,577,176,97,16,3,299,156,142,28,9,340,104,83,25,12,220,258,160,53,18,490,34,37,4,0,72,3607,1669,375,81,5733,181,57,13,3,257,38,10,6,0,56,52,29,9,0,95,83,35,7,0,129,107,51,17,4,179,187,77,13,7,282
127,190,125,46,25,398,171,88,34,13,298,645,392,121,54,1209,763,470,150,53,1444,921,761,289,114,2090,607,256,113,59,1033,1165,623,266,158,2204,1040,484,179,88,1789,1739,1016,342,140,3241,717,518,174,100,1512,375,327,111,45,854,186,184,75,28,478,95,105,62,24,283,17,37,23,8,82,515,568,292,164,1544,332,195,86,38,650,9488,6163,2368,1108,19118,322,191,80,35,629,111,81,18,4,213,476,259,93,31,859,399,264,132,57,845,721,382,130,57,1289,797,636,233,102,1764,1052,561,285,143,2038,1243,596,215,135,2190,2131,1140,403,170,3851,1192,728,271,109,2298,642,490,173,82,1385,263,252,104,39,659,192,245,106,59,598,76,106,57,37,278,642,541,275,160,1614,271,133,58,35,498,10522,6603,2628,1260,21009,453,249,118,51,870,65,49,18,7,136,185,117,55,19,363,355,215,83,27,678,569,341,131,55,1100,758,523,186,96,1556
128,51,21,9,3,84,45,25,6,5,79,129,50,15,3,201,189,73,27,9,302,318,214,57,25,614,153,56,17,7,233,446,228,71,28,776,498,220,62,9,796,923,397,103,19,1438,554,339,73,10,978,337,141,46,3,531,239,165,37,10,443,140,93,22,15,278,19,18,22,3,67,383,304,132,25,844,92,43,10,3,144,4529,2388,713,188,7813,64,46,13,0,124,31,21,4,0,64,91,38,11,0,135,97,55,12,6,164,175,79,15,11,269,235,152,37,14,440,332,153,43,9,537,429,195,56,15,693,985,429,97,32,1541,689,330,96,12,1128,531,236,54,8,828,249,149,31,4,437,168,160,51,7,394,113,93,40,6,250,377,299,111,33,825,75,45,9,4,130,4638,2482,673,174,7963,61,32,9,4,106,17,7,3,0,26,41,10,7,3,67,60,36,6,0,106,132,47,13,7,203,219,107,26,4,347
197,0,0,0,0,0,0,0,0,0,0,0,0,0,0,0,0,0,0,0,0,0,0,0,0,0,0,0,0,0,0,0,0,0,0,0,0,0,0,0,0,0,0,0,0,0,0,0,0,0,0,0,0,0,0,0,0,0,0,0,0,0,0,0,0,0,0,0,0,0,0,0,0,0,0,0,0,0,0,0,0,0,0,0,0,0,0,0,0,0,0,0,0,0,0,0,0,0,0,0,0,0,0,0,0,0,0,0,0,0,0,0,0,0,0,0,0,0,0,0,0,0,0,0,0,0,0,0,0,0,0,0,0,0,0,0,0,0,0,0,0,0,0,0,0,0,0,0,0,0,0,0,0,0,0,0,0,0,0,0,0,0,0,0,0,0,0,0,0,0,0,0,0,0,0,0,0,0,0,0,0,0,0,0,0,0,0,0,0,0,0,0,0,0,0,0,0,0,0,0,0
199,0,0,0,0,0,0,0,0,0,0,0,0,0,0,0,0,0,0,0,0,0,0,0,0,0,0,0,0,0,0,0,0,0,0,0,0,0,0,0,0,0,0,0,0,0,0,0,0,0,0,0,0,0,0,0,0,0,0,0,0,0,0,0,0,0,0,0,0,0,0,0,0,0,0,0,0,0,0,0,0,0,0,0,0,0,0,0,0,0,0,0,0,0,0,0,0,0,0,0,0,0,0,0,0,0,0,0,0,0,0,0,0,0,0,0,0,0,0,0,0,0,0,0,0,0,0,0,0,0,0,0,0,0,0,0,0,0,0,0,0,0,0,0,0,0,0,0,0,0,0,0,0,0,0,0,0,0,0,0,0,0,0,0,0,0,0,0,0,0,0,0,0,0,0,0,0,0,0,0,0,0,0,0,0,0,0,0,0,0,0,0,0,0,0,0,0,0,0,0,0
201,42,6,6,0,57,60,18,0,0,76,173,64,29,5,271,342,143,53,19,560,501,359,153,44,1055,213,85,21,15,342,593,261,118,61,1036,444,196,57,25,728,639,289,103,44,1081,211,123,42,10,385,75,44,19,3,146,47,32,9,3,82,14,5,10,0,32,4,0,0,0,9,271,195,97,41,606,109,50,33,18,204,3733,1888,742,290,6657,50,29,11,0,91,23,8,0,5,36,108,54,20,4,193,165,83,32,6,289,350,157,58,18,577,461,286,96,46,886,494,269,122,52,938,515,189,93,43,835,732,336,123,45,1236,331,176,64,14,582,127,97,27,6,253,40,32,12,6,93,35,34,16,3,89,32,3,5,0,38,304,186,94,48,627,106,47,10,17,177,3866,1984,776,317,6946,75,20,6,0,105,21,10,3,0,32,62,21,10,0,95,114,54,18,6,184,236,117,40,11,397,351,229,73,29,685
202,31,15,0,4,51,47,22,3,5,72,185,80,18,3,288,277,128,40,15,465,489,352,108,51,1004,211,73,27,15,321,564,264,110,71,1016,469,180,72,17,740,622,308,92,30,1053,244,137,45,13,438,84,44,16,5,143,48,34,12,3,90,14,6,0,5,25,0,0,0,5,9,253,193,98,41,580,94,46,27,8,176,3638,1879,664,281,6465,45,27,7,6,74,37,16,0,0,59,127,51,15,9,191,179,79,22,5,290,281,100,39,15,445,430,272,101,25,827,470,234,117,54,875,501,199,76,50,828,769,376,117,50,1312,371,177,38,19,604,160,88,34,11,286,47,30,9,10,90,31,31,11,0,73,30,14,3,0,49,297,242,89,48,673,88,28,21,3,142,3864,1968,691,303,6820,47,16,5,3,69,19,10,0,0,28,45,21,4,0,69,112,35,13,9,170,211,94,33,10,354,306,203,70,23,601
203,55,21,9,0,79,69,32,8,3,114,271,106,29,9,415,448,206,55,17,730,717,561,178,52,1512,364,124,47,25,548,832,463,207,73,1573,796,346,120,51,1310,1044,550,155,57,1808,463,264,75,19,824,169,92,33,4,297,138,83,30,9,259,46,24,11,3,80,9,11,4,0,20,461,383,171,55,1068,186,81,27,21,315,6065,3345,1146,403,10954,92,43,13,6,157,71,26,11,0,109,206,86,25,6,320,217,135,38,17,405,482,218,51,27,777,665,436,139,59,1298,730,369,150,65,1311,766,386,127,57,1342,1378,685,224,67,2350,680,359,109,42,1188,388,186,59,16,648,128,64,14,3,206,73,80,20,10,182,59,16,18,7,96,515,348,149,77,1083,181,75,20,14,286,6618,3510,1172,465,11761,94,45,16,9,171,48,26,14,4,85,89,50,16,0,156,150,66,21,4,237,299,165,52,17,537,512,319,117,37,985
204,40,14,3,0,62,60,22,9,0,99,189,77,26,11,300,312,168,42,16,534,487,398,145,31,1056,218,86,30,14,352,555,292,148,68,1056,466,204,50,31,746,661,290,88,30,1070,200,115,25,6,351,77,42,11,9,132,47,31,3,5,82,15,10,3,0,28,3,4,0,0,10,281,198,95,41,612,108,50,18,9,190,3721,1993,700,269,6678,47,23,13,3,82,52,14,5,4,72,125,63,15,6,216,189,107,35,10,336,297,146,58,22,525,400,296,92,25,819,451,248,86,40,826,500,197,78,46,826,804,320,117,43,1278,363,160,54,12,582,176,78,21,8,286,45,41,13,7,110,39,22,7,3,69,20,9,4,0,35,300,238,107,33,685,104,45,20,9,177,3895,2028,729,273,6928,55,28,8,0,90,21,8,0,0,25,54,21,5,0,78,110,51,20,9,183,210,92,33,17,347,333,185,79,22,626
205,80,25,11,7,121,79,44,9,0,135,313,137,33,14,497,524,269,110,24,933,851,668,229,87,1835,370,133,71,23,601,854,450,200,110,1609,670,274,118,64,1125,923,455,146,49,1571,335,171,55,17,582,130,40,22,5,203,101,62,11,3,180,21,12,4,0,38,10,5,6,4,24,500,358,171,72,1103,214,91,41,26,375,5968,3205,1244,506,10931,80,39,7,4,136,70,27,3,5,105,229,89,37,13,364,316,182,66,19,578,535,285,83,32,929,743,507,201,64,1512,756,384,196,82,1422,765,333,136,80,1309,1197,515,177,79,1976,518,255,82,36,895,236,116,32,10,399,91,49,13,7,160,50,48,14,4,118,47,11,8,4,70,518,376,146,91,1124,187,68,25,15,293,6331,3295,1226,529,11382,103,40,18,6,165,58,11,6,3,73,114,54,11,3,191,228,99,24,10,359,411,176,61,27,677,626,361,135,34,1154
206,245,98,18,6,363,167,73,18,9,267,469,200,48,19,732,629,207,68,19,924,693,359,92,22,1160,539,138,37,15,726,1023,297,64,41,1424,916,276,60,16,1271,1685,572,110,42,2408,900,401,76,13,1388,385,171,27,6,596,654,346,59,17,1074,214,106,18,4,341,46,30,7,0,88,803,456,146,54,1466,247,100,38,23,415,9617,3821,905,311,14649,338,146,31,15,527,176,62,13,8,258,411,202,42,21,674,367,155,41,20,581,576,153,55,21,812,731,266,74,31,1107,858,262,66,35,1221,982,268,68,26,1337,1841,661,128,52,2686,1197,462,75,16,1739,846,368,62,12,1289,329,122,30,4,484,425,286,53,7,773,264,139,32,4,433,810,499,166,42,1510,210,78,31,29,346,10365,4117,956,346,15774,359,129,28,10,522,103,43,11,9,163,245,83,15,7,351,285,122,30,10,443,461,157,37,17,673,614,200,61,25,897
207,218,121,25,0,363,140,57,10,0,209,194,91,23,7,310,300,103,26,13,438,405,235,47,13,700,338,102,28,5,481,666,248,58,14,989,693,258,66,6,1026,1345,582,134,25,2086,748,402,78,23,1251,441,181,49,7,669,470,349,80,17,917,211,129,40,9,383,20,48,18,7,91,565,442,187,44,1242,127,40,11,0,180,6879,3390,874,189,11337,496,207,39,12,752,133,57,7,4,207,222,100,18,7,348,188,88,31,7,317,299,129,21,8,456,436,212,49,17,707,513,222,60,15,808,658,261,50,14,986,1404,582,122,26,2130,929,407,101,18,1451,682,351,69,12,1122,294,171,27,11,499,286,271,61,19,630,200,143,48,9,401,559,452,152,33,1199,136,30,13,0,184,7436,3696,869,204,12200,526,208,48,9,794,119,60,10,3,184,191,86,16,0,295,184,111,16,4,316,312,125,32,6,475,389,178,26,7,603
208,150,65,25,0,242,111,38,8,0,169,238,101,19,5,362,334,128,20,3,493,585,279,81,21,968,326,105,36,6,470,857,317,88,23,1284,923,329,96,15,1361,1714,710,150,32,2603,901,454,84,18,1461,398,176,43,8,624,471,309,81,11,874,190,102,41,4,343,22,29,11,7,69,664,556,204,51,1478,180,61,22,6,278,8077,3775,999,221,13078,245,124,21,3,395,75,25,8,5,114,190,103,22,4,316,180,115,21,9,328,405,124,25,12,558,556,264,48,11,880,658,249,54,14,979,851,329,67,19,1263,1689,700,140,27,2552,1128,582,122,15,1847,765,443,83,22,1317,282,143,26,3,455,278,273,77,9,636,191,139,41,9,388,702,574,188,46,1509,149,60,13,4,228,8348,4245,954,217,13769,289,117,19,4,425,79,36,10,0,134,122,64,6,4,197,166,55,16,0,241,308,98,20,7,438,433,170,41,9,658
209,163,64,23,4,257,138,64,18,9,228,366,211,54,23,659,571,301,94,31,996,895,661,212,60,1830,532,173,69,30,800,1255,554,211,106,2125,1261,523,161,55,1998,2144,1009,264,72,3493,1005,586,169,48,1808,495,296,95,22,906,279,238,71,18,606,122,103,47,11,283,18,35,13,8,73,761,581,293,80,1716,310,165,52,28,557,10316,5561,1854,602,18331,251,104,47,11,420,108,51,21,6,191,319,153,39,11,521,319,208,58,21,604,630,286,97,32,1039,905,569,187,53,1710,1119,534,204,67,1920,1263,545,183,68,2063,2449,1152,306,104,4007,1406,803,206,66,2476,807,489,115,36,1442,294,224,79,15,611,204,239,66,22,531,113,78,35,10,237,830,760,271,109,1974,291,127,40,23,476,11317,6308,1958,659,20233,299,135,59,26,517,85,39,9,4,131,176,97,22,14,305,298,127,39,20,488,498,225,58,25,810,728,464,148,51,1397
210,125,73,22,8,225,109,79,17,12,215,311,184,65,26,587,518,264,86,33,898,614,554,219,73,1458,432,187,87,32,734,988,431,172,82,1674,902,408,131,60,1502,1569,739,258,90,2656,709,440,136,37,1320,315,199,54,22,598,166,163,48,17,397,74,86,27,13,199,12,16,8,5,42,579,486,206,88,1369,250,108,46,36,453,7667,4423,1586,655,14329,170,102,29,23,323,85,34,16,13,149,250,138,57,25,468,255,181,67,31,532,473,259,88,40,860,598,461,158,65,1276,809,429,181,70,1487,991,458,164,78,1699,1828,896,277,103,3106,1020,539,160,65,1787,590,335,102,39,1063,249,193,59,22,522,125,131,51,19,320,66,70,34,16,184,635,516,238,111,1499,215,101,39,25,381,8371,4839,1723,729,15654,229,102,56,27,419,64,36,8,4,110,146,82,37,17,283,206,136,62,20,420,404,207,83,33,732,535,351,131,48,1067
211,134,65,16,7,221,141,70,13,6,231,356,190,42,13,604,601,275,93,25,991,992,716,227,64,1995,509,210,65,26,808,1337,689,252,79,2346,1334,619,173,68,2193,2315,1146,320,83,3863,1110,628,168,54,1965,521,345,104,25,996,311,265,75,15,668,151,133,51,12,342,8,27,19,5,58,925,781,281,100,2083,292,126,41,20,479,11029,6274,1942,592,19845,234,118,18,9,380,94,46,9,3,153,288,136,39,5,476,266,194,50,12,522,561,257,71,22,907,833,581,168,43,1627,1074,500,188,56,1817,1292,606,202,65,2164,2513,1166,335,91,4102,1452,802,228,57,2535,872,501,130,35,1545,352,256,62,13,683,197,216,67,19,501,125,99,38,12,274,962,764,269,87,2080,252,111,37,13,415,11368,6361,1912,546,20189,283,123,22,14,438,64,49,7,5,120,137,68,6,3,216,247,112,21,4,389,454,196,50,9,709,631,346,106,19,1097
212,314,205,51,24,594,236,125,43,9,423,662,363,110,40,1175,932,458,169,60,1615,1381,1110,355,132,2975,724,304,125,58,1210,1933,945,370,178,3421,1865,831,223,117,3033,3134,1443,424,163,5168,1362,817,230,65,2466,638,389,117,41,1189,342,315,92,32,775,165,155,69,23,401,28,47,20,9,105,1033,915,429,197,2581,481,244,72,66,865,15228,8669,2884,1219,27999,563,293,93,57,1010,218,100,37,15,373,548,297,94,34,977,568,369,108,48,1092,985,483,142,51,1662,1404,991,314,119,2831,1589,867,339,138,2931,1923,823,321,134,3198,3613,1708,499,218,6040,1980,1109,305,118,3519,1105,709,204,65,2082,417,321,122,23,885,269,286,91,42,684,147,116,58,15,331,1149,959,390,211,2702,370,168,51,41,637,16832,9603,3175,1325,30939,638,297,79,44,1059,180,83,25,11,298,323,166,57,20,566,487,235,69,27,815,824,388,143,42,1395,1111,672,233,74,2091
213,285,147,63,39,533,244,149,35,14,448,767,520,147,54,1490,1072,610,218,66,1964,1467,1180,442,157,3239,871,318,151,76,1424,1939,1000,459,185,3579,1733,797,269,112,2922,2950,1501,412,172,5036,1249,799,267,100,2415,533,408,104,41,1084,305,281,86,19,699,130,127,64,21,342,26,30,14,10,79,992,820,389,233,2426,492,257,115,87,950,15071,8932,3242,1380,28630,500,287,116,86,987,201,117,32,17,367,623,374,126,60,1181,615,442,161,76,1288,1070,550,174,88,1877,1391,1051,378,136,2952,1625,909,395,178,3107,2018,902,334,195,3445,3635,1819,549,246,6248,1877,1138,337,148,3497,1051,662,193,73,1983,403,341,119,28,892,239,293,93,55,680,125,122,42,21,305,1142,916,437,259,2747,375,232,83,88,788,16902,10144,3557,1750,32357,597,288,131,59,1077,159,77,24,15,278,361,180,77,33,652,543,289,103,38,969,882,449,131,89,1554,1296,814,250,120,2485
214,88,31,9,0,130,92,48,8,5,152,281,136,27,9,457,524,240,61,16,840,890,619,197,40,1739,380,122,56,23,588,970,534,201,75,1780,835,424,128,48,1437,1320,670,197,57,2254,582,337,102,31,1040,257,132,32,11,442,149,122,33,14,318,64,36,16,0,124,8,11,3,0,25,594,438,230,71,1334,221,102,30,21,377,7244,3999,1347,422,13013,101,52,19,3,174,68,21,9,4,102,196,70,17,10,299,277,138,40,10,470,453,239,57,21,765,736,499,124,37,1387,805,425,159,53,1439,939,399,136,64,1530,1728,768,195,70,2755,903,442,127,32,1500,440,268,74,11,792,155,92,28,10,277,110,102,32,9,254,47,41,15,0,106,633,549,204,74,1467,222,67,20,11,318,7809,4159,1258,429,13647,125,59,15,5,206,44,13,12,0,65,97,44,14,4,159,147,82,24,0,255,336,149,53,17,556,504,318,71,18,910
215,39,24,8,4,76,32,20,8,0,60,176,86,32,10,306,308,180,51,19,558,444,338,142,49,971,216,86,36,26,360,516,241,110,65,933,401,175,65,32,674,481,227,76,30,823,161,78,26,8,273,53,32,7,8,94,25,19,4,3,49,8,5,0,0,16,7,0,0,0,10,245,175,83,52,560,142,63,32,19,250,3260,1745,682,324,6007,46,16,3,0,64,32,14,4,0,48,101,52,19,3,180,152,87,29,16,288,284,147,49,19,491,369,259,83,37,745,431,191,116,39,782,456,189,83,36,761,596,267,93,45,1013,241,125,34,18,423,108,62,18,3,188,38,21,7,0,62,18,17,12,6,50,25,5,3,3,37,238,170,81,48,536,115,46,25,9,200,3243,1666,655,292,5858,58,18,5,4,94,20,7,5,0,38,61,22,11,0,95,91,62,26,5,183,189,106,33,11,340,318,186,61,42,599
216,29,10,0,0,41,44,12,4,5,58,143,80,35,7,255,231,127,39,10,411,416,335,158,47,955,186,53,26,23,281,438,233,124,55,848,309,154,70,34,563,454,221,71,26,774,146,74,27,12,257,59,22,12,0,95,21,10,5,0,35,7,7,0,0,11,5,0,0,0,4,212,158,75,45,488,116,37,25,4,194,2796,1531,667,281,5281,38,18,12,8,71,28,8,0,0,34,88,43,13,12,155,122,63,25,14,228,252,110,41,21,419,339,205,98,33,679,351,183,109,49,689,424,154,63,37,678,582,297,110,35,1020,257,128,24,15,429,110,61,24,6,201,51,25,8,8,85,17,24,10,0,54,18,3,9,0,28,199,150,87,51,493,98,48,17,11,173,2962,1522,643,294,5426,48,20,12,0,83,19,3,0,0,26,46,21,5,5,83,91,53,18,7,175,181,98,30,6,316,264,173,75,34,546
217,31,11,3,0,51,27,21,3,0,52,117,38,19,5,176,220,106,40,13,376,373,272,86,38,767,172,50,20,9,255,402,198,109,44,753,339,137,49,22,550,444,183,69,25,718,155,64,32,12,260,61,15,9,5,99,31,20,6,0,56,23,11,0,0,35,9,4,0,0,9,213,141,58,30,441,89,32,14,8,152,2701,1302,529,203,4746,30,9,4,4,49,23,14,6,0,44,72,36,17,10,140,110,72,34,5,219,200,90,26,13,333,298,181,76,26,591,317,157,71,30,578,350,131,57,26,569,532,229,85,25,861,222,97,34,13,366,124,62,10,6,196,39,17,3,0,62,33,25,8,3,67,21,7,0,3,28,199,154,64,28,447,95,33,11,6,144,2669,1311,511,205,4699,40,17,3,0,65,19,5,0,0,27,32,10,4,6,53,69,33,16,7,127,142,60,24,6,231,217,137,46,26,422
297,0,0,0,0,0,0,0,0,0,0,0,0,0,0,0,0,0,0,0,0,0,0,0,0,0,0,0,0,0,0,0,0,0,0,0,0,0,0,0,0,0,0,0,0,0,0,0,0,0,0,0,0,0,0,0,0,0,0,0,0,0,0,0,0,0,0,0,0,0,0,0,0,0,0,0,0,0,0,0,0,0,0,0,0,0,0,0,0,0,0,0,0,0,0,0,0,0,0,0,0,0,0,0,0,0,0,0,0,0,0,0,0,0,0,0,0,0,0,0,0,0,0,0,0,0,0,0,0,0,0,0,0,0,0,0,0,0,0,0,0,0,0,0,0,0,0,0,0,0,0,0,0,0,0,0,0,0,0,0,0,0,0,0,0,0,0,0,0,0,0,0,0,0,0,0,0,0,0,0,0,0,0,0,0,0,0,0,0,0,0,0,0,0,0,0,0,0,0,0,0
299,0,0,0,0,0,0,0,0,0,0,0,0,0,0,0,0,0,0,0,0,0,0,0,0,0,0,0,0,0,0,0,0,0,0,0,0,0,0,0,0,0,0,0,0,0,0,0,0,0,0,0,0,0,0,0,0,0,0,0,0,0,0,0,0,0,0,0,0,0,0,0,0,0,0,0,0,0,0,0,0,0,0,0,0,0,0,0,0,0,0,0,0,0,0,0,0,0,0,0,0,0,0,0,0,0,0,0,0,0,0,0,0,0,0,0,0,0,0,0,0,0,0,0,0,0,0,0,0,0,0,0,0,0,0,0,0,0,0,0,0,0,0,0,0,0,0,0,0,0,0,0,0,0,0,0,0,0,0,0,0,0,0,0,0,0,0,0,0,0,0,0,0,0,0,0,0,0,0,0,0,0,0,0,0,0,0,0,0,0,0,0,0,0,0,0,0,0,0,0,0
301,44,27,3,4,80,47,16,0,0,70,160,82,14,3,265,274,109,39,10,427,500,382,101,37,1018,214,67,40,15,337,711,331,134,72,1238,614,303,80,41,1042,1087,562,147,51,1849,524,282,95,27,920,235,125,31,14,409,148,141,22,8,320,73,47,13,7,136,9,10,6,0,29,317,279,105,43,747,120,56,17,10,200,5076,2808,847,345,9088,53,38,5,6,100,36,13,4,0,47,111,45,11,5,181,155,78,26,6,270,309,143,35,10,503,424,291,88,38,837,510,262,103,49,917,609,318,84,51,1069,1261,612,193,63,2131,726,393,98,20,1246,416,235,52,15,722,196,108,28,9,337,131,108,32,9,270,70,37,17,3,122,343,300,103,40,783,99,47,10,7,163,5444,3022,888,339,9694,84,30,11,6,125,24,5,9,3,40,66,33,4,0,109,105,51,16,6,180,216,95,23,9,344,346,188,73,17,623
302,49,26,5,0,85,45,15,4,0,72,147,52,13,6,223,260,96,36,15,399,415,254,94,22,783,214,42,20,3,287,624,244,93,36,996,662,240,56,22,979,1200,465,125,33,1822,556,285,77,16,925,279,110,38,10,430,195,125,26,11,357,89,47,18,4,160,12,10,5,0,26,324,222,107,53,708,127,61,20,11,218,5186,2303,730,255,8475,67,44,7,7,131,37,17,3,0,54,99,41,17,5,162,128,67,24,9,223,230,80,15,13,336,313,207,65,14,597,429,155,59,26,673,592,213,73,24,897,1296,502,131,47,1980,744,372,73,24,1218,466,220,54,21,765,201,83,32,6,316,120,89,21,4,233,61,49,11,3,120,313,268,89,44,710,78,27,15,3,130,5178,2443,689,243,8554,65,42,12,0,119,21,11,0,0,37,52,33,0,3,94,96,42,9,4,158,192,77,22,10,296,301,153,41,14,505
303,141,98,16,5,270,85,61,18,4,167,235,111,35,12,388,380,138,41,19,571,566,345,98,45,1054,301,112,42,18,476,826,365,132,58,1380,851,308,99,56,1311,1537,667,156,67,2425,809,425,98,43,1376,407,185,46,15,655,283,195,54,12,547,118,80,16,11,223,26,13,9,4,46,410,295,126,47,881,165,87,21,15,285,7140,3479,1006,433,12058,208,127,26,16,376,68,28,15,3,119,197,92,30,8,334,215,100,30,3,347,361,149,41,19,576,483,287,93,33,902,625,269,93,40,1031,761,305,85,43,1190,1640,662,184,78,2562,997,504,126,30,1655,622,342,75,29,1066,264,144,42,14,460,170,155,48,12,390,93,62,22,5,187,475,336,141,59,1013,104,41,19,12,178,7292,3604,1064,419,12377,248,95,33,13,394,64,18,3,7,93,115,54,7,3,183,201,80,20,3,312,318,123,42,17,502,441,234,67,20,766
304,52,49,4,0,115,30,23,3,0,60,72,37,9,6,119,142,50,13,5,203,213,124,46,11,390,117,48,8,7,178,282,158,51,19,503,314,124,40,10,485,702,335,99,15,1147,406,229,71,15,726,196,107,29,5,335,208,160,50,17,433,73,54,17,5,147,11,12,10,3,33,206,176,72,25,482,51,22,7,3,90,3080,1713,518,144,5454,79,47,15,4,138,39,16,4,0,60,68,36,7,0,117,73,53,12,4,149,126,69,12,8,210,221,121,39,14,393,226,121,34,16,396,272,145,39,17,471,692,369,89,21,1165,508,298,68,14,880,351,216,51,13,630,151,59,22,3,227,111,107,37,0,250,74,46,15,5,142,242,201,69,29,542,33,19,5,0,63,3253,1919,522,141,5832,107,37,17,6,165,35,21,0,0,60,42,19,0,4,60,65,19,4,0,87,105,42,12,4,157,181,105,25,9,321
305,84,33,7,0,133,49,23,5,3,79,113,38,8,3,165,175,40,9,0,232,306,130,20,5,457,136,23,11,7,171,432,120,32,6,590,370,144,25,0,538,846,261,71,14,1194,457,214,47,6,711,234,76,11,4,325,350,221,58,9,642,154,61,20,0,234,18,21,4,0,39,273,167,65,20,524,80,21,3,6,109,4067,1594,383,88,6139,122,55,11,4,189,45,14,7,3,66,74,36,11,0,121,105,33,4,6,145,169,38,7,3,220,262,97,14,0,383,277,98,20,8,394,339,130,30,4,510,835,297,60,14,1209,596,236,59,7,896,468,212,46,3,729,194,62,10,3,280,187,167,44,3,397,140,84,13,10,251,278,204,63,19,566,55,20,0,0,74,4145,1777,404,97,6430,162,55,17,0,236,41,16,3,0,58,50,25,7,0,89,76,25,8,0,108,146,49,10,4,202,253,89,12,8,357
306,86,37,17,3,154,92,36,10,0,143,289,117,44,15,468,472,207,86,35,796,825,575,196,96,1691,285,100,52,34,482,845,441,214,142,1634,707,321,111,55,1197,1029,457,138,89,1709,401,240,56,27,731,122,76,20,9,232,99,57,29,8,191,35,14,4,3,61,7,6,0,0,15,397,285,153,107,942,228,113,66,36,441,5929,3085,1203,671,10881,106,60,19,17,207,53,23,7,6,99,210,76,32,18,336,281,117,56,15,467,430,210,73,28,741,653,428,157,68,1302,704,373,191,120,1383,759,355,131,108,1352,1318,608,202,109,2234,617,305,94,47,1070,325,169,44,17,560,100,58,12,3,175,66,57,19,5,154,44,19,9,0,66,437,336,138,117,1034,176,69,31,33,313,6288,3275,1217,713,11499,110,59,13,18,201,31,13,5,4,57,128,45,14,15,196,161,73,33,21,291,310,130,68,32,538,521,309,113,72,1008
307,19,9,3,5,43,42,9,8,5,59,125,52,14,7,194,185,91,42,20,339,353,264,112,44,769,141,41,17,10,213,390,175,96,56,723,275,111,38,39,471,349,153,62,36,604,144,69,18,14,247,66,21,13,0,102,38,13,0,0,53,13,4,0,0,16,4,5,5,3,13,165,106,48,33,351,96,61,17,11,182,2389,1194,502,283,4374,49,13,12,0,71,27,13,3,0,44,96,34,18,3,154,106,79,20,14,215,199,104,28,12,338,285,234,81,32,624,314,156,118,49,632,326,139,55,42,564,516,208,76,47,845,210,87,29,17,339,94,39,12,6,147,44,21,0,0,66,33,18,9,0,54,20,5,4,0,24,175,115,66,42,402,87,25,10,10,131,2555,1290,534,276,4659,46,18,5,4,74,25,3,0,0,27,41,18,10,4,69,79,31,20,0,138,179,80,32,5,305,255,156,63,37,509
308,59,23,10,0,98,70,29,7,6,110,192,79,37,11,312,372,153,59,19,609,500,376,168,50,1089,196,64,28,18,310,579,315,151,95,1137,457,206,83,46,795,716,345,131,45,1234,408,180,50,27,663,153,81,24,7,257,153,78,31,3,271,64,33,11,0,116,17,5,4,0,33,286,189,95,48,618,183,71,28,24,305,4411,2234,918,403,7959,89,36,15,7,147,60,21,4,7,96,158,75,27,22,284,205,118,48,25,396,417,203,72,25,715,485,356,164,64,1070,493,306,163,94,1054,540,275,116,63,994,867,398,140,77,1485,471,255,74,35,836,261,118,44,9,437,127,40,14,0,188,68,42,21,7,131,56,23,3,4,87,324,233,91,47,702,110,52,26,12,205,4741,2551,1025,501,8817,91,35,9,14,138,32,7,3,0,49,89,37,13,11,145,125,70,24,10,226,285,134,66,23,503,448,278,113,71,921
309,239,110,31,5,380,221,98,17,6,340,486,208,46,11,752,832,335,106,28,1299,1672,1077,275,72,3093,672,255,92,27,1042,1923,924,365,136,3358,1712,704,205,93,2714,2609,1222,327,113,4275,1035,572,142,48,1800,362,189,57,11,626,321,215,60,8,605,139,60,18,0,220,18,15,9,0,39,936,608,224,79,1847,315,136,45,10,504,13492,6745,2017,662,22912,296,160,54,18,532,117,74,13,0,204,286,151,52,9,491,395,218,56,15,683,881,338,94,29,1340,1442,891,222,56,2615,1557,822,341,106,2823,1893,809,240,94,3035,3461,1508,434,157,5553,1736,881,223,68,2904,913,500,128,35,1578,290,190,45,15,543,228,177,60,14,483,136,62,24,5,227,961,749,253,115,2071,259,136,34,15,442,14849,7663,2277,742,25530,352,171,51,10,596,93,35,14,5,149,219,100,20,7,346,335,137,38,7,516,615,256,85,34,978,1182,602,170,44,1994
310,86,46,22,6,157,111,57,13,7,186,318,159,62,25,563,561,266,85,41,953,950,800,310,110,2172,325,139,74,42,573,1078,566,315,202,2164,914,422,174,103,1605,1435,718,227,127,2514,577,352,111,55,1097,233,135,43,12,427,129,88,32,15,261,57,31,21,6,109,8,12,5,8,27,471,321,169,115,1072,214,116,49,50,428,7462,4226,1701,929,14314,143,102,26,28,294,75,33,7,3,121,238,136,58,34,460,340,197,85,42,657,603,302,116,54,1082,873,680,275,112,1946,875,545,345,178,1948,1072,493,225,168,1957,1843,942,309,224,3320,908,517,170,69,1656,473,279,81,43,878,174,113,35,13,332,73,85,35,20,207,42,41,16,10,101,509,412,189,134,1253,167,81,54,28,334,8405,4960,2016,1164,16543,183,97,33,41,351,52,34,5,5,96,141,87,31,23,283,274,135,62,28,495,488,252,106,52,895,797,563,178,80,1625
311,99,46,22,17,179,117,43,17,0,179,352,149,60,25,585,591,247,98,53,993,1026,746,298,120,2192,356,160,84,40,637,1097,605,298,200,2203,929,475,169,98,1671,1562,745,261,114,2680,670,329,104,63,1163,304,144,43,20,517,127,100,33,14,277,53,46,19,8,128,12,10,6,0,31,504,395,211,107,1210,279,138,56,53,519,8079,4370,1778,938,15171,150,97,38,25,312,85,37,14,6,138,265,124,37,12,443,357,195,73,48,677,595,330,125,55,1106,853,660,256,104,1872,916,570,311,161,1956,1012,479,199,184,1881,1842,953,361,172,3324,884,517,161,89,1658,459,290,90,40,881,185,128,36,21,368,95,107,33,11,250,46,37,15,10,96,546,395,191,147,1274,187,100,38,32,352,8463,5021,1986,1125,16591,218,102,42,24,378,57,27,11,3,105,140,79,18,10,251,270,129,47,20,466,521,268,96,56,948,857,523,224,106,1710
312,37,21,4,4,69,41,22,3,0,70,133,37,16,8,188,182,91,30,14,321,342,227,103,32,701,118,44,15,7,181,403,162,96,61,720,308,132,50,25,520,577,267,101,38,981,255,131,31,8,422,125,59,27,3,214,142,77,28,9,254,67,32,16,0,117,17,15,9,0,44,248,155,55,42,501,121,61,14,4,203,3106,1532,592,254,5489,46,33,5,7,94,25,15,5,0,46,112,66,16,6,195,152,77,25,8,263,259,136,42,20,457,358,295,99,46,795,365,216,104,52,728,386,173,78,38,685,627,310,98,50,1082,318,161,62,14,558,218,93,35,14,362,69,41,8,0,122,66,30,23,8,126,35,19,5,0,62,220,151,74,47,488,88,41,15,7,150,3331,1872,686,319,6209,63,29,11,5,109,16,14,6,0,33,54,24,12,5,88,86,53,13,4,155,171,70,44,13,302,271,173,86,23,546
313,58,18,8,11,91,61,23,17,6,108,238,115,33,18,399,511,184,52,17,769,836,635,232,71,1777,329,114,54,38,527,856,497,274,150,1778,729,326,123,65,1254,1030,528,173,87,1826,418,236,70,30,751,159,80,21,12,269,90,56,11,0,160,39,17,3,4,61,3,0,0,4,11,414,255,117,72,856,178,98,58,20,358,5960,3180,1247,602,10990,73,42,26,10,154,52,22,4,11,84,203,84,29,14,327,243,141,44,16,441,513,207,79,27,819,702,533,180,44,1459,711,434,255,113,1513,859,397,165,123,1543,1437,685,249,114,2473,674,352,113,40,1183,337,171,58,18,579,112,77,22,12,220,56,68,22,10,144,40,10,9,4,65,395,288,136,76,894,163,70,25,18,279,6567,3557,1411,648,12184,101,52,13,16,182,43,12,6,0,62,108,40,4,0,157,182,89,25,14,311,377,156,60,27,612,640,386,150,56,1231
314,42,13,7,0,65,52,18,6,0,76,105,52,13,6,171,188,87,41,10,321,358,272,76,28,736,127,48,28,10,210,438,287,81,42,848,418,241,69,27,753,787,451,136,33,1408,386,240,61,20,710,163,78,13,3,260,119,94,18,9,241,35,36,10,0,84,7,10,5,0,18,198,202,83,29,505,93,41,23,7,164,3514,2155,664,235,6576,61,44,9,6,114,29,15,6,4,60,96,43,9,4,148,109,80,24,4,218,227,111,37,16,387,365,279,90,30,764,425,278,137,39,880,497,293,102,43,929,989,579,135,71,1778,610,346,97,35,1088,329,205,52,17,599,118,71,23,11,218,71,51,12,11,146,33,27,16,6,76,244,238,81,34,596,59,40,7,3,111,4269,2699,829,323,8117,73,38,7,3,122,20,19,3,0,37,51,32,12,0,97,76,36,7,9,126,170,110,46,11,334,339,188,66,27,620
315,30,10,3,4,48,43,16,3,3,65,180,58,28,17,282,171,85,41,23,323,191,122,68,34,412,105,41,20,24,194,198,98,63,55,423,142,79,37,32,292,237,105,56,43,440,117,55,21,16,201,63,17,7,5,97,49,21,6,4,93,20,16,3,3,36,10,3,5,0,16,104,55,59,43,261,103,38,26,16,182,1767,826,438,331,3361,34,3,10,6,52,30,12,4,4,54,124,53,11,11,205,120,58,48,12,237,171,80,23,26,294,186,108,57,34,387,175,85,55,39,352,164,81,43,34,323,246,158,66,46,520,147,77,30,18,275,101,49,9,11,176,34,11,6,9,61,33,20,6,8,65,24,12,4,0,42,141,72,43,70,322,68,26,21,25,144,1807,917,435,353,3516,46,17,4,5,77,18,5,0,0,24,74,41,9,10,129,100,53,27,8,193,165,72,29,19,287,170,107,54,29,356
316,80,37,14,5,140,101,39,18,0,162,290,119,37,7,458,583,209,47,15,852,1134,743,210,44,2134,452,178,63,36,722,1143,613,262,84,2110,982,471,150,63,1656,1353,663,166,66,2246,493,250,81,17,848,153,77,14,11,259,144,82,20,3,256,37,25,8,0,70,15,4,3,0,19,522,382,156,59,1123,196,83,31,12,314,7676,3975,1285,432,13371,105,66,24,4,202,63,38,13,4,113,210,118,17,10,354,278,145,44,9,482,549,270,59,16,890,859,548,150,34,1590,995,549,206,68,1813,1096,478,190,73,1836,1968,866,248,97,3182,861,468,127,33,1495,440,231,68,12,758,130,74,15,8,231,94,77,19,10,197,56,27,10,0,91,559,450,156,56,1221,158,73,24,12,267,8421,4475,1372,445,14715,129,60,25,6,222,64,24,5,4,96,111,49,17,5,184,177,76,25,3,280,376,141,54,5,587,641,360,107,35,1145
317,28,15,11,0,54,41,17,5,0,63,134,40,21,6,204,225,89,33,14,353,429,297,116,44,885,170,65,24,11,277,474,299,137,79,982,382,189,71,43,678,588,290,106,51,1029,251,137,41,19,440,80,43,17,3,149,65,32,12,5,116,18,10,0,0,34,3,5,5,0,10,196,148,43,39,426,87,35,21,9,150,3151,1705,656,332,5847,40,22,6,5,80,28,7,9,3,48,96,38,12,4,151,116,71,23,9,221,216,93,35,34,383,369,228,94,39,730,381,215,126,67,791,441,193,91,48,771,829,351,113,70,1354,369,189,64,33,656,158,71,29,7,269,68,32,12,3,113,42,35,10,0,86,16,7,4,0,32,217,143,81,36,480,75,22,11,7,117,3461,1716,730,373,6277,44,25,11,3,88,17,10,3,0,32,71,10,8,0,96,70,55,16,3,144,188,89,39,16,337,284,169,72,25,554
318,46,24,9,4,81,57,27,11,4,98,191,116,31,17,356,343,167,63,25,596,584,410,175,75,1234,223,74,36,28,356,641,345,161,103,1246,611,246,90,66,1019,1026,504,174,77,1789,449,266,56,36,808,194,97,25,7,317,112,73,24,11,229,53,40,11,3,105,11,6,0,0,20,330,250,131,86,792,169,90,32,28,314,5044,2737,1031,561,9370,87,43,19,15,156,57,20,21,8,100,174,81,27,6,292,213,151,57,16,441,373,184,63,41,659,541,389,176,64,1169,549,342,184,114,1190,657,317,129,77,1185,1168,574,187,100,2028,607,316,95,34,1055,333,187,40,16,583,123,67,17,16,217,72,55,14,10,157,32,12,11,0,56,394,238,130,70,835,110,62,30,5,208,5482,3033,1199,595,10312,92,37,18,12,157,33,20,11,3,64,75,35,12,0,126,158,74,34,17,277,258,134,59,17,468,393,287,86,55,818
319,72,36,15,7,128,93,25,14,3,140,420,163,60,22,660,702,304,109,52,1167,1128,808,308,118,2365,475,167,77,35,755,1148,520,322,193,2181,812,358,144,105,1427,873,477,186,94,1630,291,148,56,26,517,87,36,10,8,142,56,37,14,7,113,27,5,0,3,39,5,4,0,3,12,437,331,128,77,975,256,131,43,33,466,6893,3551,1481,784,12719,83,56,13,9,163,66,25,16,6,105,284,111,30,21,446,363,200,67,33,663,688,304,97,35,1123,968,616,234,96,1912,994,466,307,142,1918,1052,415,213,114,1801,1411,650,211,157,2430,542,237,72,35,880,227,105,30,11,379,66,34,12,6,120,63,47,11,5,123,26,20,7,0,54,466,294,144,91,999,191,95,39,20,344,7493,3676,1503,783,13450,116,49,18,6,186,47,19,4,0,67,140,46,9,8,209,258,131,37,20,440,437,197,93,39,773,762,420,163,81,1417
397,0,0,0,0,0,0,0,0,0,0,0,0,0,0,0,0,0,0,0,0,0,0,0,0,0,0,0,0,0,0,0,0,0,0,0,0,0,0,0,0,0,0,0,0,0,0,0,0,0,0,0,0,0,0,0,0,0,0,0,0,0,0,0,0,0,0,0,0,0,0,0,0,0,0,0,0,0,0,0,0,0,0,0,0,0,0,0,0,0,0,0,0,0,0,0,0,0,0,0,0,0,0,0,0,0,0,0,0,0,0,0,0,0,0,0,0,0,0,0,0,0,0,0,0,0,0,0,0,0,0,0,0,0,0,0,0,0,0,0,0,0,0,0,0,0,0,0,0,0,0,0,0,0,0,0,0,0,0,0,0,0,0,0,0,0,0,0,0,0,0,0,0,0,0,0,0,0,0,0,0,0,0,0,0,0,0,0,0,0,0,0,0,0,0,0,0,0,0,0,0
399,0,0,0,0,0,0,0,0,0,0,0,0,0,0,0,0,0,0,0,0,0,0,0,0,0,0,0,0,0,0,0,0,0,0,0,0,0,0,0,0,0,0,0,0,0,0,0,0,0,0,0,0,0,0,0,0,0,0,0,0,0,0,0,0,0,0,0,0,0,0,0,0,0,0,0,0,0,0,0,0,0,0,0,0,0,0,0,0,0,0,0,0,0,0,0,0,0,0,0,0,0,0,0,0,0,0,0,0,0,0,0,0,0,0,0,0,0,0,0,0,0,0,0,0,0,0,0,0,0,0,0,0,0,0,0,0,0,0,0,0,0,0,0,0,0,0,0,0,0,0,0,0,0,0,0,0,0,0,0,0,0,0,0,0,0,0,0,0,0,0,0,0,0,0,0,0,0,0,0,0,0,0,0,0,0,0,0,0,0,0,0,0,0,0,0,0,0,0,0,0
401,115,71,16,6,211,76,44,7,0,126,161,73,13,8,250,274,106,21,6,410,491,285,77,14,865,238,78,26,11,355,692,273,87,27,1086,642,264,79,9,998,1144,505,125,26,1798,601,335,86,13,1030,228,124,25,11,386,288,204,40,7,549,89,60,21,4,171,12,13,7,0,34,485,336,128,40,979,104,42,13,9,167,5641,2803,770,190,9403,141,66,16,5,223,65,25,8,0,101,142,53,13,4,216,151,76,18,6,247,289,100,22,9,421,435,239,56,19,747,566,246,74,19,903,604,260,65,25,946,1245,542,125,33,1941,733,380,84,22,1217,455,253,53,10,772,173,93,20,7,300,158,129,28,6,321,119,57,29,6,205,486,408,146,40,1076,84,34,8,5,127,5842,2947,764,208,9758,188,73,14,0,278,59,26,5,0,88,88,35,8,4,133,143,40,25,0,207,232,73,20,8,339,349,156,45,15,567
402,116,46,25,9,196,162,74,19,3,258,557,223,68,37,888,931,443,144,53,1571,1497,1151,386,103,3147,630,244,126,59,1060,1635,823,424,169,3052,1357,619,227,119,2318,2065,1085,314,129,3595,795,479,107,44,1428,320,215,62,21,610,153,124,30,13,323,58,48,20,6,128,16,9,8,0,26,751,621,253,141,1766,295,172,76,54,600,11337,6385,2282,970,20966,153,100,41,27,325,118,63,25,6,200,386,192,64,29,679,489,333,94,40,952,938,386,137,39,1505,1430,937,292,128,2794,1357,801,393,163,2723,1532,685,282,143,2640,2493,1232,384,152,4262,1189,675,182,66,2117,590,350,95,37,1067,188,156,41,21,402,104,103,36,17,256,49,29,12,5,97,782,605,282,146,1816,267,129,51,31,479,12066,6779,2408,1058,22313,230,100,44,32,403,80,19,14,0,110,226,84,33,12,349,368,181,63,27,644,677,322,124,55,1169,1052,685,214,65,2023
403,86,32,8,3,133,86,47,8,11,149,325,137,40,6,513,608,255,55,11,935,1040,691,209,61,1999,462,155,56,26,702,1154,594,233,72,2057,1092,430,109,49,1670,1776,800,177,52,2802,780,404,94,30,1308,314,186,35,8,550,187,157,33,3,387,68,60,16,3,146,9,5,8,0,21,664,492,211,61,1428,168,72,28,14,278,8830,4506,1320,423,15074,114,57,32,6,200,73,36,13,0,118,247,101,22,10,381,299,157,43,9,515,580,233,76,26,917,928,567,155,46,1697,915,568,193,59,1748,1092,483,160,71,1800,2019,894,237,74,3211,1097,604,132,29,1861,559,287,69,6,930,176,129,29,6,337,115,107,23,11,252,64,36,24,0,122,711,538,191,62,1500,157,69,34,15,273,9141,4856,1430,440,15871,130,62,15,10,218,54,18,6,6,77,125,48,7,5,189,207,78,16,6,315,391,168,42,17,613,687,365,97,31,1188
404,92,20,12,0,125,56,29,12,3,98,282,103,28,14,425,410,175,65,22,672,652,414,104,37,1200,413,111,51,26,598,829,330,113,43,1315,758,293,76,40,1163,1260,494,144,31,1935,512,254,60,21,847,213,113,24,12,360,142,78,22,8,246,45,27,13,3,91,9,5,4,5,23,421,294,116,55,890,147,65,28,17,256,6233,2821,862,334,10256,97,33,18,6,157,44,26,5,3,83,193,72,19,14,297,196,119,32,19,361,436,156,48,14,645,509,311,85,24,927,715,247,103,32,1091,827,265,82,32,1199,1427,585,147,47,2200,747,321,90,27,1187,357,238,52,10,656,142,96,28,5,269,78,54,24,8,167,47,26,9,0,85,454,329,112,43,934,142,49,13,14,214,6401,2926,859,301,10483,91,44,15,8,162,41,17,8,0,66,77,33,14,9,129,157,58,27,8,249,281,130,35,17,459,430,201,66,28,724
405,26,11,0,0,44,29,12,4,0,49,121,51,10,9,190,208,94,35,14,349,321,268,94,30,716,130,44,19,11,203,357,156,84,34,633,242,89,50,28,415,309,143,60,17,535,98,53,20,14,188,32,20,12,0,65,25,15,0,0,49,5,8,4,5,16,5,0,0,0,5,148,120,49,18,327,76,14,14,8,110,2133,1096,463,188,3878,23,8,5,4,39,26,9,0,0,37,92,37,14,3,146,106,68,22,15,212,195,92,26,14,332,274,183,60,24,534,268,133,92,28,522,287,123,44,29,484,410,193,68,23,689,193,104,27,12,333,70,35,16,0,123,12,11,8,3,38,17,24,3,0,43,16,6,0,3,27,178,136,65,42,426,45,21,9,5,81,2221,1188,470,201,4073,25,12,5,4,44,17,3,0,0,17,51,18,7,4,80,66,29,12,5,105,160,75,26,9,270,231,141,54,12,441
406,22,13,4,3,37,46,19,5,4,69,149,66,13,7,236,207,101,29,8,344,263,171,82,34,548,138,40,14,15,211,270,125,56,37,490,188,108,30,25,351,272,127,42,25,474,118,46,24,4,195,45,11,6,0,69,34,29,3,0,69,18,4,0,0,21,6,0,4,0,10,129,86,41,22,279,85,27,22,20,157,1981,976,389,210,3554,25,10,10,3,46,22,3,5,0,30,108,47,15,3,170,120,65,22,10,223,172,61,38,10,284,206,155,47,23,433,193,129,58,34,408,207,93,35,30,370,322,142,51,29,537,156,76,25,11,267,86,33,14,10,134,31,14,4,3,50,20,17,5,3,47,16,0,0,0,18,147,93,37,24,300,109,47,18,19,190,1936,996,376,213,3519,44,12,10,4,73,19,4,3,0,20,52,26,10,0,90,79,42,11,6,135,150,58,29,13,249,158,94,39,23,317
407,52,19,9,0,73,88,24,3,0,114,200,97,33,5,341,339,170,44,20,575,600,443,137,48,1224,271,90,33,22,409,622,334,143,85,1185,471,208,74,36,778,555,291,70,43,962,191,94,31,5,324,64,20,6,4,91,30,16,6,0,50,14,7,0,0,28,4,0,0,0,6,249,170,89,58,570,140,57,19,17,221,3884,2040,700,337,6948,41,19,6,0,65,36,16,11,0,57,144,61,26,11,235,183,122,54,11,371,360,179,48,16,607,497,324,110,34,962,490,278,137,57,962,538,223,97,47,898,774,314,106,48,1234,328,155,40,8,527,143,54,27,4,225,43,16,6,6,70,21,17,6,0,42,15,8,0,0,26,261,224,97,34,619,122,41,14,14,197,3983,2051,779,294,7112,46,16,10,3,75,33,8,5,3,49,76,24,10,10,120,122,65,33,6,226,236,116,44,19,407,386,244,79,31,746
497,0,0,0,0,0,0,0,0,0,0,0,0,0,0,0,0,0,0,0,0,0,0,0,0,0,0,0,0,0,0,0,0,0,0,0,0,0,0,0,0,0,0,0,0,0,0,0,0,0,0,0,0,0,0,0,0,0,0,0,0,0,0,0,0,0,0,0,0,0,0,0,0,0,0,0,0,0,0,0,0,0,0,0,0,0,0,0,0,0,0,0,0,0,0,0,0,0,0,0,0,0,0,0,0,0,0,0,0,0,0,0,0,0,0,0,0,0,0,0,0,0,0,0,0,0,0,0,0,0,0,0,0,0,0,0,0,0,0,0,0,0,0,0,0,0,0,0,0,0,0,0,0,0,0,0,0,0,0,0,0,0,0,0,0,0,0,0,0,0,0,0,0,0,0,0,0,0,0,0,0,0,0,0,0,0,0,0,0,0,0,0,0,0,0,0,0,0,0,0,0
499,0,0,0,0,0,0,0,0,0,0,0,0,0,0,0,0,0,0,0,0,0,0,0,0,0,0,0,0,0,0,0,0,0,0,0,0,0,0,0,0,0,0,0,0,0,0,0,0,0,0,0,0,0,0,0,0,0,0,0,0,0,0,0,0,0,0,0,0,0,0,0,0,0,0,0,0,0,0,0,0,0,0,0,0,0,0,0,0,0,0,0,0,0,0,0,0,0,0,0,0,0,0,0,0,0,0,0,0,0,0,0,0,0,0,0,0,0,0,0,0,0,0,0,0,0,0,0,0,0,0,0,0,0,0,0,0,0,0,0,0,0,0,0,0,0,0,0,0,0,0,0,0,0,0,0,0,0,0,0,0,0,0,0,0,0,0,0,0,0,0,0,0,0,0,0,0,0,0,0,0,0,0,0,0,0,0,0,0,0,0,0,0,0,0,0,0,0,0,0,0
501,38,21,9,0,67,44,33,11,0,85,148,66,21,4,246,282,139,48,12,487,472,398,116,37,1027,143,69,25,11,248,444,292,109,50,890,364,171,62,24,623,534,251,77,31,895,258,139,42,4,443,97,41,14,9,160,87,49,13,3,156,42,14,3,0,62,7,0,0,0,7,247,208,104,30,583,88,51,20,9,166,3297,1942,681,233,6149,63,52,16,5,130,27,19,9,5,63,133,66,23,7,234,175,107,25,10,319,317,149,43,19,529,418,319,95,25,870,414,256,118,54,838,418,206,68,43,730,669,371,99,49,1196,335,178,55,24,592,201,105,33,6,341,73,39,5,5,121,58,39,10,3,109,31,15,3,0,49,288,205,103,32,632,66,34,13,10,120,3687,2172,715,286,6865,50,26,13,0,94,25,11,3,7,38,64,30,3,0,100,114,60,20,6,205,198,125,36,12,368,338,211,90,28,662
502,41,7,5,0,57,35,15,9,3,60,99,51,16,6,168,176,67,19,11,280,279,201,96,19,599,82,41,22,11,151,263,150,67,33,513,198,113,45,18,375,266,140,63,24,490,142,74,28,7,254,81,25,6,0,112,52,25,5,4,82,24,13,5,3,41,4,0,0,0,4,125,121,51,26,321,69,22,14,12,111,1935,1063,440,177,3617,62,28,11,0,104,26,16,3,4,51,87,42,9,9,138,114,67,23,6,215,193,75,30,16,311,263,188,62,21,544,226,163,67,37,494,229,117,58,22,436,400,184,70,29,687,209,125,30,12,375,118,65,12,4,204,38,29,11,5,80,42,37,7,0,84,11,6,0,0,29,168,120,58,29,379,53,28,8,0,87,2241,1309,473,194,4217,51,22,9,5,84,19,13,4,0,35,34,20,5,4,65,80,43,11,7,137,141,68,29,12,248,260,195,61,18,537
503,66,43,13,0,129,20,16,0,0,43,70,33,4,0,110,101,43,10,0,144,144,68,20,4,235,79,12,3,5,98,209,71,31,0,317,216,73,29,0,326,436,185,35,12,661,298,128,33,3,470,142,51,16,5,214,285,160,55,9,513,105,47,18,5,176,15,25,7,0,45,208,160,46,20,432,37,10,4,3,50,2441,1130,328,68,3963,90,50,13,0,161,28,23,9,4,63,65,22,7,0,90,66,23,3,5,93,108,29,4,0,146,147,54,15,0,217,191,70,14,7,285,200,83,14,3,295,408,201,55,6,667,326,146,39,3,514,268,123,29,8,430,106,57,15,0,179,155,118,39,4,317,136,76,28,3,243,220,156,70,13,455,31,12,4,0,42,2557,1244,343,54,4198,89,33,7,4,135,27,10,3,0,41,36,12,4,0,56,63,14,5,3,89,99,18,6,0,124,121,59,11,4,194
504,69,42,21,3,133,65,44,10,6,124,199,95,25,11,331,321,132,50,26,530,478,363,138,52,1029,217,79,28,15,340,600,296,120,64,1082,538,255,79,29,905,1099,473,148,51,1779,554,298,72,22,942,267,145,31,6,450,215,132,40,9,397,81,61,12,9,166,17,13,13,6,47,406,314,139,71,934,153,59,28,24,267,5288,2794,964,410,9466,114,81,28,13,230,71,28,5,6,110,176,99,31,12,313,170,132,58,22,383,339,190,51,28,596,469,339,108,41,957,512,240,119,52,924,603,286,98,56,1041,1229,599,179,61,2065,755,362,97,26,1242,482,227,50,15,775,225,110,23,8,367,138,112,31,9,292,62,54,18,5,142,489,311,142,78,1019,119,38,17,17,188,5952,3200,1054,441,10646,131,64,17,16,227,41,19,5,5,72,105,47,16,8,171,142,95,29,15,276,265,123,46,22,456,444,247,96,32,825
505,172,88,32,15,310,144,65,22,8,250,349,171,72,35,626,598,249,92,39,977,996,639,202,68,1905,404,139,63,26,629,1147,619,228,110,2100,1095,539,141,79,1857,2138,971,259,86,3451,1060,652,165,49,1923,612,288,75,17,989,466,336,78,17,887,197,150,44,9,403,40,47,21,3,112,795,684,274,119,1871,219,120,63,37,443,10436,5755,1810,718,18726,226,155,37,19,435,100,79,22,9,209,346,152,43,28,570,354,224,75,30,687,648,293,96,43,1083,937,581,180,82,1783,1006,561,175,85,1826,1135,589,174,82,1971,2333,1187,329,110,3953,1477,765,182,63,2474,985,559,143,36,1726,412,250,53,10,728,309,235,78,20,644,159,106,42,11,312,875,692,258,100,1925,188,97,46,32,355,11484,6518,1923,769,20697,205,113,43,20,375,83,34,8,4,130,162,81,19,7,273,303,153,52,19,537,511,311,71,41,929,882,503,142,51,1578
506,182,83,33,9,309,141,75,21,15,251,358,163,51,27,602,602,303,94,35,1031,973,648,221,77,1918,396,129,73,45,641,1083,560,213,95,1949,961,479,146,61,1654,1900,902,237,96,3136,1023,478,155,40,1689,535,225,63,29,851,398,250,71,17,738,174,121,50,6,354,32,39,23,4,101,784,539,233,113,1670,248,124,60,35,465,9797,5117,1746,718,17368,293,184,63,24,556,119,63,15,11,206,349,177,59,22,598,366,218,60,31,671,612,271,101,33,1020,800,511,227,79,1611,894,464,206,95,1657,1045,491,153,88,1777,2242,1021,290,119,3671,1294,589,150,66,2090,853,416,91,35,1396,370,171,55,20,616,243,210,58,18,530,120,95,37,7,250,760,548,215,101,1627,176,93,32,22,324,10534,5505,1803,773,18615,242,107,37,32,417,68,27,11,7,109,163,79,37,11,281,298,155,53,26,530,507,262,77,40,891,777,443,158,61,1435
507,122,84,29,9,239,120,65,15,5,209,305,132,40,17,495,478,240,74,19,808,831,586,201,55,1669,336,122,43,26,523,876,493,202,83,1655,820,382,121,54,1375,1544,719,193,62,2522,778,451,109,31,1381,373,161,45,10,584,353,221,63,14,654,177,103,24,6,312,29,26,19,4,73,586,476,194,103,1352,220,78,37,19,347,7924,4336,1405,523,14194,202,138,54,15,408,76,39,15,8,138,269,161,46,8,496,307,185,74,22,577,563,259,110,40,969,787,532,166,62,1547,771,455,195,64,1478,861,426,167,81,1531,1760,867,263,93,2983,1053,599,142,32,1818,732,415,94,30,1264,288,154,44,14,503,206,167,46,13,437,133,87,26,3,254,701,533,208,70,1506,176,49,27,13,274,8889,5053,1679,570,16188,175,89,41,14,315,63,35,7,6,118,161,82,24,4,267,270,117,43,18,446,450,210,94,31,776,745,450,160,52,1405
509,47,19,9,3,81,46,26,4,0,76,124,59,23,11,222,233,111,43,24,418,300,281,89,36,707,135,42,17,6,202,342,167,77,61,654,249,117,34,29,432,388,147,54,21,615,148,72,26,4,250,52,28,4,4,88,50,21,15,0,89,17,4,0,0,24,5,0,0,0,5,208,145,58,41,450,88,32,23,27,166,2430,1293,464,273,4461,35,13,10,3,66,24,13,4,0,38,98,44,16,9,163,120,63,23,12,222,209,92,30,15,349,251,207,75,29,558,301,171,82,43,595,281,120,47,34,481,472,175,70,43,765,223,84,29,11,353,138,56,15,3,217,48,15,11,6,74,45,32,6,0,84,31,17,0,3,56,219,135,71,38,462,71,37,12,5,136,2570,1288,507,256,4619,37,18,4,0,58,22,9,0,0,30,38,22,6,3,69,71,38,15,6,121,159,81,39,15,286,217,135,58,28,440
510,27,13,5,3,44,31,17,0,3,52,141,72,32,20,260,104,47,31,18,201,95,67,25,32,219,69,33,19,20,142,103,69,40,30,248,101,55,29,18,205,173,104,39,38,343,109,50,20,14,193,46,16,13,8,79,101,44,9,0,159,58,13,9,6,82,17,11,3,0,36,93,64,58,39,258,60,48,14,19,148,1317,722,359,263,2664,31,14,5,4,59,29,16,4,3,44,112,43,21,10,195,93,55,22,14,188,108,59,35,16,216,86,66,36,22,211,127,54,35,22,249,106,58,23,26,208,174,111,45,35,369,154,83,21,14,271,112,63,29,10,210,52,16,5,3,71,68,20,3,9,102,30,16,5,4,49,102,64,61,61,285,71,37,28,19,152,1450,777,378,268,2873,26,14,5,0,51,12,7,0,0,23,87,43,23,8,159,89,55,35,11,184,98,55,24,17,204,101,47,32,16,199
511,41,11,4,4,62,57,29,8,5,91,129,83,32,6,247,198,102,38,10,356,290,212,83,44,627,117,36,22,10,186,271,164,66,44,543,206,116,41,21,384,352,198,63,29,643,176,82,25,14,295,91,22,4,0,122,74,42,16,8,138,35,20,9,0,62,7,8,4,0,15,186,137,62,56,436,119,70,33,24,251,2337,1328,516,278,4459,41,18,20,3,80,28,17,7,4,51,102,54,19,7,183,128,80,30,10,246,159,86,23,15,283,219,151,67,34,472,229,126,63,29,449,215,101,47,34,395,432,186,67,38,722,224,119,38,16,405,162,84,27,9,279,55,22,0,0,77,50,39,9,4,102,35,15,3,0,53,174,138,62,54,431,97,50,27,18,188,2359,1277,506,289,4429,29,22,9,9,73,24,10,5,0,35,59,38,8,0,108,80,47,20,14,156,141,82,30,6,262,175,116,39,27,352
597,0,0,0,0,0,0,0,0,0,0,0,0,0,0,0,0,0,0,0,0,0,0,0,0,0,0,0,0,0,0,0,0,0,0,0,0,0,0,0,0,0,0,0,0,0,0,0,0,0,0,0,0,0,0,0,0,0,0,0,0,0,0,0,0,0,0,0,0,0,0,0,0,0,0,0,0,0,0,0,0,0,0,0,0,0,0,0,0,0,0,0,0,0,0,0,0,0,0,0,0,0,0,0,0,0,0,0,0,0,0,0,0,0,0,0,0,0,0,0,0,0,0,0,0,0,0,0,0,0,0,0,0,0,0,0,0,0,0,0,0,0,0,0,0,0,0,0,0,0,0,0,0,0,0,0,0,0,0,0,0,0,0,0,0,0,0,0,0,0,0,0,0,0,0,0,0,0,0,0,0,0,0,0,0,0,0,0,0,0,0,0,0,0,0,0,0,0,0,0,0
599,0,0,0,0,0,0,0,0,0,0,0,0,0,0,0,0,0,0,0,0,0,0,0,0,0,0,0,0,0,0,0,0,0,0,0,0,0,0,0,0,0,0,0,0,0,0,0,0,0,0,0,0,0,0,0,0,0,0,0,0,0,0,0,0,0,0,0,0,0,0,0,0,0,0,0,0,0,0,0,0,0,0,0,0,0,0,0,0,0,0,0,0,0,0,0,0,0,0,0,0,0,0,0,0,0,0,0,0,0,0,0,0,0,0,0,0,0,0,0,0,0,0,0,0,0,0,0,0,0,0,0,0,0,0,0,0,0,0,0,0,0,0,0,0,0,0,0,0,0,0,0,0,0,0,0,0,0,0,0,0,0,0,0,0,0,0,0,0,0,0,0,0,0,0,0,0,0,0,0,0,0,0,0,0,0,0,0,0,0,0,0,0,0,0,0,0,0,0,0,0
601,53,27,7,5,90,59,30,3,3,96,241,110,39,13,400,457,200,65,26,750,773,522,195,42,1527,318,106,33,14,466,832,419,196,100,1539,670,337,90,38,1128,1112,473,138,52,1774,473,264,53,16,806,185,92,13,4,300,115,72,26,8,225,38,29,5,0,69,12,0,0,0,13,434,326,127,82,967,153,74,26,18,267,5925,3079,1003,420,10426,44,35,25,5,106,43,7,5,0,55,174,74,14,13,274,232,142,52,18,451,436,175,76,19,712,625,465,147,60,1292,660,353,150,74,1241,736,345,140,58,1289,1330,608,170,65,2177,643,354,73,33,1107,339,186,58,20,602,115,59,5,0,180,79,54,14,6,158,42,18,8,0,65,439,359,139,53,988,108,54,18,13,201,6041,3281,1104,447,10878,79,34,15,5,132,28,14,7,0,51,86,31,8,7,138,163,71,22,3,260,315,156,69,17,557,488,328,125,48,996
602,26,12,0,3,37,40,22,6,5,65,169,82,32,9,291,330,151,38,12,528,510,359,126,44,1036,225,85,32,15,354,526,229,114,58,927,444,135,55,28,656,570,270,80,22,944,197,107,20,9,332,66,31,5,4,104,32,23,8,0,71,17,9,0,0,24,0,0,0,0,0,248,172,81,43,542,82,48,19,10,167,3473,1735,626,255,6092,35,16,8,0,60,30,5,0,0,37,129,56,14,5,208,182,97,39,16,333,258,137,46,8,455,437,287,104,28,857,451,213,107,31,802,415,164,62,41,677,671,286,98,39,1093,270,159,42,11,489,153,78,18,8,245,46,23,10,0,76,28,28,8,4,61,25,5,0,0,30,271,175,82,38,563,82,32,10,7,130,3480,1765,644,233,6117,52,17,7,5,82,27,4,5,0,36,49,27,3,4,90,119,56,15,6,193,196,105,37,13,349,332,233,69,27,666
603,13,5,5,0,17,10,10,0,0,17,37,21,4,0,66,74,38,10,3,124,111,73,28,15,228,48,19,3,0,73,125,39,25,14,208,92,31,17,7,148,114,43,10,3,177,47,16,3,0,68,6,10,0,0,17,5,4,4,0,15,3,0,0,0,6,0,0,0,0,0,49,38,16,14,105,29,6,9,3,43,779,344,129,60,1311,3,5,0,0,9,9,4,0,0,14,30,19,3,0,48,39,26,0,4,67,70,39,15,0,126,102,48,25,6,174,103,45,21,8,179,112,43,3,4,160,150,54,11,13,223,67,23,11,3,104,27,14,0,0,47,9,0,0,0,10,6,0,0,0,6,6,0,0,0,8,62,52,27,11,152,19,13,4,0,28,808,378,125,56,1368,8,5,0,0,14,3,0,0,0,7,15,4,5,0,23,32,12,0,3,49,57,18,7,0,84,87,42,13,6,150
604,28,9,0,5,40,37,9,0,0,44,161,69,18,17,259,283,138,55,25,493,446,332,116,42,942,190,67,22,14,297,377,175,126,51,723,314,112,39,22,491,423,207,63,15,713,149,78,14,5,253,47,17,7,4,76,34,13,0,0,53,15,9,0,0,21,5,3,0,0,7,195,151,57,37,445,89,40,10,8,145,2784,1432,536,240,4994,26,9,8,3,47,19,12,0,0,38,94,42,10,4,151,161,76,24,8,270,262,115,42,16,425,343,242,73,17,674,329,216,97,34,682,381,156,50,34,628,515,232,88,47,883,221,109,28,10,374,81,56,18,5,158,37,12,4,0,60,19,3,6,0,27,12,5,0,0,25,210,162,67,30,470,91,40,15,10,153,2807,1501,536,214,5061,29,12,3,5,54,20,6,0,0,30,49,19,6,0,75,90,50,13,3,152,177,107,31,20,337,291,169,69,25,556
697,0,0,0,0,0,0,0,0,0,0,0,0,0,0,0,0,0,0,0,0,0,0,0,0,0,0,0,0,0,0,0,0,0,0,0,0,0,0,0,0,0,0,0,0,0,0,0,0,0,0,0,0,0,0,0,0,0,0,0,0,0,0,0,0,0,0,0,0,0,0,0,0,0,0,0,0,0,0,0,0,0,0,0,0,0,0,0,0,0,0,0,0,0,0,0,0,0,0,0,0,0,0,0,0,0,0,0,0,0,0,0,0,0,0,0,0,0,0,0,0,0,0,0,0,0,0,0,0,0,0,0,0,0,0,0,0,0,0,0,0,0,0,0,0,0,0,0,0,0,0,0,0,0,0,0,0,0,0,0,0,0,0,0,0,0,0,0,0,0,0,0,0,0,0,0,0,0,0,0,0,0,0,0,0,0,0,0,0,0,0,0,0,0,0,0,0,0,0,0,0
699,0,0,0,0,0,0,0,0,0,0,0,0,0,0,0,0,0,0,0,0,0,0,0,0,0,0,0,0,0,0,0,0,0,0,0,0,0,0,0,0,0,0,0,0,0,0,0,0,0,0,0,0,0,0,0,0,0,0,0,0,0,0,0,0,0,0,0,0,0,0,0,0,0,0,0,0,0,0,0,0,0,0,0,0,0,0,0,0,0,0,0,0,0,0,0,0,0,0,0,0,0,0,0,0,0,0,0,0,0,0,0,0,0,0,0,0,0,0,0,0,0,0,0,0,0,0,0,0,0,0,0,0,0,0,0,0,0,0,0,0,0,0,0,0,0,0,0,0,0,0,0,0,0,0,0,0,0,0,0,0,0,0,0,0,0,0,0,0,0,0,0,0,0,0,0,0,0,0,0,0,0,0,0,0,0,0,0,0,0,0,0,0,0,0,0,0,0,0,0,0
701,36,20,3,5,65,39,19,6,0,69,69,56,16,3,150,127,74,29,18,245,173,132,57,33,395,58,16,20,13,108,213,113,71,25,422,243,116,43,11,407,506,249,87,29,877,351,162,46,10,573,174,67,15,0,255,146,81,25,9,256,50,37,13,5,104,12,6,3,4,22,199,135,77,53,465,88,39,18,12,159,2490,1326,522,233,4569,34,25,7,8,76,24,13,8,0,45,58,20,12,4,91,78,43,17,7,153,121,67,16,14,222,134,98,40,19,290,172,84,43,20,324,218,97,26,28,376,480,239,72,27,821,386,169,46,21,621,304,130,39,14,484,147,47,12,12,217,108,69,26,6,204,62,34,5,7,102,201,148,61,40,448,63,47,15,19,140,2595,1314,450,237,4605,39,22,13,6,79,11,11,4,0,28,52,20,5,0,78,78,49,18,6,150,114,58,26,17,215,155,87,36,31,311
702,31,9,5,7,56,153,89,34,13,290,287,166,77,35,573,188,103,47,27,367,148,89,55,40,331,123,61,36,26,247,147,93,55,49,346,135,71,37,27,269,252,155,64,79,549,118,59,31,34,235,60,22,10,23,112,41,23,13,11,85,22,14,0,5,44,0,3,0,3,12,98,81,59,71,314,98,65,28,27,218,1902,1099,565,472,4037,33,11,6,5,59,86,43,6,3,144,303,140,74,26,539,89,56,31,11,190,148,76,47,22,301,130,77,56,24,284,137,91,34,29,286,131,78,33,42,285,257,143,64,76,536,148,81,46,24,300,105,36,14,13,167,30,22,6,5,59,37,15,5,5,62,14,13,0,0,30,132,100,64,87,387,133,98,40,50,318,1925,1079,524,424,3959,22,10,6,3,34,105,31,15,7,163,312,146,57,37,551,154,84,36,18,289,224,109,54,28,412,146,75,41,30,293
797,0,0,0,0,0,0,0,0,0,0,0,0,0,0,0,0,0,0,0,0,0,0,0,0,0,0,0,0,0,0,0,0,0,0,0,0,0,0,0,0,0,0,0,0,0,0,0,0,0,0,0,0,0,0,0,0,0,0,0,0,0,0,0,0,0,0,0,0,0,0,0,0,0,0,0,0,0,0,0,0,0,0,0,0,0,0,0,0,0,0,0,0,0,0,0,0,0,0,0,0,0,0,0,0,0,0,0,0,0,0,0,0,0,0,0,0,0,0,0,0,0,0,0,0,0,0,0,0,0,0,0,0,0,0,0,0,0,0,0,0,0,0,0,0,0,0,0,0,0,0,0,0,0,0,0,0,0,0,0,0,0,0,0,0,0,0,0,0,0,0,0,0,0,0,0,0,0,0,0,0,0,0,0,0,0,0,0,0,0,0,0,0,0,0,0,0,0,0,0,0
799,0,0,0,0,0,0,0,0,0,0,0,0,0,0,0,0,0,0,0,0,0,0,0,0,0,0,0,0,0,0,0,0,0,0,0,0,0,0,0,0,0,0,0,0,0,0,0,0,0,0,0,0,0,0,0,0,0,0,0,0,0,0,0,0,0,0,0,0,0,0,0,0,0,0,0,0,0,0,0,0,0,0,0,0,0,0,0,0,0,0,0,0,0,0,0,0,0,0,0,0,0,0,0,0,0,0,0,0,0,0,0,0,0,0,0,0,0,0,0,0,0,0,0,0,0,0,0,0,0,0,0,0,0,0,0,0,0,0,0,0,0,0,0,0,0,0,0,0,0,0,0,0,0,0,0,0,0,0,0,0,0,0,0,0,0,0,0,0,0,0,0,0,0,0,0,0,0,0,0,0,0,0,0,0,0,0,0,0,0,0,0,0,0,0,0,0,0,0,0,0
801,56,34,12,6,113,72,31,9,3,114,251,115,35,15,419,358,239,69,20,676,467,322,143,54,987,202,67,36,17,318,597,298,83,70,1052,620,322,82,35,1059,1543,748,214,49,2564,1193,639,131,22,1989,615,251,61,4,925,640,468,108,23,1235,295,178,53,18,539,41,55,23,0,124,572,460,190,59,1291,103,67,22,7,199,7634,4296,1270,404,13604,97,43,11,11,157,59,26,9,0,95,180,91,8,16,300,214,124,56,18,412,327,184,56,20,586,423,255,130,51,857,492,249,95,51,884,562,255,76,44,940,1478,696,176,75,2426,1358,657,181,57,2254,1072,589,114,29,1815,527,196,61,11,791,414,295,80,13,804,193,143,38,13,391,594,493,129,68,1283,86,39,16,10,154,8060,4332,1248,497,14130,105,63,15,17,196,57,18,0,8,85,107,41,18,9,170,152,78,14,17,266,285,132,47,20,478,354,208,87,46,697
897,0,0,0,0,0,0,0,0,0,0,0,0,0,0,0,0,0,0,0,0,0,0,0,0,0,0,0,0,0,0,0,0,0,0,0,0,0,0,0,0,0,0,0,0,0,0,0,0,0,0,0,0,0,0,0,0,0,0,0,0,0,0,0,0,0,0,0,0,0,0,0,0,0,0,0,0,0,0,0,0,0,0,0,0,0,0,0,0,0,0,0,0,0,0,0,0,0,0,0,0,0,0,0,0,0,0,0,0,0,0,0,0,0,0,0,0,0,0,0,0,0,0,0,0,0,0,0,0,0,0,0,0,0,0,0,0,0,0,0,0,0,0,0,0,0,0,0,0,0,0,0,0,0,0,0,0,0,0,0,0,0,0,0,0,0,0,0,0,0,0,0,0,0,0,0,0,0,0,0,0,0,0,0,0,0,0,0,0,0,0,0,0,0,0,0,0,0,0,0,0
899,0,0,0,0,0,0,0,0,0,0,0,0,0,0,0,0,0,0,0,0,0,0,0,0,0,0,0,0,0,0,0,0,0,0,0,0,0,0,0,0,0,0,0,0,0,0,0,0,0,0,0,0,0,0,0,0,0,0,0,0,0,0,0,0,0,0,0,0,0,0,0,0,0,0,0,0,0,0,0,0,0,0,0,0,0,0,0,0,0,0,0,0,0,0,0,0,0,0,0,0,0,0,0,0,0,0,0,0,0,0,0,0,0,0,0,0,0,0,0,0,0,0,0,0,0,0,0,0,0,0,0,0,0,0,0,0,0,0,0,0,0,0,0,0,0,0,0,0,0,0,0,0,0,0,0,0,0,0,0,0,0,0,0,0,0,0,0,0,0,0,0,0,0,0,0,0,0,0,0,0,0,0,0,0,0,0,0,0,0,0,0,0,0,0,0,0,0,0,0,0
901,0,0,0,0,0,0,0,0,0,0,0,0,0,0,0,0,4,0,0,5,0,0,0,0,3,3,0,0,0,3,0,0,0,0,7,3,0,0,0,9,4,11,0,0,19,4,0,0,0,4,4,0,0,0,4,0,3,0,0,4,3,0,0,0,3,0,0,0,0,0,0,5,5,0,9,0,0,0,0,0,35,28,3,4,76,0,5,0,0,5,0,0,0,0,0,0,0,0,0,3,3,0,0,0,5,0,0,0,0,4,8,0,0,0,7,5,0,0,0,10,11,4,0,0,14,14,6,0,0,25,14,4,0,0,18,6,3,3,0,14,3,0,0,0,4,0,3,0,0,9,0,0,0,0,0,14,3,0,4,22,4,7,0,4,15,90,43,10,12,147,0,0,0,0,0,0,0,0,0,0,0,0,0,0,0,9,0,0,0,5,8,0,0,0,6,0,0,0,0,4
997,0,0,0,0,0,0,0,0,0,0,0,0,0,0,0,0,0,0,0,0,0,0,0,0,0,0,0,0,0,0,0,0,0,0,0,0,0,0,0,0,0,0,0,0,0,0,0,0,0,0,0,0,0,0,0,0,0,0,0,0,0,0,0,0,0,0,0,0,0,0,0,0,0,0,0,0,0,0,0,0,0,0,0,0,0,0,0,0,0,0,0,0,0,0,0,0,0,0,0,0,0,0,0,0,0,0,0,0,0,0,0,0,0,0,0,0,0,0,0,0,0,0,0,0,0,0,0,0,0,0,0,0,0,0,0,0,0,0,0,0,0,0,0,0,0,0,0,0,0,0,0,0,0,0,0,0,0,0,0,0,0,0,0,0,0,0,0,0,0,0,0,0,0,0,0,0,0,0,0,0,0,0,0,0,0,0,0,0,0,0,0,0,0,0,0,0,0,0,0,0
999,0,0,0,0,0,0,0,0,0,0,0,0,0,0,0,0,0,0,0,0,0,0,0,0,0,0,0,0,0,0,0,0,0,0,0,0,0,0,0,0,0,0,0,0,0,0,0,0,0,0,0,0,0,0,0,0,0,0,0,0,0,0,0,0,0,0,0,0,0,0,0,0,0,0,0,0,0,0,0,0,0,0,0,0,0,0,0,0,0,0,0,0,0,0,0,0,0,0,0,0,0,0,0,0,0,0,0,0,0,0,0,0,0,0,0,0,0,0,0,0,0,0,0,0,0,0,0,0,0,0,0,0,0,0,0,0,0,0,0,0,0,0,0,0,0,0,0,0,0,0,0,0,0,0,0,0,0,0,0,0,0,0,0,0,0,0,0,0,0,0,0,0,0,0,0,0,0,0,0,0,0,0,0,0,0,0,0,0,0,0,0,0,0,0,0,0,0,0,0,0
