SA4_CODE_2021,Age_19_C11_P,Age_19_C16_M,Age_19_C16_F,Age_19_C16_P,Age_19_C21_M,Age_19_C21_F,Age_19_C21_P,Age_15_19_C11_M,Age_15_19_C11_F,Age_15_19_C11_P,Age_15_19_C16_M,Age_15_19_C16_F,Age_15_19_C16_P,Age_15_19_C21_M,Age_15_19_C21_F,Age_15_19_C21_P,Age_20_C11_M,Age_20_C11_F,Age_20_C11_P,Age_20_C16_M,Age_20_C16_F,Age_20_C16_P,Age_20_C21_M,Age_20_C21_F,Age_20_C21_P,Age_21_C11_M,Age_21_C11_F,Age_21_C11_P,Age_21_C16_M,Age_21_C16_F,Age_21_C16_P,Age_21_C21_M,Age_21_C21_F,Age_21_C21_P,Age_22_C11_M,Age_22_C11_F,Age_22_C11_P,Age_22_C16_M,Age_22_C16_F,Age_22_C16_P,Age_22_C21_M,Age_22_C21_F,Age_22_C21_P,Age_23_C11_M,Age_23_C11_F,Age_23_C11_P,Age_23_C16_M,Age_23_C16_F,Age_23_C16_P,Age_23_C21_M,Age_23_C21_F,Age_23_C21_P,Age_24_C11_M,Age_24_C11_F,Age_24_C11_P,Age_24_C16_M,Age_24_C16_F,Age_24_C16_P,Age_24_C21_M,Age_24_C21_F,Age_24_C21_P,Age_20_24_C11_M,Age_20_24_C11_F,Age_20_24_C11_P,Age_20_24_C16_M,Age_20_24_C16_F,Age_20_24_C16_P,Age_20_24_C21_M,Age_20_24_C21_F,Age_20_24_C21_P,Age_25_C11_M,Age_25_C11_F,Age_25_C11_P,Age_25_C16_M,Age_25_C16_F,Age_25_C16_P,Age_25_C21_M,Age_25_C21_F,Age_25_C21_P,Age_26_C11_M,Age_26_C11_F,Age_26_C11_P,Age_26_C16_M,Age_26_C16_F,Age_26_C16_P,Age_26_C21_M,Age_26_C21_F,Age_26_C21_P,Age_27_C11_M,Age_27_C11_F,Age_27_C11_P,Age_27_C16_M,Age_27_C16_F,Age_27_C16_P,Age_27_C21_M,Age_27_C21_F,Age_27_C21_P,Age_28_C11_M,Age_28_C11_F,Age_28_C11_P,Age_28_C16_M,Age_28_C16_F,Age_28_C16_P,Age_28_C21_M,Age_28_C21_F,Age_28_C21_P,Age_29_C11_M,Age_29_C11_F,Age_29_C11_P,Age_29_C16_M,Age_29_C16_F,Age_29_C16_P,Age_29_C21_M,Age_29_C21_F,Age_29_C21_P,Age_25_29_C11_M,Age_25_29_C11_F,Age_25_29_C11_P,Age_25_29_C16_M,Age_25_29_C16_F,Age_25_29_C16_P,Age_25_29_C21_M,Age_25_29_C21_F,Age_25_29_C21_P,Age_30_C11_M,Age_30_C11_F,Age_30_C11_P,Age_30_C16_M,Age_30_C16_F,Age_30_C16_P,Age_30_C21_M,Age_30_C21_F,Age_30_C21_P,Age_31_C11_M,Age_31_C11_F,Age_31_C11_P,Age_31_C16_M,Age_31_C16_F,Age_31_C16_P,Age_31_C21_M,Age_31_C21_F,Age_31_C21_P,Age_32_C11_M,Age_32_C11_F,Age_32_C11_P,Age_32_C16_M,Age_32_C16_F,Age_32_C16_P,Age_32_C21_M,Age_32_C21_F,Age_32_C21_P,Age_33_C11_M,Age_33_C11_F,Age_33_C11_P,Age_33_C16_M,Age_33_C16_F,Age_33_C16_P,Age_33_C21_M,Age_33_C21_F,Age_33_C21_P,Age_34_C11_M,Age_34_C11_F,Age_34_C11_P,Age_34_C16_M,Age_34_C16_F,Age_34_C16_P,Age_34_C21_M,Age_34_C21_F,Age_34_C21_P,Age_30_34_C11_M,Age_30_34_C11_F,Age_30_34_C11_P,Age_30_34_C16_M,Age_30_34_C16_F,Age_30_34_C16_P,Age_30_34_C21_M,Age_30_34_C21_F,Age_30_34_C21_P,Age_35_C11_M,Age_35_C11_F,Age_35_C11_P,Age_35_C16_M,Age_35_C16_F,Age_35_C16_P,Age_35_C21_M,Age_35_C21_F,Age_35_C21_P,Age_36_C11_M,Age_36_C11_F,Age_36_C11_P,Age_36_C16_M,Age_36_C16_F,Age_36_C16_P,Age_36_C21_M,Age_36_C21_F,Age_36_C21_P,Age_37_C11_M,Age_37_C11_F,Age_37_C11_P,Age_37_C16_M
101,2103,1138,1046,2181,1135,1035,2170,6949,6326,13272,6491,6167,12657,6696,6085,12785,1072,965,2036,1115,975,2090,1111,1014,2126,1008,945,1953,1065,934,2002,1104,1032,2132,943,925,1872,1063,1038,2098,1201,1052,2255,997,906,1904,1039,1028,2071,1114,1044,2157,962,902,1855,1059,1038,2099,1146,1062,2206,4979,4644,9626,5342,5021,10367,5678,5199,10876,1002,983,1987,1052,1054,2105,1228,1097,2324,1008,917,1924,1072,1085,2156,1237,1236,2471,942,984,1930,1069,1118,2182,1244,1240,2485,962,1013,1971,1122,1085,2206,1323,1402,2720,983,1012,1996,1059,1084,2144,1354,1410,2765,4897,4917,9810,5374,5425,10804,6388,6386,12766,953,1076,2027,1156,1222,2379,1408,1404,2814,942,1017,1962,1166,1142,2307,1404,1469,2880,966,1119,2089,1120,1135,2253,1334,1474,2810,1017,1076,2095,1083,1171,2247,1371,1359,2733,993,1159,2155,1146,1202,2341,1348,1406,2752,4873,5456,10326,5667,5870,11538,6872,7116,13984,1177,1137,2314,1166,1212,2375,1408,1426,2839,1242,1232,2479,1103,1143,2242,1388,1415,2806,1227,1302,2525,1081
102,3930,1967,1866,3836,1984,1743,3727,10912,10161,21072,10118,9809,19930,10523,9754,20276,1906,1851,3754,1947,1778,3731,1925,1842,3770,1925,1704,3621,1982,1778,3757,1889,1858,3751,1719,1598,3325,1832,1816,3649,1854,1795,3647,1613,1605,3221,1751,1760,3512,1835,1831,3666,1566,1689,3257,1747,1775,3523,1873,1778,3656,8734,8444,17178,9264,8911,18169,9383,9107,18486,1592,1653,3249,1770,1756,3525,1844,1763,3606,1574,1559,3131,1740,1683,3425,1891,1782,3677,1483,1627,3111,1670,1683,3352,1866,1872,3734,1580,1642,3219,1669,1766,3433,1799,1943,3740,1536,1688,3223,1649,1813,3462,1838,1963,3801,7767,8166,15931,8495,8700,17196,9235,9314,18552,1530,1714,3250,1733,1846,3580,1868,1998,3864,1557,1651,3213,1745,1841,3585,1912,1963,3871,1578,1733,3316,1782,1853,3637,1903,2020,3924,1562,1732,3289,1784,1888,3679,1842,2054,3896,1631,1711,3342,1701,1902,3604,1865,2151,4013,7861,8547,16411,8750,9332,18078,9385,10187,19570,1609,1819,3429,1866,1958,3825,1944,2138,4072,1747,1955,3694,1794,1855,3649,1963,2093,4056,1941,2012,3949,1748
103,2431,1205,1216,2418,1138,1052,2192,6903,6579,13480,6690,6400,13088,6682,6010,12689,1335,1210,2549,1230,1157,2391,1183,1046,2230,1247,1135,2382,1253,1143,2394,1154,1058,2215,1183,1050,2230,1220,1110,2331,1102,1008,2108,1095,1002,2102,1128,1041,2172,1157,1087,2243,1094,1082,2180,1142,1132,2270,1210,1157,2364,5957,5478,11440,5978,5586,11563,5806,5354,11161,1033,1036,2069,1178,1129,2308,1138,1106,2244,1010,1061,2068,1169,1157,2326,1219,1215,2435,1090,1034,2132,1171,1152,2320,1209,1242,2446,1002,1078,2086,1153,1103,2253,1181,1251,2432,1041,991,2031,1135,1136,2271,1255,1307,2558,5188,5204,10385,5808,5674,11479,6000,6114,12117,1069,1056,2125,1150,1161,2312,1229,1353,2580,1019,1031,2050,1152,1165,2311,1266,1331,2599,986,1032,2013,1185,1175,2359,1309,1252,2562,992,1072,2067,1121,1191,2312,1236,1245,2486,1045,1052,2091,1173,1150,2323,1232,1286,2519,5115,5238,10348,5778,5846,11619,6267,6473,12743,1042,1102,2151,1152,1162,2311,1297,1299,2597,1088,1195,2287,1098,1120,2217,1275,1288,2558,1167,1240,2409,1092
104,1392,750,594,1346,709,636,1351,4484,4246,8729,4153,3864,8020,4101,3849,7950,633,666,1293,624,576,1199,658,604,1261,678,661,1338,614,592,1206,665,615,1282,621,596,1214,656,587,1239,651,596,1242,545,524,1076,649,613,1260,653,649,1307,547,558,1105,634,598,1229,663,612,1280,3020,3000,6026,3175,2962,6137,3291,3073,6369,556,559,1110,594,631,1224,609,712,1324,495,545,1030,649,675,1322,733,663,1392,523,589,1111,602,617,1215,694,689,1389,565,566,1134,640,655,1295,767,797,1554,578,590,1164,588,651,1235,728,724,1451,2711,2848,5557,3074,3223,6302,3533,3580,7112,532,637,1168,644,630,1269,804,796,1604,546,568,1118,545,662,1202,778,856,1631,528,586,1117,620,678,1299,764,822,1591,547,609,1153,668,669,1339,780,801,1581,580,665,1247,667,672,1339,759,757,1516,2732,3076,5801,3141,3308,6454,3879,4038,7919,616,646,1262,606,747,1360,829,803,1630,652,706,1361,647,710,1357,729,838,1567,695,772,1470,595
105,1341,683,577,1255,669,594,1267,3881,3578,7462,3336,3171,6504,3408,3133,6541,634,624,1254,617,588,1206,609,564,1170,639,649,1292,604,629,1229,601,511,1116,643,617,1260,646,577,1228,547,613,1164,596,654,1257,687,680,1375,608,592,1200,596,645,1241,716,707,1425,666,663,1333,3103,3193,6300,3274,3181,6453,3038,2945,5979,623,670,1292,705,759,1460,699,752,1455,656,654,1314,713,790,1508,727,818,1542,623,633,1257,721,708,1430,746,769,1517,627,669,1295,644,746,1391,801,763,1563,576,637,1210,719,682,1399,819,877,1694,3108,3262,6367,3506,3676,7185,3800,3975,7776,590,637,1226,698,726,1422,797,833,1627,553,616,1173,677,739,1413,788,853,1643,554,642,1195,656,715,1367,766,753,1516,530,602,1135,640,694,1335,713,774,1484,594,627,1222,646,635,1284,718,725,1445,2825,3127,5946,3319,3508,6822,3780,3935,7714,626,643,1270,647,627,1276,737,729,1465,612,651,1264,611,599,1208,680,754,1431,621,635,1259,575
106,3077,1545,1455,3003,1744,1534,3278,8482,8162,16635,8417,7994,16410,9202,8383,17584,1544,1406,2947,1494,1403,2899,1713,1548,3258,1546,1361,2901,1549,1459,3002,1704,1556,3260,1414,1342,2749,1592,1477,3062,1606,1617,3226,1400,1344,2744,1480,1573,3048,1658,1581,3240,1462,1417,2874,1550,1525,3074,1650,1553,3199,7358,6861,14225,7648,7438,15088,8325,7855,16178,1402,1388,2794,1541,1564,3096,1654,1589,3239,1380,1428,2805,1540,1625,3160,1767,1678,3442,1424,1413,2837,1524,1510,3033,1792,1799,3592,1445,1400,2842,1522,1605,3130,1748,1905,3646,1363,1390,2754,1562,1614,3176,1893,1943,3839,7013,7016,14024,7691,7910,15598,8854,8912,17758,1487,1474,2960,1538,1602,3143,1862,1930,3791,1417,1425,2843,1553,1644,3204,1904,1943,3845,1389,1339,2731,1582,1650,3235,1813,1868,3684,1398,1407,2801,1578,1630,3209,1813,1858,3670,1486,1455,2942,1576,1642,3221,1845,1912,3766,7176,7104,14282,7831,8173,16004,9244,9514,18755,1392,1557,2943,1621,1588,3207,1791,1858,3653,1553,1512,3063,1487,1550,3036,1848,1884,3729,1487,1606,3092,1543
107,4018,2111,2066,4182,2094,2192,4280,9816,9203,19019,9717,9259,18980,9703,9419,19124,2052,2023,4080,2164,2066,4226,2186,2047,4230,2166,1971,4139,2215,2212,4427,2132,2205,4340,1937,1843,3777,2168,2007,4174,2183,2203,4387,1871,1760,3635,2173,1850,4027,2168,2051,4216,1847,1709,3557,2144,1861,4000,2169,1986,4153,9873,9313,19186,10866,9989,20857,10836,10487,21328,1802,1690,3496,2004,1843,3845,2163,1973,4134,1799,1694,3491,1913,1833,3743,2075,2042,4122,1607,1689,3294,1828,1719,3550,2020,1972,3991,1660,1688,3347,1666,1761,3429,2051,1903,3948,1696,1552,3245,1723,1806,3527,1984,2004,3991,8565,8311,16876,9135,8963,18102,10288,9903,20186,1573,1594,3171,1771,1823,3593,1985,2044,4024,1571,1624,3198,1776,1815,3596,1961,2083,4046,1619,1616,3233,1682,1829,3514,1925,1993,3920,1596,1656,3251,1774,1838,3607,1877,2023,3899,1649,1644,3297,1733,1761,3492,1881,2045,3921,8010,8138,16147,8735,9061,17794,9618,10197,19809,1639,1670,3310,1756,1788,3544,1901,2092,3990,1689,1826,3515,1683,1781,3469,1993,2056,4050,1768,1880,3652,1710
108,1836,963,909,1874,1059,1043,2102,6304,5943,12249,5993,5707,11697,6267,5942,12206,911,774,1685,900,825,1723,1023,956,1976,856,795,1655,901,840,1738,972,973,1942,795,738,1538,837,830,1661,981,871,1853,708,756,1464,831,866,1693,902,882,1789,716,789,1499,866,836,1702,953,841,1798,3986,3847,7834,4326,4198,8520,4835,4529,9356,695,682,1379,864,872,1726,885,935,1815,694,733,1430,857,895,1753,928,997,1929,695,774,1471,871,841,1712,981,964,1946,705,795,1500,811,897,1707,923,996,1918,748,797,1548,736,930,1665,1036,994,2024,3541,3791,7326,4134,4434,8567,4750,4878,9633,753,785,1540,849,864,1713,935,1037,1972,756,805,1563,782,837,1617,1029,1020,2046,729,875,1599,808,928,1738,982,1092,2077,767,862,1629,843,965,1810,975,1085,2061,801,866,1661,877,952,1829,879,1103,1984,3805,4190,7991,4160,4542,8698,4804,5338,10145,851,910,1761,858,945,1804,1010,1085,2101,902,1000,1899,874,942,1817,980,1076,2050,963,1110,2076,864
109,1390,709,621,1334,583,626,1215,3958,3639,7594,3509,3394,6901,3602,3485,7090,629,684,1317,622,652,1275,619,567,1187,592,630,1217,661,656,1322,584,582,1168,584,561,1148,640,614,1251,642,655,1291,568,597,1167,648,586,1232,604,634,1237,559,550,1106,614,616,1230,703,634,1338,2934,3026,5950,3190,3125,6311,3152,3073,6222,535,555,1095,596,651,1250,640,650,1293,566,558,1125,551,632,1185,676,679,1353,560,596,1157,599,625,1223,754,691,1440,541,560,1107,642,610,1252,731,694,1429,559,599,1155,573,597,1173,713,652,1363,2761,2878,5638,2968,3114,6084,3517,3361,6878,543,535,1081,586,646,1236,623,773,1398,550,532,1086,592,618,1209,639,719,1364,573,607,1180,628,632,1258,662,711,1369,563,592,1149,646,646,1293,636,670,1301,534,606,1143,632,698,1333,659,707,1370,2762,2874,5636,3086,3247,6333,3224,3582,6805,583,611,1194,598,640,1243,669,732,1403,588,595,1183,554,588,1137,664,697,1362,624,671,1297,622
110,2278,1144,1059,2205,1055,1068,2119,6203,6021,12227,5988,5605,11590,5771,5790,11556,1114,1125,2235,1051,1127,2178,1017,1016,2039,1144,1062,2209,1095,1063,2157,1061,959,2021,964,1030,2001,1007,1018,2028,1044,1015,2055,943,950,1889,1069,1067,2138,1018,1020,2041,932,959,1893,1010,990,2005,1031,1033,2062,5098,5125,10222,5238,5277,10510,5172,5044,10211,938,906,1840,1022,1055,2075,1054,1067,2119,950,969,1913,1026,1062,2085,1091,1114,2203,870,877,1748,978,1044,2024,1065,1144,2209,899,966,1860,970,1019,1990,1073,1123,2196,869,934,1803,977,1082,2059,1126,1145,2270,4518,4650,9166,4967,5255,10226,5406,5583,10994,905,997,1900,1062,1029,2089,1062,1180,2234,899,955,1854,1052,1037,2090,1131,1177,2312,839,961,1797,958,991,1950,1018,1118,2130,879,915,1790,918,1071,1991,1008,1091,2098,892,945,1829,882,985,1871,1021,1152,2173,4406,4774,9174,4877,5106,9986,5240,5716,10960,893,983,1875,909,1068,1978,1044,1113,2159,959,1003,1965,963,1009,1976,1067,1098,2168,964,1022,1989,896
111,4826,2400,2297,4694,2459,2395,4850,11492,10859,22354,11058,10368,21426,11440,11018,22461,2488,2593,5084,2493,2543,5034,2710,2585,5296,2564,2513,5074,2582,2530,5110,2701,2697,5399,2389,2375,4763,2600,2551,5151,2699,2574,5275,2292,2272,4567,2455,2352,4806,2672,2562,5235,2316,2206,4517,2494,2308,4800,2608,2598,5210,12048,11963,24009,12627,12282,24905,13392,13019,26409,2252,2140,4395,2392,2312,4699,2650,2599,5247,2288,2253,4543,2441,2316,4762,2616,2549,5165,2155,2122,4277,2194,2400,4598,2614,2670,5282,2168,2192,4360,2277,2254,4534,2624,2600,5222,2155,2132,4287,2330,2346,4677,2547,2595,5143,11017,10843,21860,11635,11632,23264,13050,13017,26063,2159,2076,4236,2263,2245,4503,2622,2629,5252,1999,2114,4112,2356,2404,4759,2606,2651,5257,1961,2008,3971,2303,2357,4657,2491,2671,5161,2028,1999,4025,2248,2286,4531,2518,2606,5129,1960,2063,4018,2342,2281,4622,2513,2624,5138,10105,10261,20365,11509,11570,23078,12743,13188,25934,1974,2075,4050,2107,2289,4396,2473,2560,5032,2029,2091,4118,2163,2259,4422,2540,2628,5171,2260,2224,4481,2045
112,2443,1165,1074,2237,1190,1190,2380,7441,6943,14379,7039,6737,13777,7067,6668,13741,1199,1096,2293,1151,1100,2253,1183,1121,2308,1132,1045,2178,1075,1071,2148,1171,1146,2320,1072,1061,2136,1153,995,2145,1151,1149,2306,1006,1004,2009,976,985,1963,1099,1063,2160,948,914,1859,1044,1036,2081,1083,1102,2185,5356,5116,10474,5399,5189,10589,5689,5582,11273,912,950,1863,1013,980,1991,1132,1139,2269,929,969,1900,1001,1024,2027,1107,1205,2317,957,1010,1962,1006,1111,2115,1185,1195,2382,1026,1088,2112,1001,1097,2098,1159,1293,2448,995,1032,2030,1051,1110,2160,1214,1394,2609,4822,5042,9867,5069,5317,10392,5796,6230,12025,981,1083,2068,979,1185,2167,1263,1427,2689,998,1080,2083,1107,1183,2292,1276,1460,2736,1022,1140,2156,1143,1269,2420,1279,1448,2726,1020,1174,2192,1212,1228,2438,1235,1479,2712,1113,1302,2412,1158,1339,2497,1347,1529,2873,5137,5772,10910,5601,6213,11815,6401,7340,13736,1119,1267,2388,1160,1323,2486,1383,1502,2881,1227,1327,2551,1200,1303,2507,1411,1524,2931,1214,1394,2613,1214
113,2146,1017,882,1900,1077,911,1989,5568,5229,10798,5284,4858,10149,5390,5079,10463,1071,1024,2099,1000,920,1924,1094,987,2079,1079,1021,2097,962,960,1919,1022,964,1981,959,959,1922,974,984,1955,989,982,1972,882,859,1740,1017,1002,2015,949,979,1934,958,899,1860,992,950,1946,1049,1017,2063,4955,4766,9719,4940,4823,9763,5102,4933,10028,886,893,1782,995,1009,2003,994,985,1978,860,889,1744,1015,978,1995,1032,1043,2073,844,868,1711,939,942,1874,1083,1046,2135,857,870,1724,895,920,1815,1088,1075,2162,849,881,1732,999,922,1922,1116,1028,2149,4299,4394,8696,4843,4776,9613,5313,5179,10493,823,838,1661,1027,999,2027,1041,1098,2145,862,803,1660,949,952,1898,1159,1047,2204,835,830,1665,871,935,1803,1034,1050,2081,823,838,1657,907,907,1814,978,1025,2000,825,846,1666,908,912,1823,1043,994,2038,4159,4151,8315,4664,4700,9360,5257,5213,10470,831,877,1706,883,927,1807,1027,1007,2040,836,844,1675,919,852,1770,1014,1048,2061,977,986,1959,868
114,1376,722,638,1359,814,658,1473,4436,4232,8669,4147,4178,8324,4342,4072,8411,710,680,1395,677,612,1292,744,654,1394,683,569,1256,739,607,1345,705,655,1357,613,586,1200,668,605,1268,716,645,1364,592,550,1140,682,610,1289,723,672,1392,603,510,1114,690,620,1313,720,673,1390,3200,2906,6105,3460,3047,6507,3604,3294,6898,545,541,1082,677,655,1339,673,665,1342,541,530,1075,683,623,1305,808,753,1562,519,537,1050,612,671,1281,743,732,1480,565,539,1102,629,647,1277,795,759,1559,535,542,1076,684,630,1319,819,761,1578,2697,2689,5390,3291,3231,6520,3839,3681,7515,528,565,1086,659,679,1338,806,849,1655,560,551,1107,668,632,1307,812,805,1620,572,553,1120,650,655,1308,725,849,1582,542,670,1218,713,720,1432,842,873,1712,568,622,1195,688,688,1374,857,814,1668,2761,2967,5731,3374,3375,6753,4043,4191,8234,613,700,1316,677,730,1406,797,819,1617,652,689,1341,678,664,1335,774,836,1609,699,739,1441,658
115,3054,1632,1527,3159,1827,1636,3467,8402,7761,16165,8629,7994,16625,9541,8733,18272,1536,1511,3052,1646,1507,3152,1797,1641,3439,1497,1380,2873,1571,1474,3046,1715,1576,3293,1427,1337,2763,1405,1348,2755,1719,1467,3190,1312,1270,2581,1409,1308,2713,1532,1427,2958,1188,1147,2326,1352,1152,2500,1505,1301,2808,6956,6642,13601,7379,6791,14168,8268,7423,15695,1078,965,2046,1235,1176,2415,1375,1294,2672,1021,1024,2047,1183,1046,2231,1350,1199,2546,1004,947,1953,1142,1072,2218,1165,1101,2263,934,922,1847,1044,1063,2112,1198,1116,2308,902,993,1895,1017,1003,2018,1144,1156,2305,4944,4847,9792,5619,5368,10988,6231,5867,12093,946,1025,1968,1000,1112,2119,1198,1261,2461,983,1026,2012,994,1117,2116,1248,1308,2551,972,1116,2082,1145,1242,2388,1243,1478,2725,1105,1241,2350,1209,1382,2593,1314,1576,2890,1094,1333,2427,1256,1506,2757,1410,1752,3164,5092,5741,10840,5606,6363,11971,6407,7375,13785,1198,1359,2563,1306,1521,2830,1514,1744,3261,1298,1451,2748,1301,1487,2794,1640,1920,3562,1391,1533,2923,1363
116,4188,2434,2281,4720,2518,2273,4789,11205,10726,21934,12135,11286,23419,12713,11798,24508,2209,2054,4265,2392,2248,4639,2654,2569,5225,2105,2113,4221,2478,2195,4670,2924,2549,5477,2120,1972,4090,2334,2184,4514,2757,2490,5251,2075,1967,4043,2282,2252,4528,2797,2445,5245,2027,2064,4097,2371,2240,4610,2872,2619,5489,10544,10166,20707,11861,11114,22970,14003,12680,26679,2140,2206,4343,2346,2347,4690,2902,2660,5561,2205,2273,4479,2326,2462,4787,2925,2748,5666,2210,2379,4594,2382,2491,4873,2840,2731,5572,2208,2435,4645,2414,2455,4862,2835,2872,5703,2220,2485,4707,2404,2760,5166,2754,3003,5760,10986,11782,22771,11875,12515,24386,14254,14015,28266,2329,2548,4874,2544,2846,5393,2836,3167,5998,2398,2429,4823,2679,2858,5538,2906,3222,6130,2388,2546,4932,2796,3042,5838,2922,3392,6314,2321,2457,4777,2793,3069,5864,3080,3472,6553,2350,2452,4800,2806,2899,5712,3244,3713,6957,11786,12429,24213,13626,14711,28333,14985,16969,31950,2298,2389,4684,2907,2948,5856,3557,3894,7450,2336,2334,4662,2947,2726,5670,3598,3789,7386,2317,2364,4676,2690
117,3663,2421,2754,5174,1486,1647,3135,4936,5203,10139,6193,6880,13073,4990,5183,10170,2011,2385,4397,2730,3018,5751,2202,2259,4456,2338,2529,4864,2852,3086,5932,2524,2800,5320,2692,2895,5584,3238,3848,7086,2815,3160,5973,3119,3312,6430,4052,4728,8781,3465,3562,7029,3333,3486,6818,4534,5108,9642,4129,4251,8371,13492,14604,28100,17401,19790,37189,15119,16034,31157,3705,3740,7450,4778,4962,9740,4336,4544,8877,3913,3810,7730,5043,5211,10256,4573,4875,9452,3926,4081,8005,5121,4977,10098,4884,4995,9882,4081,4029,8105,4925,4930,9859,5182,4849,10031,4200,3860,8061,4797,4472,9271,5132,5064,10191,19832,19521,39349,24661,24554,49214,24105,24324,48428,4185,3898,8084,4731,4556,9282,5369,5125,10494,3811,3444,7254,4726,4315,9038,5182,4848,10027,3656,3273,6927,4598,4156,8757,5064,4615,9677,3307,2945,6251,4200,3958,8154,4700,4324,9026,3106,2766,5874,4077,3552,7626,4322,3848,8169,18064,16323,34388,22334,20529,42860,24632,22757,47387,2989,2576,5572,3743,3319,7066,4112,3655,7769,2855,2480,5335,3414,2989,6407,3963,3440,7402,2895,2348,5243,3031
118,3156,1769,1742,3508,1328,1203,2535,6126,5821,11952,6737,6634,13372,6387,6050,12440,1853,1908,3764,1972,1927,3897,1424,1373,2796,1998,2066,4060,1962,2060,4022,1466,1503,2966,2087,2042,4134,1988,2123,4115,1500,1592,3097,2028,2256,4287,2399,2413,4806,1611,1828,3444,2088,2177,4263,2578,2580,5155,1704,2076,3780,10060,10450,20506,10894,11102,22001,7711,8369,16077,2216,2456,4669,2516,2680,5190,1947,2274,4216,2378,2608,4987,2554,2840,5390,2131,2570,4698,2548,2663,5212,2477,2763,5235,2261,2686,4940,2554,2761,5320,2617,2923,5542,2422,2746,5173,2604,2720,5320,2502,2792,5292,2561,2884,5449,12305,13208,25511,12657,13986,26644,11320,13153,24477,2675,2651,5324,2594,2867,5462,2611,2913,5528,2494,2687,5187,2601,2873,5472,2518,2791,5306,2464,2530,4988,2639,2731,5374,2544,2691,5242,2349,2439,4785,2479,2718,5196,2448,2567,5014,2343,2375,4709,2495,2523,5010,2266,2500,4767,12320,12680,25000,12815,13707,26517,12388,13472,25855,2268,2262,4532,2480,2485,4960,2224,2353,4574,2157,2281,4436,2224,2339,4564,2114,2364,4481,2187,2163,4347,2240
119,6468,3837,3616,7449,3527,3232,6763,16741,15481,32220,17552,16728,34283,17534,16132,33668,3448,3360,6813,4050,3779,7835,4025,3662,7685,3574,3482,7053,4128,3837,7968,4571,3976,8555,3758,3559,7310,4272,3918,8188,4655,4164,8818,3754,3687,7441,4402,4275,8679,4514,4142,8657,3773,3808,7585,4466,4454,8923,4642,4376,9015,18309,17891,36199,21323,20262,41583,22407,20323,42735,3889,3870,7759,4736,4659,9396,4889,4557,9443,3992,4160,8150,4777,4925,9704,5071,4629,9695,4051,4174,8226,4964,4857,9819,5044,4734,9782,4159,4335,8496,4783,4890,9670,5020,4665,9686,4078,4282,8360,4725,4787,9512,4896,4837,9735,20168,20820,40985,23985,24120,48101,24916,23416,48332,4192,4234,8428,4743,4801,9547,4946,4924,9870,3984,4054,8038,4648,4670,9316,5024,4877,9907,3868,3850,7713,4734,4631,9366,4862,4863,9729,3762,3818,7573,4714,4773,9493,4636,4767,9407,3681,3792,7472,4538,4378,8918,4667,4571,9246,19487,19740,39226,23378,23259,46635,24141,24007,48148,3688,3734,7422,4448,4268,8718,4710,4562,9274,3694,3814,7509,4270,4135,8400,4699,4538,9241,3674,3840,7507,3841
120,2853,1656,1593,3246,1466,1389,2856,6480,6336,12817,6945,6777,13720,6876,6655,13528,1540,1540,3076,1896,1839,3742,1752,1643,3393,1806,1724,3530,2065,1956,4024,2335,2064,4400,1934,1874,3815,2202,2288,4493,2491,2150,4631,2113,2048,4166,2565,2509,5074,2476,2439,4914,2159,2262,4419,2725,2787,5516,2586,2532,5120,9552,9454,19006,11453,11386,22839,11632,10827,22463,2376,2363,4741,2825,2872,5700,2666,2623,5292,2467,2410,4882,2931,2959,5891,2792,2817,5609,2440,2479,4919,2937,2913,5853,2861,2880,5744,2515,2594,5107,2940,2930,5870,2969,2913,5885,2518,2656,5175,2804,2922,5727,2895,2852,5751,12321,12501,24826,14436,14601,29041,14187,14085,28276,2436,2496,4932,2874,2936,5809,2966,2996,5965,2422,2530,4953,2772,2773,5545,2988,3001,5994,2399,2437,4836,2740,2834,5570,2932,2866,5807,2218,2339,4556,2754,2842,5597,2746,2935,5674,2252,2383,4638,2624,2682,5307,2635,2809,5442,11724,12187,23910,13771,14060,27825,14272,14604,28880,2181,2297,4475,2539,2521,5062,2729,2604,5332,2304,2320,4621,2495,2432,4930,2608,2589,5204,2169,2439,4611,2258
121,4060,2195,2126,4321,2243,2115,4358,11053,10879,21934,12144,11465,23606,12543,11740,24286,2073,2121,4195,2194,2130,4325,2331,2128,4460,2210,2197,4409,2161,2179,4341,2345,2172,4519,2118,2189,4311,2109,2269,4376,2261,2152,4415,2131,2159,4291,2186,2290,4474,2224,2211,4433,2203,2317,4522,2247,2396,4641,2218,2259,4478,10737,10992,21728,10898,11258,22158,11377,10928,22306,2241,2340,4574,2208,2497,4710,2247,2292,4538,2416,2510,4924,2478,2686,5157,2311,2375,4681,2380,2649,5026,2491,2653,5147,2274,2430,4700,2570,2819,5395,2497,2892,5383,2300,2563,4868,2604,2798,5401,2526,2861,5387,2457,2632,5085,12216,13117,25325,12198,13593,25789,11590,12293,23884,2582,2958,5537,2674,3003,5675,2428,2863,5289,2635,2858,5496,2838,3100,5938,2710,2963,5668,2705,2949,5651,2979,3289,6270,2735,2977,5708,2706,2928,5636,3053,3532,6585,2692,3172,5863,2738,2938,5673,3179,3385,6566,2755,3175,5931,13365,14624,27991,14720,16309,31026,13314,15144,28460,2750,2963,5712,3075,3418,6493,2931,3309,6244,2692,2883,5575,2972,3325,6302,3019,3430,6452,2858,3082,5943,2971
122,2368,1333,1196,2532,1526,1383,2905,6826,6258,13090,7484,6935,14412,8455,7811,16263,1336,1195,2529,1393,1238,2631,1545,1294,2839,1287,1185,2472,1301,1254,2549,1518,1396,2918,1200,1127,2325,1253,1192,2442,1430,1352,2778,1213,1057,2274,1280,1144,2427,1401,1255,2665,1208,1274,2479,1259,1244,2506,1283,1263,2548,6235,5837,12076,6484,6070,12553,7175,6568,13740,1247,1210,2452,1270,1302,2566,1332,1263,2597,1203,1247,2455,1337,1393,2733,1257,1260,2522,1278,1364,2637,1253,1338,2590,1262,1301,2560,1374,1493,2862,1358,1369,2726,1344,1398,2744,1520,1524,3042,1363,1513,2872,1354,1510,2860,6617,6829,13446,6581,6912,13492,6548,6729,13280,1518,1587,3104,1392,1578,2971,1490,1598,3085,1474,1580,3055,1381,1593,2973,1481,1589,3069,1608,1657,3265,1535,1783,3326,1473,1647,3125,1630,1694,3329,1594,1724,3312,1516,1563,3077,1668,1709,3382,1711,1789,3499,1529,1721,3247,7909,8223,16131,7617,8462,16080,7483,8120,15599,1753,1821,3579,1688,1810,3502,1513,1710,3217,1828,1962,3788,1720,1788,3506,1484,1684,3171,1845,2043,3887,1730
123,3459,1835,1764,3600,1838,1774,3613,9395,8877,18273,9307,8806,18110,9924,9383,19300,1747,1676,3420,1806,1769,3575,1926,1827,3759,1701,1727,3428,1835,1841,3678,2040,1838,3874,1663,1691,3353,1799,1763,3568,1855,1768,3622,1574,1560,3140,1753,1827,3578,1884,1765,3650,1539,1566,3099,1738,1719,3455,1828,1823,3650,8223,8222,16445,8933,8911,17847,9528,9020,18548,1628,1647,3271,1773,1757,3528,1843,1853,3688,1561,1663,3229,1696,1834,3528,1860,1948,3805,1503,1587,3090,1746,1848,3593,1883,1957,3838,1549,1708,3264,1691,1864,3553,1835,2156,3997,1498,1705,3203,1647,1857,3501,1964,2151,4116,7739,8315,16056,8550,9157,17712,9384,10062,19446,1567,1626,3196,1871,2025,3889,2061,2243,4310,1475,1592,3065,1723,1990,3721,1883,2296,4181,1503,1606,3110,1814,2033,3839,2068,2305,4372,1489,1691,3185,1904,2090,3992,2064,2363,4424,1521,1632,3154,1847,1967,3811,2144,2327,4473,7560,8148,15702,9154,10103,19254,10225,11535,21760,1556,1684,3237,1887,1921,3810,2274,2505,4777,1561,1716,3273,1749,1864,3612,2211,2442,4654,1633,1796,3424,1736
124,4087,2148,1964,4116,1966,1923,3889,10491,10110,20603,10368,9806,20178,10537,9883,20422,2176,2093,4268,2055,1866,3920,2171,1924,4093,2018,1899,3914,2100,2043,4146,2070,2024,4096,1981,1892,3872,2020,2034,4053,2068,1998,4068,1966,1871,3836,2035,2011,4045,2160,2004,4163,1887,1963,3850,2073,2063,4140,2133,2032,4163,10024,9724,19744,10281,10018,20299,10590,9985,20581,1922,1884,3808,2086,2198,4280,2128,2057,4186,1917,1973,3891,2069,2089,4153,2153,2206,4354,1811,1912,3727,2049,2031,4079,2215,2277,4492,1940,1943,3885,1948,2148,4099,2209,2379,4592,1822,1969,3794,2027,2155,4182,2225,2344,4566,9417,9694,19108,10178,10614,20800,10927,11272,22192,1866,1967,3836,2102,2167,4271,2313,2481,4788,1799,1956,3759,2062,2200,4259,2262,2430,4690,1852,1865,3713,2051,2122,4171,2257,2375,4630,1819,1878,3700,2113,2243,4359,2198,2458,4660,1812,2003,3815,2059,2175,4236,2307,2528,4836,9154,9672,18819,10389,10904,21290,11337,12277,23607,1846,1959,3804,2100,2218,4321,2372,2525,4894,1907,1934,3839,1983,2051,4028,2277,2522,4791,1935,1970,3906,2029
125,4916,2774,2551,5325,2641,2503,5142,12788,11564,24353,12808,11860,24666,13071,12104,25171,2813,2542,5358,3262,2735,5995,3206,2729,5937,2973,2723,5694,3358,2792,6160,3884,3201,7085,3123,2842,5959,3395,2866,6262,3964,3396,7356,3183,3069,6252,3603,3052,6653,3993,3619,7617,3331,3280,6609,3734,3381,7120,4280,3766,8051,15415,14451,29869,17355,14828,32182,19333,16711,36044,3506,3548,7051,4078,3801,7875,4564,3952,8512,3689,3619,7306,4346,3931,8271,4875,4083,8958,3775,3794,7566,4395,4137,8535,4869,4285,9156,3963,3920,7878,4367,4307,8672,4863,4311,9173,3779,3701,7474,4389,4383,8776,4720,4548,9268,18704,18570,37277,21571,20557,42126,23891,21179,45070,3859,3717,7578,4632,4405,9040,4877,4550,9427,3697,3376,7074,4752,4473,9228,5032,4801,9833,3603,3342,6947,4835,4593,9431,4953,4611,9565,3335,3187,6526,4847,4506,9349,4649,4612,9258,3402,3051,6448,4654,4170,8822,4642,4562,9206,17899,16669,34572,23716,22150,45869,24150,23142,47294,3244,2857,6104,4483,3871,8355,4562,4449,9011,3205,2896,6096,4177,3629,7806,4788,4504,9286,2894,2929,5826,3889
126,2195,1338,1217,2552,1073,1061,2130,5409,4836,10247,5816,5019,10834,5321,5009,10329,1240,1310,2547,1338,1390,2721,1201,1172,2371,1373,1418,2790,1396,1410,2813,1324,1261,2580,1353,1397,2749,1394,1420,2816,1303,1166,2459,1339,1354,2696,1485,1485,2963,1361,1352,2719,1127,1204,2327,1453,1461,2918,1449,1371,2818,6430,6687,13112,7067,7169,14232,6629,6330,12954,1177,1108,2289,1468,1485,2953,1403,1396,2797,1212,1177,2390,1524,1487,3008,1457,1429,2886,1182,1194,2375,1360,1514,2873,1473,1550,3019,1111,1229,2345,1375,1437,2810,1473,1594,3062,1161,1243,2404,1296,1434,2730,1534,1677,3214,5853,5947,11801,7013,7363,14380,7335,7640,14979,1238,1165,2404,1418,1424,2838,1627,1758,3382,1108,1136,2249,1387,1453,2840,1644,1848,3494,1127,1163,2294,1421,1458,2880,1727,1811,3538,1049,1130,2171,1466,1502,2970,1710,1756,3469,1101,1109,2207,1444,1494,2947,1716,1785,3506,5627,5696,11322,7137,7336,14477,8426,8959,17385,1104,1156,2263,1401,1526,2930,1657,1738,3401,1111,1173,2279,1357,1397,2752,1723,1733,3462,1101,1186,2292,1332
127,5337,3060,2926,5984,3246,3026,6273,14304,13276,27579,15025,14010,29039,16584,15533,32117,2719,2531,5247,3090,2939,6034,3396,3183,6578,2750,2615,5365,3163,2945,6101,3435,3198,6629,2529,2612,5139,2953,2975,5924,3263,3090,6350,2484,2524,5011,3065,2895,5957,3222,3199,6420,2419,2450,4868,2939,2918,5855,3398,3305,6703,12892,12733,25630,15209,14668,29876,16709,15974,32683,2488,2599,5086,2912,2939,5854,3431,3359,6789,2547,2679,5224,2918,3097,6012,3430,3414,6842,2543,2660,5203,2806,3010,5817,3346,3348,6697,2548,2682,5231,2736,2894,5632,3366,3400,6767,2471,2596,5068,2735,2851,5582,3214,3374,6584,12603,13216,25815,14104,14794,28899,16783,16888,33673,2425,2573,5002,2738,3028,5766,3223,3501,6722,2397,2551,4952,2848,3077,5922,3331,3617,6943,2341,2633,4979,2839,3030,5871,3330,3707,7036,2327,2451,4784,2783,3007,5788,3264,3492,6762,2259,2483,4735,2860,3026,5888,3241,3625,6862,11755,12692,24447,14068,15165,29232,16386,17944,34332,2240,2539,4777,2810,2991,5802,3342,3525,6870,2381,2629,5009,2692,2885,5578,3338,3608,6949,2374,2726,5102,2701
128,2779,1281,1238,2523,1304,1304,2608,6847,6566,13413,6714,6375,13094,7231,6769,14006,1407,1313,2716,1308,1184,2494,1334,1290,2628,1357,1347,2698,1289,1295,2579,1347,1250,2601,1366,1331,2698,1272,1245,2511,1326,1282,2611,1332,1352,2685,1284,1165,2448,1366,1223,2586,1317,1248,2571,1336,1293,2626,1256,1240,2497,6779,6587,13367,6492,6177,12666,6626,6287,12920,1260,1275,2534,1261,1262,2530,1318,1171,2491,1319,1312,2629,1242,1301,2542,1261,1256,2518,1199,1254,2462,1219,1320,2541,1270,1242,2512,1272,1313,2586,1292,1305,2593,1256,1256,2514,1255,1303,2559,1213,1282,2490,1211,1340,2559,6307,6467,12774,6221,6471,12692,6322,6264,12586,1264,1277,2542,1266,1347,2619,1298,1397,2701,1244,1301,2552,1295,1303,2598,1286,1409,2695,1253,1289,2540,1242,1450,2689,1293,1424,2715,1287,1411,2694,1329,1444,2772,1359,1485,2846,1392,1429,2830,1353,1465,2818,1323,1474,2797,6444,6711,13152,6483,7008,13488,6562,7197,13762,1387,1403,2791,1370,1457,2827,1415,1566,2975,1401,1493,2891,1352,1445,2791,1452,1533,2980,1448,1563,3012,1351
197,0,0,0,0,0,0,0,0,0,0,3,11,13,0,0,0,0,0,0,5,0,0,0,0,0,0,0,0,5,0,4,0,0,0,3,0,3,0,0,0,0,0,0,0,0,0,0,0,0,0,0,0,0,0,0,0,0,0,0,0,0,3,0,3,5,3,9,0,0,0,3,0,3,0,0,3,0,0,0,0,0,0,0,0,0,0,0,0,0,0,0,0,0,0,0,0,0,0,0,0,0,0,0,0,0,0,0,0,0,0,4,8,0,0,0,3,0,3,5,8,17,0,0,0,0,0,0,0,7,8,0,0,0,0,0,0,0,0,3,0,0,0,0,0,0,0,0,0,0,0,0,0,0,0,0,0,0,0,0,0,0,0,0,0,0,0,0,0,0,0,0,0,11,8,19,0,0,0,0,0,0,0,0,0,0,0,0,0,0,0,0,0,8,0,0,0,0,0,0,0
199,214,130,99,229,62,60,123,388,372,760,283,231,516,253,279,532,142,99,241,108,134,240,60,70,135,144,127,279,140,106,246,75,87,158,127,121,245,144,123,263,91,77,169,148,120,270,168,129,293,89,90,171,135,134,272,183,135,314,91,99,189,701,608,1314,746,614,1359,411,418,829,177,151,331,209,117,326,115,106,223,121,136,258,212,133,344,122,103,220,164,131,294,174,142,315,101,117,219,160,129,288,181,149,324,120,123,242,164,96,268,156,101,255,127,82,211,783,641,1420,927,634,1561,586,533,1118,174,120,297,193,100,292,117,109,229,130,116,244,126,104,236,111,99,211,132,92,222,138,94,232,143,99,245,124,95,219,117,73,194,103,87,190,151,99,249,111,77,190,102,98,201,715,520,1235,685,453,1139,574,495,1068,176,86,258,161,76,238,124,77,203,131,65,193,123,64,185,90,79,177,116,76,190,118
201,1997,963,941,1908,971,927,1895,5297,5064,10357,4949,4704,9654,5205,4920,10126,1102,1032,2137,977,1032,2009,977,939,1918,997,974,1971,1091,1049,2139,904,915,1819,923,947,1868,1017,995,2011,971,986,1961,855,885,1740,971,898,1867,940,919,1859,777,798,1576,918,922,1842,1002,946,1944,4657,4639,9293,4973,4898,9871,4790,4708,9501,816,802,1621,978,907,1882,1036,1037,2073,779,779,1561,905,888,1794,1058,1035,2088,757,850,1604,846,886,1730,1067,1070,2135,778,815,1593,808,888,1699,1000,1037,2035,725,830,1554,832,887,1722,1008,1093,2104,3854,4066,7926,4377,4447,8821,5171,5260,10435,734,826,1564,873,886,1759,1091,1012,2106,703,795,1499,829,898,1731,1024,1031,2051,779,821,1601,829,927,1752,996,1059,2056,782,776,1566,822,905,1725,986,1063,2051,769,852,1628,800,922,1728,958,1049,2009,3770,4084,7851,4156,4537,8699,5053,5217,10272,803,873,1677,871,970,1836,987,1111,2098,865,882,1744,844,884,1732,1031,1047,2074,906,980,1881,845
202,1916,861,919,1786,903,862,1766,4892,4819,9709,4747,4625,9375,4738,4656,9392,952,951,1901,909,937,1845,914,844,1760,916,934,1854,1002,997,2007,892,872,1763,857,804,1666,875,927,1801,850,933,1785,800,802,1605,896,892,1785,923,851,1769,741,793,1539,915,880,1795,861,845,1708,4271,4285,8554,4598,4634,9230,4438,4352,8790,765,754,1518,824,914,1737,911,897,1814,729,781,1511,850,855,1697,950,948,1898,690,747,1432,857,817,1675,931,989,1920,723,751,1478,848,862,1711,954,1018,1970,669,746,1412,792,904,1698,961,1013,1975,3574,3769,7350,4168,4353,8518,4706,4862,9569,714,794,1509,881,863,1744,981,1016,1999,639,717,1359,812,871,1683,918,1063,1976,723,753,1482,814,873,1689,982,985,1966,774,800,1577,906,905,1806,967,1016,1983,748,800,1546,790,879,1669,910,1061,1974,3597,3870,7467,4197,4390,8589,4759,5141,9899,769,800,1565,853,943,1796,1018,1022,2040,786,863,1646,734,861,1589,956,1079,2032,864,888,1755,826
203,3158,1690,1759,3445,1850,1827,3679,8579,8008,16586,8752,8363,17118,9408,8967,18372,1652,1498,3150,1761,1751,3512,1932,1829,3762,1604,1586,3194,1888,1726,3616,1975,1952,3931,1540,1537,3073,1835,1739,3577,1956,1851,3810,1501,1477,2978,1722,1622,3351,2027,1891,3918,1473,1463,2930,1758,1633,3398,2106,2007,4114,7765,7562,15325,8976,8475,17449,10003,9533,19539,1394,1503,2896,1704,1620,3327,2171,2012,4185,1447,1435,2881,1636,1755,3400,2358,2109,4466,1400,1455,2855,1643,1707,3349,2200,2142,4342,1422,1528,2950,1579,1675,3260,2169,2159,4332,1495,1548,3037,1684,1683,3367,2200,2181,4380,7152,7474,14627,8256,8447,16698,11094,10598,21694,1397,1470,2869,1673,1820,3492,2189,2169,4361,1381,1401,2779,1666,1766,3431,2157,2294,4454,1450,1471,2927,1667,1736,3404,2145,2279,4415,1392,1527,2916,1676,1856,3530,2092,2228,4318,1473,1616,3087,1715,1825,3534,2193,2289,4474,7091,7483,14573,8389,8998,17390,10774,11252,22034,1514,1585,3105,1690,1734,3425,2179,2351,4532,1579,1725,3303,1645,1713,3362,2163,2315,4473,1713,1763,3479,1637
204,1931,1002,812,1815,1081,857,1944,5819,5266,11084,5378,4905,10289,5517,5049,10563,914,750,1660,960,800,1758,1013,824,1843,901,702,1601,925,747,1669,911,811,1720,853,729,1586,860,772,1627,939,781,1719,828,706,1535,934,799,1731,836,804,1640,773,681,1453,907,803,1706,894,890,1786,4274,3572,7836,4584,3913,8497,4595,4106,8704,807,743,1551,802,789,1593,930,911,1840,734,782,1518,867,857,1717,937,934,1874,707,739,1442,839,837,1674,951,973,1917,753,785,1537,855,849,1708,984,976,1962,692,756,1449,786,889,1670,967,1010,1974,3692,3802,7491,4149,4217,8368,4771,4805,9578,766,844,1605,864,894,1757,1010,1009,2023,751,825,1574,842,918,1759,1002,1027,2030,710,733,1446,827,890,1720,967,985,1945,787,838,1630,822,963,1787,960,1041,2002,781,907,1681,806,931,1733,989,1028,2019,3788,4145,7933,4163,4588,8753,4932,5081,10014,858,894,1750,837,970,1807,1043,1117,2159,834,919,1751,841,960,1804,976,1052,2033,870,969,1836,787
205,2890,1444,1237,2684,1424,1366,2796,8675,8237,16910,8031,7395,15423,8120,7793,15913,1392,1320,2720,1409,1208,2616,1395,1262,2655,1402,1290,2688,1364,1325,2689,1433,1343,2777,1353,1307,2660,1428,1311,2737,1428,1356,2778,1333,1319,2655,1360,1423,2776,1391,1306,2701,1326,1294,2623,1341,1380,2719,1419,1413,2830,6805,6543,13345,6906,6637,13539,7068,6672,13743,1306,1344,2652,1312,1429,2744,1481,1431,2912,1366,1368,2731,1364,1392,2755,1524,1630,3153,1267,1383,2645,1313,1350,2664,1633,1609,3247,1344,1333,2673,1432,1507,2939,1624,1728,3354,1242,1366,2607,1344,1411,2752,1600,1684,3284,6521,6784,13298,6766,7087,13855,7856,8091,15948,1226,1346,2569,1399,1517,2915,1575,1732,3304,1250,1280,2535,1500,1471,2973,1657,1727,3380,1241,1318,2562,1374,1589,2964,1610,1697,3303,1314,1303,2618,1453,1459,2915,1644,1797,3441,1311,1327,2635,1318,1479,2798,1592,1751,3337,6345,6580,12923,7047,7518,14563,8070,8700,16769,1335,1441,2770,1382,1490,2869,1666,1764,3427,1333,1361,2697,1328,1443,2775,1698,1774,3467,1382,1444,2829,1323
206,6669,4216,5319,9538,3096,3756,6850,10509,11064,21576,12818,14755,27576,11202,12229,23434,3822,4482,8301,4933,6038,10966,4189,4519,8706,4511,5272,9782,5300,6473,11776,4731,5408,10142,5173,5771,10943,5839,7041,12876,5205,5973,11178,5416,6157,11571,6694,8020,14715,5905,6858,12761,5841,6444,12284,7157,8316,15477,6608,7916,14527,24762,28120,52883,29923,35886,65809,26641,30675,57314,6275,6893,13167,7852,8824,16680,7442,8546,15988,6710,7414,14128,8129,9269,17394,7834,9088,16923,7054,7447,14503,8377,9108,17479,8414,9323,17742,6994,7442,14432,8373,9040,17411,8617,9136,17759,6906,7045,13956,8119,8397,16519,8672,9001,17674,33938,36245,70176,40846,44641,85482,40978,45103,86078,6743,6793,13540,8051,8536,16579,8522,8929,17454,6252,6347,12599,7781,7990,15768,8235,8708,16940,5953,5769,11724,7516,7478,14994,8090,8167,16257,5501,5397,10899,7024,7031,14057,7481,7440,14917,5261,5091,10347,6502,6447,12951,7021,6847,13864,29713,29389,59105,36867,37487,74353,39346,40099,79441,4894,4849,9745,6037,5971,12007,6509,6648,13161,4563,4491,9060,5408,5375,10782,6296,6138,12435,4413,4374,8788,5094
207,4991,2719,2597,5316,2442,2368,4808,11723,11342,23065,12227,12085,24316,12109,11605,23713,2670,2654,5327,2868,2775,5642,2706,2538,5246,2804,2739,5543,3062,2777,5843,2793,2619,5413,2930,2700,5634,2964,2781,5747,2848,2660,5508,2781,2712,5493,2921,2778,5700,2817,2671,5490,2658,2538,5198,2942,2695,5639,2858,2558,5411,13848,13347,27198,14758,13806,28567,14010,13055,27065,2545,2419,4969,2720,2713,5434,2709,2567,5270,2498,2370,4871,2772,2706,5485,2711,2428,5132,2378,2227,4607,2621,2670,5286,2519,2358,4880,2327,2183,4509,2518,2452,4967,2518,2468,4987,2089,2099,4182,2290,2338,4626,2330,2381,4709,11837,11302,23140,12922,12878,25802,12788,12200,24987,2073,1986,4060,2270,2395,4666,2347,2351,4698,1936,1942,3876,2141,2218,4362,2414,2457,4867,1916,2015,3930,2244,2277,4518,2280,2553,4832,1814,1933,3750,2184,2291,4471,2303,2420,4723,1815,1952,3768,2172,2321,4497,2248,2409,4663,9558,9817,19373,11018,11499,22516,11593,12192,23787,1863,1995,3858,2069,2191,4259,2191,2441,4634,1902,2063,3966,2044,2238,4280,2215,2506,4717,2029,2243,4272,2013
208,4403,2357,2301,4657,2318,2349,4659,11262,10441,21711,11789,11305,23093,12769,12339,25117,2367,2329,4691,2365,2379,4744,2470,2320,4792,2491,2401,4896,2529,2445,4977,2573,2461,5032,2489,2408,4893,2610,2503,5108,2434,2470,4901,2535,2352,4881,2496,2658,5156,2438,2318,4756,2488,2423,4915,2743,2639,5378,2513,2405,4922,12364,11913,24282,12741,12625,25365,12430,11979,24406,2427,2416,4841,2540,2684,5223,2559,2407,4970,2289,2468,4758,2525,2630,5158,2520,2508,5032,2380,2367,4749,2350,2602,4953,2554,2518,5071,2545,2530,5074,2487,2674,5160,2484,2589,5074,2498,2400,4897,2482,2604,5088,2590,2664,5250,12147,12182,24330,12386,13192,25576,12711,12690,25395,2403,2449,4855,2512,2693,5213,2568,2792,5360,2269,2543,4813,2438,2709,5150,2541,2883,5420,2285,2410,4694,2517,2780,5299,2543,2780,5322,2245,2357,4601,2659,2911,5579,2610,2760,5371,2426,2485,4910,2638,2779,5415,2608,2874,5478,11625,12240,23865,12770,13881,26650,12867,14091,26959,2318,2552,4871,2684,2908,5599,2745,2841,5588,2567,2805,5368,2694,2890,5578,2598,3101,5694,2693,3104,5793,2556
209,5843,3313,3068,6381,3050,2904,5947,14297,13753,28050,15004,14174,29173,15777,14632,30410,3108,3117,6222,3332,3247,6577,3183,3041,6228,3389,3245,6631,3570,3421,6984,3522,3183,6703,3247,3019,6267,3487,3384,6875,3416,3168,6582,3292,3138,6425,3366,3368,6733,3499,3207,6709,3311,3134,6447,3362,3316,6678,3751,3260,7011,16341,15642,31986,17115,16740,33854,17366,15866,33231,3287,3123,6405,3536,3519,7055,3779,3309,7087,3218,3263,6477,3799,3628,7427,3870,3639,7513,3160,3174,6330,3605,3764,7374,3763,3655,7420,3172,3265,6438,3680,3791,7471,3623,3854,7470,3290,3170,6461,3724,3796,7516,3678,3860,7537,16128,15981,32111,18344,18496,36839,18712,18319,37029,3199,3283,6476,3804,3999,7805,3941,4248,8186,3144,3182,6336,3895,4169,8066,4202,4457,8661,2969,3146,6111,3857,4031,7891,4124,4373,8497,3011,3183,6193,3902,4028,7933,4181,4559,8741,3040,3120,6155,3965,3930,7886,4347,4445,8792,15359,15915,31277,19422,20157,39577,20794,22084,42880,3139,3183,6321,3890,3898,7783,4403,4514,8914,3229,3333,6562,3688,3800,7485,4368,4662,9031,3224,3443,6669,3435
210,4269,2403,2316,4717,2518,2292,4815,11401,10892,22293,11887,11239,23128,12944,11992,24940,2348,2173,4521,2509,2308,4812,2744,2433,5177,2267,2057,4326,2555,2328,4885,2805,2548,5349,2218,2161,4379,2550,2282,4835,2862,2571,5433,2303,2146,4448,2592,2387,4983,2869,2514,5384,2245,2051,4291,2542,2359,4902,2938,2711,5645,11381,10587,21966,12752,11672,24426,14211,12776,26989,2241,2176,4417,2697,2572,5274,3086,2795,5883,2255,2225,4481,2629,2585,5212,3237,2907,6153,2207,2113,4310,2629,2698,5328,3248,2994,6244,2234,2224,4463,2832,2763,5595,3148,3238,6387,2153,2188,4342,2830,2763,5595,3249,3261,6506,11081,10930,22011,13618,13384,26996,15968,15205,31170,2184,2305,4483,2768,2903,5670,3418,3501,6913,2253,2313,4567,2809,2860,5674,3264,3627,6892,2154,2216,4369,2795,2796,5595,3430,3625,7056,2222,2258,4478,2806,2891,5701,3516,3712,7236,2196,2113,4307,2836,2740,5577,3598,3619,7218,11008,11209,22210,14015,14189,28205,17228,18083,35308,2075,2166,4239,2665,2790,5451,3519,3750,7267,2107,2324,4430,2676,2705,5380,3539,3642,7179,2207,2344,4547,2567
211,6589,3293,3021,6318,3151,2869,6015,16881,16315,33200,16381,15432,31812,16127,14681,30811,3403,3175,6575,3302,2999,6304,3156,2897,6048,3323,3190,6508,3227,3105,6331,3144,3026,6171,3250,2986,6237,3154,2978,6125,3130,2895,6025,3084,2937,6019,3240,2910,6154,3207,2806,6013,2964,2802,5762,3017,2921,5934,3040,2798,5839,16016,15084,31105,15938,14904,30848,15671,14421,30089,2959,2826,5787,3077,2970,6044,3009,2791,5796,2974,2864,5837,3020,3117,6142,2987,2848,5842,2713,2881,5597,3042,3087,6124,2881,2869,5754,2849,2813,5665,3003,3123,6125,3036,3010,6043,2786,2891,5672,3032,3057,6088,3015,3160,6172,14278,14283,28563,15176,15351,30526,14929,14676,29608,2824,2921,5748,3165,3296,6459,3202,3289,6495,2890,2883,5778,3193,3399,6595,3217,3451,6667,2886,3039,5919,3162,3536,6693,3308,3553,6855,2890,3018,5908,3219,3349,6565,3374,3586,6960,3082,3149,6234,3132,3465,6596,3373,3671,7047,14577,15011,29587,15870,17035,32904,16470,17557,34028,2963,3136,6103,3240,3412,6646,3465,3801,7267,3103,3354,6456,3276,3294,6568,3513,3817,7329,3288,3517,6809,3241
212,9461,6034,5476,11513,5362,5056,10417,24003,22046,46047,25974,24125,50098,26552,24988,51538,5127,4719,9843,6213,5656,11868,5911,5463,11377,5362,4854,10214,6382,5597,11980,6435,5883,12323,5288,4795,10082,6244,5453,11687,6258,5641,11894,5376,4747,10126,6026,5491,11524,6320,5798,12118,5206,4782,9984,5897,5528,11423,7027,5972,12996,26355,23897,50248,30762,27729,58486,31952,28762,60714,5147,4771,9914,5721,5456,11177,7353,6037,13387,5020,4901,9923,5779,5562,11337,7399,6224,13626,5125,4977,10101,5539,5620,11159,7109,6234,13344,5135,4999,10135,5721,5722,11444,6861,6476,13340,4988,4969,9960,5696,5761,11451,6624,6659,13285,25414,24621,50038,28453,28119,56570,35354,31633,66987,4975,4848,9822,5802,5986,11787,6751,6898,13648,4836,4748,9587,5718,6084,11801,6720,6781,13501,4682,4631,9309,5990,6034,12023,6599,7066,13663,4529,4532,9060,6167,6121,12288,6652,7015,13660,4423,4538,8954,6033,5879,11915,6849,7057,13905,23440,23292,46738,29717,30102,59818,33574,34807,68385,4539,4792,9327,5994,5633,11628,6797,7170,13967,4663,4681,9347,5629,5558,11187,6845,7105,13954,4561,4752,9316,5326
213,7841,4737,4214,8947,4645,4422,9071,20244,19259,39504,21971,20902,42872,24223,23082,47305,4269,4009,8276,4971,4624,9594,5204,4791,9992,4604,4301,8908,5176,4555,9738,5515,5077,10594,4561,4315,8880,5259,4673,9932,5558,4864,10423,4635,4361,9000,5386,4869,10256,5687,5000,10691,5020,4545,9564,5406,5171,10576,6257,5377,11631,23092,21533,44624,26204,23891,50093,28223,25110,53336,4995,4688,9682,5669,5409,11081,6793,5845,12642,5270,5159,10427,5758,5815,11575,7041,6125,13169,5260,5266,10521,5638,6050,11687,6945,6375,13324,5398,5514,10913,6068,6336,12406,6813,6716,13523,5367,5500,10865,6091,6385,12479,6351,7223,13579,26285,26121,52402,29225,29998,59223,33947,32288,66241,5440,5516,10952,6245,6684,12932,6851,7478,14335,5321,5436,10756,6644,6837,13474,7231,7945,15179,5354,5446,10795,6653,6898,13548,7272,7940,15216,5332,5305,10637,6885,6889,13772,7584,8345,15933,5222,5231,10451,6806,6782,13587,7917,8200,16119,26662,26929,53594,33233,34086,67322,36860,39905,76771,5166,4990,10154,6618,6524,13138,7958,8296,16259,5197,5254,10449,6366,6189,12551,8228,8334,16558,5229,5159,10390,6132
214,3388,1692,1641,3327,1783,1579,3359,9137,8509,17643,8696,8262,16955,9155,8283,17441,1733,1647,3384,1683,1520,3202,1719,1648,3368,1735,1504,3240,1626,1644,3268,1546,1502,3046,1516,1434,2950,1675,1542,3216,1638,1468,3105,1538,1517,3052,1563,1556,3116,1527,1411,2942,1492,1448,2938,1622,1496,3117,1512,1432,2942,8015,7551,15562,8168,7752,15916,7944,7452,15401,1488,1448,2933,1500,1571,3079,1499,1442,2939,1456,1507,2966,1617,1579,3197,1535,1512,3048,1396,1444,2839,1398,1455,2852,1564,1585,3150,1340,1482,2819,1536,1651,3178,1533,1645,3177,1317,1574,2892,1473,1638,3104,1692,1625,3325,6996,7450,14447,7520,7892,15411,7824,7807,15636,1387,1473,2858,1600,1666,3271,1699,1835,3531,1463,1523,2984,1610,1721,3331,1752,1886,3640,1477,1597,3072,1570,1670,3235,1607,1740,3351,1448,1556,3002,1563,1790,3348,1819,1956,3771,1555,1526,3080,1552,1823,3374,1771,1931,3703,7320,7678,14998,7887,8675,16559,8649,9352,17998,1595,1661,3255,1605,1699,3308,1863,1958,3820,1644,1737,3378,1591,1759,3349,1843,2008,3855,1795,1916,3710,1642
215,1682,804,703,1513,819,645,1467,5121,4802,9923,4714,4383,9097,4384,3956,8340,861,714,1574,783,690,1476,834,714,1546,800,708,1507,820,689,1511,791,705,1492,744,730,1475,780,759,1539,779,747,1532,722,717,1448,793,827,1620,870,788,1654,757,679,1432,853,824,1675,872,797,1675,3889,3551,7439,4029,3794,7822,4144,3752,7898,718,723,1442,926,845,1768,883,886,1770,740,749,1489,877,855,1736,983,907,1893,715,756,1470,862,850,1709,956,946,1905,737,696,1430,830,796,1626,958,918,1870,691,768,1458,790,770,1564,980,984,1965,3596,3690,7292,4279,4123,8400,4754,4639,9395,712,743,1455,794,826,1624,1058,997,2056,652,782,1435,810,873,1691,980,1059,2045,681,734,1414,819,822,1640,952,959,1905,791,752,1541,760,766,1530,901,940,1838,749,754,1504,758,737,1498,911,861,1773,3576,3769,7350,3953,4029,7980,4805,4820,9623,792,844,1636,774,789,1568,866,904,1767,762,817,1573,682,791,1478,908,956,1861,797,887,1691,716
216,1381,784,719,1506,780,663,1443,4464,4182,8652,4389,3990,8371,4240,3741,7982,698,635,1325,682,669,1351,702,664,1360,642,632,1270,646,561,1209,693,664,1359,625,622,1249,713,681,1396,709,673,1383,592,617,1209,707,646,1353,759,668,1426,617,670,1284,726,670,1396,720,760,1487,3168,3175,6338,3475,3230,6703,3583,3426,7014,654,658,1310,736,714,1450,745,768,1509,640,675,1316,691,773,1463,777,805,1578,571,687,1261,679,706,1379,819,810,1625,632,655,1295,645,691,1341,774,802,1576,621,681,1306,671,727,1403,801,815,1619,3128,3356,6484,3417,3615,7032,3906,4003,7904,636,699,1336,658,699,1355,796,825,1616,606,645,1254,743,746,1491,778,876,1656,593,617,1207,625,715,1341,781,783,1567,618,705,1320,699,687,1384,729,801,1527,592,664,1256,720,736,1456,764,806,1568,3044,3324,6371,3446,3590,7032,3848,4094,7938,637,698,1336,669,731,1405,743,804,1551,705,805,1513,647,687,1337,788,797,1585,734,797,1528,642
217,1449,713,643,1355,711,601,1312,4462,4070,8527,3961,3675,7635,3816,3542,7353,684,624,1305,662,541,1203,631,553,1184,681,596,1271,691,648,1342,569,557,1124,644,559,1206,676,621,1295,646,548,1196,547,569,1114,637,599,1234,601,576,1175,611,567,1177,725,612,1335,662,603,1267,3165,2914,6078,3390,3017,6413,3103,2837,5941,584,543,1125,644,649,1302,623,603,1222,547,531,1080,636,623,1256,744,721,1464,605,662,1266,632,566,1202,728,709,1438,567,581,1157,594,585,1173,710,676,1384,571,650,1219,616,598,1216,735,702,1438,2875,2972,5846,3125,3026,6148,3537,3415,6946,586,585,1170,611,598,1208,681,742,1425,560,567,1126,555,623,1178,688,733,1423,599,667,1262,607,651,1250,713,673,1386,629,663,1286,612,656,1269,639,696,1335,626,646,1271,560,679,1241,693,703,1398,2995,3125,6124,2941,3208,6149,3419,3547,6962,623,624,1248,573,645,1223,674,669,1343,675,691,1366,602,591,1195,623,720,1342,702,714,1420,628
297,0,0,0,0,0,0,0,0,0,0,0,0,0,0,0,0,0,0,0,0,0,0,0,0,0,0,0,0,0,0,0,0,0,0,0,0,0,0,0,0,0,0,0,0,0,0,0,0,0,0,0,0,0,0,0,0,0,0,0,0,0,0,0,0,0,0,0,0,0,0,0,0,0,0,0,0,0,0,0,0,0,0,0,0,0,0,0,0,0,0,0,0,0,0,0,0,0,0,0,0,0,0,0,0,0,0,0,0,0,0,0,0,0,0,0,3,0,3,0,0,0,0,0,0,0,0,0,0,0,0,0,0,0,0,0,0,0,0,0,6,0,6,0,0,0,0,0,0,0,0,0,4,0,4,0,0,0,0,0,0,0,0,0,0,0,0,0,0,0,4,0,4,0,0,0,6,0,6,0,0,0,0,0,0,0,0,0,0,0,0,0,0,0,0,0,0,0,0,0,0
299,166,59,63,120,73,69,140,235,258,495,177,175,357,234,229,459,106,98,208,79,56,138,65,67,133,86,98,182,76,86,163,65,71,136,116,91,211,103,88,195,74,60,136,104,103,202,93,102,194,63,65,134,121,115,236,92,112,207,77,58,135,535,503,1037,448,451,899,345,321,671,97,123,220,134,117,251,107,75,181,125,106,234,130,90,217,84,86,170,133,97,232,86,74,164,106,89,197,133,113,244,89,71,166,96,86,179,91,108,200,99,91,194,83,114,195,585,546,1129,543,450,988,474,450,928,119,85,203,132,90,214,131,109,240,122,98,217,96,69,156,98,83,182,100,49,154,99,65,158,81,62,144,83,62,148,92,52,141,88,97,187,85,65,146,103,74,172,61,74,138,508,359,869,513,344,855,463,425,892,96,59,154,121,75,198,159,87,251,97,72,168,82,58,141,81,92,176,89,48,131,81
301,2784,1445,1339,2785,1524,1323,2842,7488,7212,14700,7550,7015,14558,7856,7141,14997,1391,1301,2689,1335,1272,2607,1442,1274,2716,1318,1247,2568,1313,1339,2658,1391,1279,2667,1224,1186,2408,1212,1113,2321,1288,1180,2467,1139,1104,2246,1247,1109,2358,1262,1064,2323,1079,1169,2244,1222,1150,2375,1216,1029,2248,6146,6007,12154,6335,5988,12325,6606,5825,12431,1123,1163,2281,1146,1206,2346,1142,1068,2211,1128,1122,2247,1164,1093,2256,1110,1190,2303,1127,1173,2299,1083,1129,2210,1110,1167,2278,1192,1187,2376,1124,1184,2309,1177,1152,2334,1153,1207,2367,1101,1257,2358,1187,1269,2463,5712,5859,11580,5611,5864,11479,5732,5854,11585,1163,1255,2419,1228,1260,2490,1253,1350,2603,1094,1238,2332,1247,1357,2608,1318,1317,2633,1210,1278,2490,1306,1403,2706,1294,1438,2731,1154,1298,2454,1398,1435,2832,1330,1506,2839,1227,1397,2626,1297,1427,2725,1301,1523,2823,5851,6468,12322,6486,6876,13359,6501,7131,13627,1304,1402,2708,1352,1498,2854,1472,1591,3060,1403,1484,2886,1267,1477,2749,1485,1619,3109,1425,1536,2966,1323
302,2500,1207,1191,2403,1152,1200,2350,6101,5696,11800,5759,5621,11382,6257,5942,12203,1239,1291,2530,1299,1321,2623,1357,1326,2685,1311,1302,2613,1390,1373,2762,1318,1381,2702,1198,1360,2561,1414,1385,2797,1364,1408,2768,1397,1396,2791,1432,1468,2895,1463,1447,2913,1410,1327,2739,1508,1551,3059,1471,1580,3049,6557,6675,13232,7042,7090,14135,6973,7146,14116,1439,1368,2808,1449,1599,3048,1591,1585,3175,1435,1460,2900,1599,1599,3198,1591,1716,3309,1484,1513,2995,1446,1594,3041,1674,1694,3370,1491,1548,3043,1647,1631,3276,1640,1747,3390,1495,1473,2970,1559,1747,3301,1626,1763,3389,7350,7361,14712,7702,8166,15862,8120,8511,16637,1418,1373,2785,1706,1771,3472,1773,1861,3633,1412,1486,2894,1741,1702,3443,1744,1868,3613,1444,1409,2853,1658,1751,3409,1696,1821,3516,1387,1415,2803,1699,1718,3422,1853,1880,3731,1389,1467,2856,1684,1690,3381,1772,1902,3670,7039,7147,14196,8489,8637,17123,8833,9336,18165,1387,1488,2875,1558,1581,3140,1855,1934,3788,1386,1450,2844,1527,1587,3112,1861,1918,3778,1497,1515,3013,1536
303,4739,2495,2546,5044,2378,2372,4749,10377,10216,20593,10672,10245,20921,10794,10490,21283,2662,2704,5366,2855,2736,5591,2661,2594,5259,2902,2950,5858,3037,3034,6073,2800,2823,5625,3001,2851,5857,3128,2939,6058,2880,2874,5753,2952,2793,5750,3061,3083,6143,3066,2878,5944,2999,2778,5772,3201,3131,6338,3036,2974,6003,14519,14076,28593,15289,14922,30210,14438,14142,28582,2940,2833,5777,3185,3070,6253,3208,3009,6223,2918,2885,5802,3162,3244,6409,3326,3149,6468,2930,2800,5730,3091,3105,6202,3182,2994,6178,2897,2928,5825,3098,3025,6123,3134,3060,6195,2790,2708,5500,2979,3076,6055,2869,3115,5981,14481,14157,28639,15514,15517,31028,15729,15329,31052,2722,2704,5431,3028,3101,6128,3083,3208,6290,2623,2637,5265,3128,3133,6260,3136,3243,6378,2590,2442,5032,3020,3110,6127,3156,3275,6426,2381,2406,4787,3008,3131,6139,3053,3212,6267,2396,2415,4814,2855,2843,5698,3056,3179,6232,12708,12611,25321,15040,15317,30357,15487,16113,31596,2400,2420,4825,2839,2773,5612,3138,3330,6469,2370,2428,4803,2684,2644,5326,3107,3307,6415,2368,2412,4779,2568
304,3406,1658,1827,3485,1691,1758,3451,6792,6659,13449,6842,6921,13758,7364,6990,14353,1796,1826,3622,1778,1836,3611,1719,1624,3343,1794,1690,3484,1812,1951,3763,1565,1442,3009,1702,1548,3253,1735,1568,3302,1392,1280,2666,1594,1393,2982,1622,1491,3115,1366,1212,2573,1394,1307,2704,1348,1284,2633,1260,1062,2325,8276,7764,16038,8298,8127,16421,7303,6622,13919,1313,1221,2533,1266,1143,2411,1167,1076,2242,1227,1147,2381,1173,1100,2273,1080,1046,2128,1136,1096,2236,1067,1091,2154,1102,1008,2107,1080,1108,2191,1049,1079,2122,1006,977,1986,1075,1083,2160,1046,1019,2067,996,994,1995,5842,5662,11502,5593,5434,11030,5354,5100,10454,1043,1025,2065,1038,1072,2109,955,1049,2006,1029,1008,2031,1029,1113,2148,1036,1103,2140,996,1060,2057,1050,1149,2201,1001,1167,2164,1010,1133,2147,1110,1167,2279,1091,1155,2247,1043,1112,2161,1157,1162,2321,1034,1222,2261,5121,5343,10465,5386,5664,11054,5120,5703,10816,1032,1153,2176,1123,1219,2345,1136,1304,2442,1127,1211,2332,1117,1177,2299,1192,1333,2523,1132,1259,2394,1094
305,3436,1819,2116,3936,1994,2325,4322,5983,6313,12293,6542,7144,13687,7830,8043,15874,1759,2206,3968,2044,2405,4456,2362,2689,5047,2122,2452,4577,2485,2766,5247,2618,3021,5642,2465,2685,5151,2703,2992,5690,2893,3316,6207,2715,2836,5544,2877,3132,6010,3071,3499,6567,2820,2758,5577,3036,3154,6188,3355,3845,7200,11885,12938,24822,13145,14448,27592,14299,16375,30667,2982,2959,5938,3111,3169,6279,3548,3781,7331,3096,3024,6121,3224,3353,6579,3560,3704,7265,2979,2905,5884,3257,3180,6443,3466,3575,7038,2939,2839,5778,3040,3047,6084,3357,3392,6745,2907,2645,5551,2928,2851,5781,3315,3382,6703,14902,14374,29271,15565,15603,31166,17244,17835,35081,2700,2526,5222,2969,2798,5766,3393,3311,6704,2457,2353,4814,2733,2777,5508,3263,3134,6403,2236,2076,4307,2808,2568,5370,3157,2984,6146,2170,2007,4179,2635,2486,5127,2886,2872,5754,2064,1892,3964,2552,2278,4833,2727,2677,5400,11626,10862,22486,13688,12917,26601,15417,14984,30403,1959,1792,3745,2231,2158,4390,2762,2635,5396,1967,1746,3713,2110,2081,4190,2568,2496,5065,1874,1825,3693,1900
306,2537,1209,1185,2391,1324,1138,2467,7581,7172,14754,7419,7033,14450,7804,7291,15096,1215,1184,2402,1219,1181,2401,1341,1226,2572,1164,1220,2386,1348,1219,2566,1296,1174,2470,1188,1285,2475,1249,1330,2576,1249,1279,2527,1163,1272,2439,1347,1401,2742,1282,1273,2556,1239,1328,2563,1420,1399,2816,1358,1299,2655,5976,6291,12266,6573,6526,13104,6527,6251,12780,1292,1394,2683,1423,1479,2895,1339,1434,2775,1273,1378,2651,1369,1527,2898,1482,1553,3032,1363,1422,2791,1355,1567,2923,1496,1501,2993,1387,1475,2867,1398,1535,2933,1584,1660,3241,1380,1436,2815,1474,1593,3061,1582,1685,3275,6701,7105,13808,7016,7701,14716,7482,7833,15316,1351,1493,2841,1471,1622,3090,1609,1756,3360,1302,1581,2883,1439,1570,3010,1584,1681,3264,1293,1509,2800,1506,1538,3038,1555,1684,3233,1266,1539,2807,1507,1688,3192,1424,1699,3119,1363,1512,2880,1446,1592,3037,1510,1674,3182,6583,7627,14210,7368,8007,15373,7676,8485,16161,1419,1541,2957,1446,1638,3089,1541,1691,3235,1497,1643,3137,1409,1637,3049,1464,1633,3099,1581,1694,3279,1431
307,1310,674,564,1241,701,589,1297,4027,3743,7771,4035,3572,7609,3879,3562,7446,694,550,1248,681,581,1261,698,604,1301,629,538,1165,630,608,1236,686,613,1307,605,594,1196,712,640,1350,695,617,1304,609,571,1176,694,648,1343,665,640,1299,663,589,1258,643,703,1349,676,640,1314,3198,2842,6041,3359,3177,6537,3424,3112,6530,584,634,1219,710,702,1410,708,760,1467,629,673,1307,674,668,1342,701,716,1413,611,650,1260,673,703,1371,743,718,1463,604,697,1299,689,647,1334,711,703,1413,649,674,1323,707,648,1351,689,775,1466,3073,3336,6408,3448,3365,6816,3553,3671,7220,654,711,1364,704,715,1414,713,741,1450,613,642,1253,663,748,1412,725,694,1421,642,692,1335,650,694,1348,643,717,1365,640,682,1318,701,773,1477,690,673,1361,638,720,1360,703,684,1386,683,704,1388,3187,3443,6631,3420,3620,7035,3460,3528,6987,684,705,1387,683,744,1425,623,709,1330,711,718,1434,635,699,1335,677,746,1421,734,797,1532,703
308,2690,1263,1223,2487,1341,1193,2537,7838,7052,14890,7275,6846,14122,7494,6853,14351,1341,1290,2634,1273,1252,2526,1314,1236,2548,1444,1214,2654,1385,1193,2575,1338,1168,2503,1372,1254,2625,1394,1317,2708,1263,1179,2438,1357,1251,2612,1415,1360,2775,1273,1259,2534,1420,1332,2751,1476,1416,2889,1356,1433,2791,6929,6345,13280,6939,6535,13481,6536,6276,12816,1470,1422,2890,1375,1479,2859,1364,1424,2784,1455,1454,2910,1504,1448,2956,1393,1369,2761,1517,1469,2987,1376,1397,2773,1441,1442,2883,1473,1512,2984,1503,1465,2963,1458,1478,2940,1471,1357,2829,1509,1539,3042,1529,1529,3061,7380,7211,14591,7270,7328,14596,7190,7243,14433,1559,1447,3008,1494,1582,3079,1473,1491,2958,1423,1368,2783,1535,1579,3115,1512,1485,2992,1376,1294,2662,1562,1548,3112,1446,1473,2917,1332,1360,2691,1560,1562,3127,1436,1550,2988,1351,1318,2668,1573,1444,3017,1546,1504,3051,7028,6782,13814,7727,7718,15443,7410,7503,14912,1374,1367,2740,1558,1520,3074,1480,1508,2992,1433,1376,2808,1498,1422,2917,1545,1641,3187,1427,1476,2905,1383
309,6879,3504,3636,7141,3652,3728,7379,16717,16091,32801,17699,17335,35029,18946,18368,37315,3363,3504,6871,3616,3784,7401,3787,4025,7811,3405,3695,7100,3784,3827,7609,3931,4100,8025,3383,3576,6960,3663,3712,7373,3954,4031,7980,3437,3530,6966,3767,3906,7671,3850,4149,7994,3440,3557,7000,3779,3940,7719,3922,4184,8109,17030,17878,34901,18605,19165,37778,19441,20482,39925,3494,3560,7055,3830,3932,7762,4089,4313,8404,3444,3583,7032,3894,4105,7993,4175,4422,8598,3390,3633,7020,3688,3926,7613,4203,4366,8570,3493,3624,7120,3659,3907,7566,4247,4494,8745,3457,3497,6960,3586,3940,7532,4310,4610,8915,17277,17898,35174,18659,19802,38469,21022,22213,43237,3523,3685,7207,3714,4029,7741,4314,4690,9006,3354,3518,6874,3777,3987,7766,4294,4792,9090,3257,3451,6711,3728,3984,7710,4096,4627,8724,3362,3383,6747,3902,4126,8028,4231,4577,8807,3267,3407,6675,3802,3964,7771,4211,4605,8815,16770,17446,34216,18927,20084,39011,21146,23297,44445,3378,3488,6868,3760,4060,7820,4198,4670,8869,3472,3708,7177,3690,3937,7633,4272,4583,8856,3702,3576,7274,3611
310,3946,2152,2057,4212,2319,2253,4579,10558,10126,20686,11408,10634,22044,12206,11783,23991,1948,1886,3831,2343,2120,4456,2439,2317,4756,2069,1914,3988,2201,2231,4438,2504,2290,4789,1915,1868,3781,2251,2208,4451,2442,2302,4745,1893,1816,3715,2269,2191,4458,2437,2374,4813,1868,1980,3852,2220,2326,4547,2437,2379,4818,9697,9471,19165,11283,11070,22354,12255,11659,23919,1903,1978,3881,2212,2345,4552,2617,2474,5096,1929,2000,3933,2323,2457,4777,2560,2591,5152,2011,2083,4089,2280,2330,4612,2586,2580,5162,2088,2115,4200,2223,2273,4492,2546,2718,5264,1949,2064,4014,2231,2397,4629,2590,2864,5456,9880,10233,20111,11260,11802,23063,12902,13224,26127,2028,1994,4022,2327,2468,4793,2644,2910,5551,1995,2037,4030,2309,2422,4728,2802,2994,5790,1904,1939,3843,2352,2580,4931,2752,2804,5553,1903,1918,3823,2512,2608,5124,2798,2811,5603,1885,1899,3782,2323,2411,4737,2648,2851,5500,9715,9788,19505,11822,12490,24307,13639,14364,27998,1912,1999,3907,2284,2262,4550,2775,2884,5658,2021,2055,4071,2248,2261,4507,2666,2836,5495,2010,1962,3973,2054
311,4254,2305,2107,4413,2306,2170,4482,11639,10888,22528,11481,10838,22320,12469,11570,24043,2117,2097,4214,2281,2092,4374,2398,2263,4663,2077,2064,4145,2228,2186,4417,2375,2350,4722,2032,1981,4015,2208,2158,4367,2315,2276,4593,1967,1922,3895,2175,2138,4312,2428,2301,4734,1919,1974,3890,2171,2097,4269,2412,2379,4794,10112,10044,20156,11071,10672,21738,11933,11571,23503,1910,1947,3853,2157,2196,4351,2446,2374,4819,1951,2123,4074,2090,2278,4368,2520,2552,5080,2042,2130,4172,2112,2239,4348,2538,2642,5177,2051,2058,4110,2058,2211,4272,2488,2628,5119,1997,2047,4044,2118,2236,4359,2524,2656,5185,9949,10301,20251,10546,11153,21694,12518,12854,25374,2009,2145,4154,2063,2242,4311,2536,2733,5271,1941,1984,3924,2104,2410,4519,2487,2724,5206,1854,2083,3939,2285,2350,4636,2492,2739,5228,1940,1964,3896,2259,2249,4512,2463,2646,5113,1934,2021,3954,2192,2236,4428,2497,2619,5114,9678,10187,19867,10904,11490,22399,12474,13458,25930,1952,2110,4070,2222,2296,4517,2477,2617,5094,1962,2079,4038,2165,2193,4361,2523,2802,5322,2079,2071,4154,2038
312,2043,877,831,1705,940,844,1787,5646,5042,10693,5136,4817,9950,5381,5019,10398,1078,923,2002,925,834,1765,1060,946,2008,1125,1002,2124,903,905,1807,1014,981,1990,1080,1048,2127,1070,1005,2076,1045,1020,2066,1202,1044,2243,1047,1131,2175,1095,1154,2257,1272,1149,2427,1144,1152,2300,1152,1073,2227,5759,5169,10928,5083,5031,10116,5368,5178,10543,1299,1216,2517,1202,1160,2360,1165,1141,2306,1304,1261,2561,1152,1255,2408,1249,1170,2420,1322,1178,2500,1163,1226,2393,1218,1264,2484,1400,1209,2608,1219,1172,2390,1274,1327,2604,1319,1194,2522,1265,1213,2474,1356,1323,2680,6641,6065,12704,5998,6016,12018,6263,6230,12490,1274,1180,2454,1265,1264,2530,1322,1316,2633,1236,1150,2386,1256,1294,2552,1297,1305,2607,1177,1065,2234,1323,1224,2549,1168,1301,2464,1231,1089,2317,1303,1226,2532,1218,1227,2445,1288,1124,2408,1298,1226,2523,1339,1251,2592,6200,5607,11806,6447,6238,12692,6342,6403,12744,1204,1135,2337,1216,1131,2350,1310,1308,2616,1232,1040,2273,1154,1073,2226,1279,1352,2636,1344,1179,2524,1115
313,2777,1405,1417,2821,1566,1444,3010,7743,7324,15064,7648,7304,14945,8131,7680,15811,1379,1305,2686,1427,1373,2802,1583,1444,3023,1307,1253,2560,1353,1316,2670,1484,1360,2847,1186,1177,2363,1382,1341,2726,1471,1391,2864,1137,1195,2336,1396,1373,2764,1482,1397,2880,1149,1188,2337,1349,1330,2677,1432,1400,2824,6157,6115,12279,6913,6729,13646,7455,6982,14440,1158,1239,2399,1377,1335,2710,1447,1362,2812,1175,1220,2395,1350,1376,2726,1418,1455,2878,1135,1231,2364,1250,1300,2549,1537,1494,3031,1163,1284,2445,1222,1279,2498,1552,1569,3113,1130,1226,2362,1169,1291,2458,1487,1607,3101,5768,6195,11964,6374,6578,12954,7445,7486,14935,1214,1325,2543,1272,1386,2653,1510,1580,3092,1171,1276,2452,1345,1389,2739,1525,1626,3148,1186,1200,2391,1257,1344,2608,1443,1545,2985,1178,1305,2484,1329,1435,2761,1435,1529,2962,1179,1323,2509,1336,1368,2705,1412,1502,2914,5933,6442,12371,6541,6931,13473,7323,7774,15100,1236,1344,2578,1312,1428,2737,1426,1641,3068,1307,1417,2730,1280,1463,2745,1557,1641,3199,1346,1503,2844,1246
314,2334,1225,1220,2442,1330,1363,2693,6166,6063,12228,6623,6352,12970,7426,7133,14561,1185,1113,2295,1312,1224,2535,1368,1304,2676,1099,1032,2129,1307,1267,2577,1337,1243,2583,1043,929,1974,1223,1194,2414,1385,1332,2718,911,989,1898,1216,1185,2401,1310,1288,2597,908,956,1872,1109,1289,2397,1221,1272,2498,5145,5019,10161,6168,6155,12320,6625,6442,13072,980,1019,1996,1214,1292,2508,1256,1366,2621,1000,1003,2001,1204,1290,2491,1357,1354,2709,961,1070,2032,1173,1191,2361,1315,1375,2687,976,1163,2140,1185,1314,2495,1297,1398,2697,1100,1106,2209,1240,1290,2528,1414,1650,3066,5022,5362,10380,6008,6377,12386,6638,7138,13771,1112,1104,2215,1280,1451,2732,1446,1627,3073,1101,1219,2323,1298,1448,2746,1561,1569,3129,1089,1178,2268,1298,1441,2741,1415,1562,2969,1117,1243,2355,1305,1583,2886,1441,1637,3080,1138,1267,2409,1351,1444,2792,1518,1642,3157,5555,6016,11572,6534,7358,13891,7367,8039,15411,1222,1289,2506,1457,1445,2901,1534,1739,3271,1257,1388,2644,1386,1443,2835,1575,1720,3297,1314,1327,2642,1364
315,1085,541,422,965,495,479,981,2851,2397,5250,2534,2259,4798,2537,2268,4804,606,510,1117,528,474,999,528,499,1023,604,533,1136,523,514,1032,572,501,1070,641,579,1217,604,541,1142,521,522,1041,636,588,1223,612,587,1201,562,571,1132,631,614,1244,620,617,1236,626,576,1199,3117,2816,5935,2877,2732,5611,2804,2661,5463,674,656,1327,689,604,1292,646,607,1254,701,697,1395,694,619,1315,660,607,1262,678,666,1351,605,636,1238,637,626,1267,680,649,1331,624,648,1270,726,603,1322,684,646,1330,623,593,1213,632,643,1268,3419,3306,6727,3236,3098,6334,3292,3077,6374,632,592,1224,579,640,1216,609,618,1221,615,554,1164,618,575,1195,644,612,1258,633,540,1172,553,565,1116,640,619,1256,532,530,1063,576,559,1134,576,564,1140,628,566,1193,560,582,1146,569,577,1145,3038,2780,5815,2886,2925,5810,3029,2990,6021,558,557,1113,541,535,1078,603,597,1197,699,552,1250,562,481,1042,556,551,1112,611,563,1173,506
316,3366,1809,1812,3620,2039,2003,4039,9895,9602,19490,10383,10154,20543,11764,11357,23120,1652,1580,3226,1781,1786,3570,2005,2060,4070,1577,1476,3052,1843,1786,3630,1971,1957,3934,1448,1445,2892,1717,1695,3410,1841,1953,3792,1438,1372,2810,1629,1606,3236,1851,1906,3752,1396,1411,2809,1617,1693,3308,1802,1889,3692,7515,7282,14790,8593,8570,17161,9473,9769,19242,1405,1371,2774,1642,1663,3304,1788,1906,3692,1458,1573,3033,1663,1669,3335,1983,1995,3974,1402,1444,2847,1642,1732,3376,1920,2089,4009,1424,1604,3030,1555,1672,3229,1984,2167,4154,1423,1591,3016,1644,1766,3404,1942,2150,4097,7116,7587,14695,8147,8501,16646,9624,10310,19930,1433,1592,3021,1624,1783,3405,2085,2272,4364,1445,1557,3001,1771,1935,3704,2068,2234,4302,1531,1690,3222,1739,1911,3651,2075,2340,4406,1509,1721,3232,1800,2087,3885,2092,2306,4395,1566,1733,3298,1793,1993,3785,2127,2403,4523,7488,8289,15781,8725,9709,18438,10447,11551,21994,1654,1801,3456,1929,2024,3949,2227,2407,4638,1691,1994,3682,1846,1969,3817,2205,2525,4735,1934,2123,4056,1917
317,1971,999,937,1937,1054,969,2026,5310,5309,10622,5155,5090,10239,5561,5427,10992,938,995,1933,924,993,1918,977,1047,2023,941,996,1936,927,979,1906,1009,999,2003,882,962,1847,1060,991,2057,981,1021,1998,900,918,1814,1091,1003,2094,1078,1050,2124,872,872,1740,1081,1065,2147,1045,1123,2163,4533,4739,9269,5074,5038,10114,5085,5233,10312,941,941,1880,1076,1023,2097,1070,1037,2114,887,901,1792,968,1003,1968,1051,1091,2149,930,947,1877,964,992,1952,1090,1171,2255,919,951,1869,981,1021,1998,1154,1140,2298,840,824,1665,956,960,1911,1074,1191,2265,4515,4566,9081,4946,4996,9934,5437,5636,11074,879,841,1727,999,1018,2010,1106,1118,2220,822,848,1671,915,954,1870,1013,1157,2175,769,867,1630,976,964,1940,990,1140,2126,702,798,1498,917,969,1887,1006,1073,2080,811,792,1604,849,952,1799,1010,1036,2044,3988,4152,8130,4645,4854,9503,5124,5520,10645,747,896,1647,902,880,1785,1033,1147,2184,846,875,1723,832,880,1710,959,1034,1995,918,899,1808,795
318,3433,1733,1669,3401,1598,1556,3161,8558,8039,16601,8311,7744,16049,7713,7689,15403,1770,1738,3505,1873,1645,3523,1766,1582,3352,1743,1782,3525,1964,1818,3783,1882,1715,3605,1631,1602,3235,1920,1720,3644,1794,1604,3393,1625,1543,3171,1847,1725,3573,1806,1631,3433,1632,1526,3157,1734,1634,3369,1754,1523,3276,8405,8192,16601,9342,8548,17896,9005,8053,17056,1562,1565,3123,1710,1696,3403,1856,1575,3434,1631,1550,3183,1751,1575,3324,1757,1665,3419,1543,1655,3198,1624,1606,3225,1860,1679,3529,1595,1562,3152,1508,1593,3100,1654,1626,3277,1520,1565,3081,1585,1513,3099,1548,1610,3159,7843,7897,15745,8174,7976,16145,8667,8144,16818,1472,1486,2962,1586,1553,3134,1597,1600,3194,1394,1457,2850,1548,1586,3135,1635,1591,3224,1392,1433,2828,1510,1684,3189,1505,1572,3076,1349,1447,2796,1560,1614,3182,1443,1519,2962,1432,1525,2952,1434,1551,2986,1441,1452,2894,7041,7352,14389,7636,7983,15624,7622,7724,15346,1409,1487,2901,1475,1503,2978,1477,1598,3073,1444,1441,2884,1379,1476,2853,1461,1598,3057,1483,1496,2975,1359
319,2731,1385,1351,2730,1557,1353,2916,8877,8300,17176,8511,7983,16494,8821,8083,16904,1301,1261,2561,1370,1205,2578,1363,1301,2659,1271,1226,2493,1293,1274,2565,1392,1241,2635,1165,1128,2297,1331,1281,2611,1381,1289,2671,1108,1226,2335,1407,1329,2736,1336,1374,2707,1153,1215,2370,1337,1368,2710,1424,1384,2804,5997,6059,12058,6744,6455,13196,6891,6584,13476,1127,1180,2303,1322,1358,2677,1365,1323,2690,1112,1272,2381,1350,1373,2727,1416,1419,2834,1124,1213,2337,1236,1273,2504,1448,1477,2925,1154,1326,2476,1221,1391,2607,1458,1489,2945,1241,1355,2597,1215,1321,2537,1489,1464,2954,5751,6344,12095,6343,6709,13057,7172,7174,14349,1179,1280,2461,1310,1316,2623,1393,1514,2909,1275,1320,2597,1212,1377,2584,1424,1463,2887,1221,1344,2566,1251,1416,2666,1386,1439,2820,1148,1395,2538,1315,1468,2783,1347,1524,2871,1304,1432,2740,1395,1455,2853,1380,1594,2972,6128,6779,12909,6480,7034,13511,6927,7529,14455,1312,1489,2797,1213,1416,2630,1434,1403,2835,1343,1478,2821,1358,1447,2808,1343,1602,2938,1448,1698,3147,1395
397,0,0,0,0,0,0,0,12,12,21,4,4,12,0,0,0,7,9,14,0,0,0,0,4,4,3,4,7,0,0,0,0,0,0,12,5,21,0,0,0,0,0,0,5,0,5,0,0,0,0,0,0,3,3,7,0,0,0,9,5,9,39,17,50,6,3,6,4,9,16,8,7,14,0,3,0,4,5,7,12,0,10,0,0,3,0,0,0,0,0,0,0,0,0,11,0,11,3,0,3,0,0,0,0,0,3,0,5,5,0,0,0,3,3,7,29,9,37,4,5,6,15,11,25,3,0,3,0,0,0,0,0,0,3,0,3,0,0,0,6,0,6,8,0,8,0,0,0,0,0,0,4,3,5,0,5,5,10,0,7,0,0,5,0,0,0,3,5,6,21,5,24,3,5,4,17,4,24,3,3,9,0,0,0,3,0,7,3,5,7,0,0,0,4,0,5,5,0,7,0
399,144,70,92,162,83,72,155,268,251,523,210,200,408,272,291,566,97,85,176,89,89,182,71,83,151,100,100,203,84,95,181,84,93,172,98,105,207,125,113,237,76,91,162,127,126,254,138,139,273,94,103,197,155,128,282,121,138,265,123,120,243,572,545,1118,562,573,1130,444,493,934,154,136,286,183,162,347,118,137,255,135,123,254,128,121,248,135,178,315,137,106,248,144,113,260,117,129,250,140,105,242,129,137,263,134,151,281,125,68,192,136,94,225,142,162,308,687,533,1223,716,631,1348,642,762,1404,146,87,237,144,95,237,156,145,300,119,75,195,105,85,189,126,116,243,91,55,149,89,80,168,142,111,250,79,60,136,117,58,177,103,106,208,93,65,158,111,56,171,136,96,226,530,339,872,568,373,941,660,582,1242,97,70,160,124,65,187,146,101,249,109,62,170,101,46,146,110,85,197,109,57,162,82
401,4076,2084,2145,4224,1947,1959,3905,9132,8844,17977,9361,9094,18459,9233,9066,18294,2249,2236,4489,2245,2215,4461,2169,2179,4340,2279,2348,4627,2274,2243,4517,2244,2198,4449,2330,2265,4597,2083,2137,4218,2224,2108,4334,2134,2131,4266,2223,2109,4330,2219,2192,4413,1981,1979,3955,2129,2084,4213,2268,2154,4420,10977,10960,21940,10957,10782,21740,11121,10838,21957,2032,1953,3982,2102,1951,4057,2296,2091,4387,1848,1845,3696,1946,2002,3947,2250,2109,4363,1814,1867,3679,2015,1800,3809,2092,2138,4232,1863,1883,3745,1809,1827,3635,2026,2018,4038,1734,1752,3486,1707,1808,3516,1977,2031,4009,9292,9297,18591,9584,9388,18976,10637,10380,21023,1641,1649,3291,1718,1824,3539,2057,2027,4086,1691,1632,3321,1714,1775,3485,1977,2042,4020,1657,1566,3223,1791,1872,3660,2047,1992,4037,1635,1626,3262,1825,1877,3701,1902,2070,3969,1597,1677,3274,1788,1858,3651,1923,2133,4056,8211,8149,16366,8833,9200,18034,9905,10264,20171,1692,1652,3346,1690,1762,3451,2010,2015,4028,1613,1757,3375,1733,1790,3522,1971,2096,4062,1805,1791,3588,1761
402,5571,2832,2677,5511,2812,2543,5353,13984,13251,27232,13665,12868,26528,13806,12833,26643,2759,2639,5397,3013,2685,5693,2960,2673,5632,2902,2773,5677,3115,2834,5950,3156,2807,5963,2855,2644,5494,3041,2793,5834,3168,2949,6116,2788,2680,5466,2974,2902,5876,3303,2913,6217,2777,2780,5554,3010,2863,5876,3391,3046,6433,14075,13515,27586,15151,14079,29230,15974,14386,30363,2885,2837,5725,2885,2910,5796,3483,3172,6660,2982,2871,5851,2956,3070,6024,3606,3297,6904,3006,2998,6007,2946,3109,6058,3400,3270,6665,2943,2923,5868,3004,3142,6138,3460,3356,6810,2813,2834,5649,3097,3215,6310,3420,3360,6778,14633,14466,29099,14877,15440,30318,17368,16454,33817,2833,2852,5678,3183,3276,6456,3195,3330,6528,2711,2626,5336,3246,3321,6573,3314,3541,6858,2700,2600,5299,3357,3309,6668,3265,3446,6717,2484,2500,4981,3220,3300,6517,3309,3436,6744,2683,2620,5294,3056,3074,6137,3380,3458,6836,13406,13190,26595,16066,16282,32351,16462,17218,33677,2560,2549,5109,3101,3005,6104,3409,3551,6962,2725,2630,5355,2956,2946,5907,3479,3477,6956,2573,2609,5182,2802
403,4681,2194,2263,4453,2166,2092,4258,11378,11002,22376,10887,10638,21524,10911,10392,21302,2301,2255,4556,2296,2325,4616,2159,2185,4344,2268,2375,4642,2409,2256,4668,2320,2298,4616,2247,2173,4420,2224,2242,4465,2259,2180,4441,2199,2167,4361,2202,2228,4437,2218,2167,4386,2196,2152,4350,2177,2229,4405,2225,2208,4436,11207,11120,22331,11307,11283,22584,11183,11045,22229,2232,2235,4460,2155,2174,4327,2240,2305,4543,2194,2109,4308,2140,2162,4300,2417,2196,4614,2189,2232,4422,2135,2158,4294,2178,2215,4392,2131,2100,4233,2142,2255,4399,2212,2335,4544,2083,2145,4224,2059,2283,4341,2266,2386,4652,10823,10827,21648,10628,11033,21665,11318,11433,22756,2103,2126,4226,2186,2401,4591,2344,2469,4812,1934,2148,4079,2221,2372,4590,2383,2411,4791,2039,2161,4199,2253,2429,4689,2355,2368,4720,2029,2135,4163,2313,2291,4610,2391,2531,4919,2094,2196,4293,2262,2403,4662,2279,2531,4810,10191,10769,20957,11236,11898,23136,11758,12300,24059,2058,2070,4132,2273,2380,4651,2409,2670,5077,2103,2147,4250,2132,2285,4417,2443,2582,5024,2168,2237,4404,2099
404,2744,1499,1425,2919,1263,1220,2483,6552,6189,12742,6572,6299,12868,6220,5825,12052,1450,1443,2894,1565,1486,3049,1462,1447,2916,1644,1535,3183,1653,1594,3246,1584,1541,3123,1632,1543,3175,1590,1610,3200,1698,1628,3327,1571,1435,3008,1656,1582,3239,1763,1720,3478,1672,1520,3194,1626,1618,3243,1812,1872,3679,7974,7479,15454,8080,7896,15978,8317,8198,16525,1595,1496,3091,1661,1607,3275,1944,1883,3833,1639,1695,3331,1692,1737,3435,1934,1902,3836,1682,1600,3279,1670,1659,3334,1918,1931,3851,1582,1563,3144,1664,1744,3407,2023,1901,3917,1520,1580,3095,1701,1701,3398,1908,1909,3816,8016,7925,15941,8393,8454,16850,9732,9523,19257,1541,1525,3066,1783,1636,3424,1954,1932,3884,1503,1426,2925,1662,1765,3431,1894,1902,3797,1503,1452,2954,1750,1758,3505,1905,1939,3845,1459,1426,2885,1631,1671,3299,1837,1898,3737,1464,1427,2888,1614,1695,3311,1851,1844,3692,7468,7252,14722,8443,8532,16972,9441,9516,18952,1429,1395,2826,1565,1557,3123,1806,1823,3630,1477,1414,2894,1477,1440,2915,1749,1870,3621,1433,1513,2950,1518
405,997,556,447,1001,580,490,1067,3412,3025,6439,3288,2969,6253,3136,2833,5968,541,460,999,535,452,985,535,457,1000,499,420,921,538,462,1002,540,443,983,483,404,888,497,450,951,508,523,1037,452,431,886,471,453,925,508,457,964,470,455,934,475,466,945,534,477,1006,2446,2177,4625,2520,2285,4807,2631,2353,4985,441,479,917,561,497,1060,557,464,1018,451,456,906,501,478,984,533,519,1051,499,457,963,476,480,957,507,525,1040,484,505,987,456,479,935,509,528,1040,487,498,975,503,556,1056,492,502,992,2366,2393,4756,2504,2482,4990,2606,2542,5148,490,499,991,524,549,1065,592,553,1144,473,514,987,512,534,1056,540,555,1093,465,458,922,503,504,1010,559,531,1094,467,537,1010,558,561,1123,493,577,1070,515,543,1060,524,561,1085,551,591,1141,2418,2556,4966,2621,2705,5331,2738,2803,5542,516,565,1081,552,565,1113,521,646,1163,513,556,1074,501,560,1063,550,626,1179,571,544,1115,495
406,951,442,392,837,431,391,824,2840,2564,5403,2360,2186,4548,2367,2117,4487,508,448,956,460,396,857,401,329,728,515,436,950,489,409,899,439,379,820,624,455,1076,470,417,884,444,406,855,545,534,1077,507,494,1004,454,425,879,568,549,1111,508,509,1010,491,488,980,2755,2415,5173,2436,2221,4654,2224,2034,4259,581,555,1135,544,540,1084,546,482,1029,577,549,1119,565,501,1060,566,549,1111,532,517,1050,589,516,1099,542,499,1042,550,569,1113,530,543,1075,573,556,1131,581,537,1118,524,499,1026,513,558,1077,2816,2725,5540,2742,2599,5342,2745,2651,5396,522,520,1037,586,573,1155,570,569,1142,496,487,984,575,494,1078,542,514,1057,541,459,1000,551,538,1091,612,531,1141,536,489,1026,525,486,1012,546,524,1073,524,472,997,540,513,1053,541,532,1073,2622,2422,5049,2774,2606,5383,2812,2671,5482,560,553,1118,522,519,1034,584,553,1139,563,494,1060,477,433,913,577,500,1079,550,513,1067,500
407,1860,951,823,1779,959,878,1843,5713,5227,10939,5285,5039,10327,5365,4861,10226,965,765,1733,897,766,1666,908,814,1719,911,745,1658,929,767,1699,921,752,1668,794,745,1544,912,801,1712,918,791,1709,852,777,1628,924,881,1806,906,864,1767,858,777,1633,941,902,1843,943,854,1802,4386,3807,8199,4602,4121,8728,4590,4070,8662,851,867,1719,985,825,1813,933,857,1788,852,812,1662,951,897,1841,954,942,1894,878,913,1790,868,871,1733,966,939,1904,836,901,1731,895,855,1752,998,975,1969,880,846,1723,895,888,1784,942,991,1930,4294,4333,8627,4582,4336,8921,4793,4691,9492,916,897,1816,931,934,1867,1042,957,2003,892,897,1795,938,907,1846,1011,995,2010,840,853,1695,935,978,1916,1007,964,1973,886,879,1760,911,916,1829,1004,967,1976,871,946,1822,909,918,1824,969,970,1936,4408,4472,8882,4624,4661,9283,5037,4852,9893,938,984,1922,967,931,1898,975,1013,1982,945,980,1927,945,929,1871,1034,981,2020,990,1006,1996,940
497,0,0,0,0,0,0,0,0,0,0,0,0,0,0,0,0,0,0,0,0,0,0,0,0,0,0,0,0,0,0,0,0,0,0,0,0,0,0,0,0,0,0,0,0,0,0,0,0,0,0,0,0,0,0,0,0,0,0,0,0,0,0,0,0,0,0,0,0,0,0,0,0,0,0,0,0,0,0,0,0,0,0,0,0,0,0,0,0,0,0,0,0,0,0,0,0,0,0,0,0,0,0,0,0,0,0,0,0,0,0,0,0,0,0,0,3,0,3,0,0,0,0,0,0,0,0,0,0,0,0,0,0,0,0,0,0,0,0,0,0,0,0,0,0,0,0,0,0,0,0,0,0,0,0,0,0,0,0,0,0,0,0,0,0,0,0,0,0,0,0,0,0,0,0,0,0,0,0,0,0,0,0,0,0,0,0,0,0,0,0,0,0,0,0,0,0,0,0,0,0
499,50,33,11,45,23,28,48,76,67,145,94,75,170,74,112,186,24,19,47,31,14,40,29,14,39,35,27,52,24,30,49,26,39,64,38,29,69,30,22,54,15,16,29,36,27,61,33,20,51,23,18,36,25,35,56,43,25,71,18,17,34,149,133,283,165,102,262,108,95,206,29,29,60,36,20,56,29,43,72,37,22,60,43,31,74,35,35,73,40,18,61,33,16,52,26,17,43,30,32,69,38,21,54,35,28,60,35,24,61,37,24,59,28,31,59,170,135,308,185,115,300,152,153,309,34,27,63,42,20,59,35,38,72,37,17,49,28,11,41,30,29,57,41,18,57,32,21,54,31,34,70,36,19,55,29,17,51,37,29,64,36,21,61,29,22,51,32,28,51,178,107,286,165,90,254,166,149,318,30,16,45,33,25,52,21,25,47,33,13,42,28,8,37,29,40,69,28,16,53,28
501,1629,898,785,1686,852,829,1678,5461,4871,10331,5678,5188,10870,5592,5373,10963,873,795,1665,778,734,1513,878,736,1618,797,762,1558,799,756,1555,834,729,1561,841,725,1567,832,740,1576,835,772,1604,767,753,1521,838,813,1654,793,729,1529,818,834,1652,841,874,1715,831,808,1633,4095,3863,7957,4094,3922,8015,4170,3777,7948,915,815,1729,864,910,1769,828,821,1647,846,897,1749,865,923,1783,897,902,1801,898,877,1780,950,897,1846,947,928,1878,849,888,1736,900,951,1856,924,986,1908,896,921,1823,937,1030,1960,960,1023,1984,4415,4395,8810,4511,4707,9216,4562,4659,9216,971,937,1904,1009,1081,2095,1025,1074,2102,945,951,1893,943,1115,2056,987,1061,2051,918,983,1898,1036,1086,2122,1067,1130,2197,948,1011,1959,1016,1134,2156,1043,1165,2208,930,990,1920,1031,1179,2216,1065,1126,2190,4709,4863,9582,5040,5600,10637,5193,5556,10748,927,1058,1981,1112,1102,2218,1119,1213,2336,982,1063,2042,1020,1160,2182,1027,1280,2312,1025,1151,2175,1113
502,984,553,546,1097,563,524,1087,2838,2655,5498,2934,2888,5820,3015,2971,5986,463,460,924,553,528,1079,566,537,1108,453,462,918,553,513,1064,530,615,1143,444,446,891,532,472,1003,527,506,1036,422,449,876,497,511,1012,502,519,1026,423,428,855,469,507,969,496,498,993,2208,2249,4457,2595,2530,5128,2623,2686,5306,450,444,896,453,493,941,496,501,1001,430,447,873,475,510,986,506,544,1050,411,399,807,485,507,987,522,531,1052,456,502,959,450,561,1010,489,556,1048,389,416,797,515,532,1051,480,556,1035,2137,2209,4344,2376,2601,4974,2493,2692,5188,404,445,850,551,595,1145,540,568,1106,396,426,819,519,520,1044,495,586,1081,391,427,823,500,545,1041,558,600,1158,372,438,810,509,587,1088,511,644,1157,413,458,867,522,544,1064,575,621,1196,1982,2197,4174,2595,2789,5380,2677,3020,5700,422,475,898,515,562,1076,628,661,1293,423,459,889,516,529,1043,564,664,1233,459,476,937,479
503,2277,1046,1213,2265,1089,1204,2295,4549,4737,9285,4564,4890,9448,5030,5143,10172,1230,1244,2472,1236,1188,2423,1189,1348,2531,1275,1352,2626,1198,1271,2465,1228,1302,2527,1424,1401,2827,1225,1278,2507,1228,1351,2581,1508,1535,3040,1427,1493,2919,1291,1406,2704,1572,1426,2999,1495,1545,3036,1407,1518,2930,7011,6961,13969,6578,6766,13352,6339,6927,13265,1658,1568,3233,1678,1610,3292,1537,1506,3045,1741,1576,3325,1666,1673,3339,1588,1520,3106,1565,1570,3134,1619,1694,3313,1538,1603,3149,1689,1535,3218,1712,1763,3471,1488,1592,3081,1541,1403,2946,1647,1589,3234,1570,1619,3185,8193,7654,15849,8325,8329,16653,7721,7841,15567,1455,1394,2852,1726,1728,3453,1574,1584,3157,1372,1220,2592,1586,1592,3176,1629,1609,3241,1318,1199,2520,1559,1524,3083,1543,1567,3107,1185,1096,2285,1531,1421,2957,1616,1607,3219,1102,1085,2196,1485,1348,2835,1477,1455,2930,6433,5998,12437,7889,7610,15500,7834,7825,15654,1124,988,2110,1406,1315,2718,1532,1415,2948,1063,1043,2104,1280,1181,2459,1456,1405,2863,1016,1026,2038,1196
504,2866,1625,1523,3149,1582,1466,3048,7737,7212,14948,8046,7391,15437,8253,7566,15820,1560,1484,3050,1723,1501,3228,1705,1507,3216,1578,1459,3038,1730,1533,3269,1720,1570,3294,1534,1382,2916,1715,1556,3279,1685,1578,3262,1538,1356,2896,1653,1658,3310,1714,1571,3289,1623,1461,3089,1711,1748,3455,1745,1765,3509,7841,7139,14981,8529,8003,16533,8574,7993,16571,1674,1464,3136,1722,1833,3559,1825,1714,3532,1552,1579,3132,1872,1874,3747,1904,1896,3797,1598,1501,3106,1859,1943,3801,1845,1890,3738,1649,1488,3138,1948,2002,3950,1920,2000,3927,1577,1510,3087,1997,2040,4036,1960,2093,4048,8053,7552,15602,9405,9688,19091,9450,9597,19045,1590,1577,3173,2084,2047,4135,2063,2209,4267,1504,1538,3042,2039,2079,4114,2207,2213,4416,1521,1564,3087,2057,1994,4051,2177,2292,4467,1542,1515,3058,2094,1978,4068,2218,2277,4496,1467,1529,2999,1993,1924,3922,2245,2305,4551,7630,7721,15354,10268,10022,20288,10908,11294,22203,1577,1574,3152,1986,1913,3895,2265,2291,4559,1567,1565,3128,1801,1810,3611,2249,2256,4510,1576,1593,3165,1788
505,6643,3588,3359,6940,3323,3135,6457,17248,16292,33541,17357,16607,33969,17773,16665,34435,3419,3339,6758,3438,3335,6775,3478,3352,6828,3507,3324,6832,3648,3365,7009,3522,3379,6903,3377,3369,6749,3539,3293,6841,3539,3395,6935,3434,3310,6748,3482,3388,6871,3441,3382,6825,3586,3429,7013,3564,3544,7099,3596,3419,7015,17325,16768,34094,17669,16926,34598,17578,16927,34506,3567,3564,7131,3815,3725,7533,3473,3494,6968,3733,3587,7321,3821,3909,7732,3711,3660,7375,3656,3603,7262,3878,4042,7922,3566,3749,7321,3682,3577,7255,4001,4093,8090,3549,3893,7443,3593,3492,7083,4214,4378,8593,3715,3961,7677,18235,17825,36062,19716,20148,39865,18015,18760,36779,3384,3448,6829,4222,4368,8597,3864,4212,8078,3319,3444,6758,4294,4295,8597,4019,4330,8347,3245,3403,6646,4273,4302,8573,4012,4501,8511,3279,3390,6669,4205,4168,8372,4127,4422,8549,3328,3289,6617,4167,4148,8321,4381,4765,9148,16550,16973,33523,21170,21287,42456,20408,22219,42622,3350,3569,6914,3945,4008,7950,4278,4635,8914,3389,3517,6908,3811,3905,7724,4375,4671,9047,3539,3585,7120,3577
506,6538,3355,3187,6546,3136,3069,6202,15543,14537,30073,15698,14537,30240,15601,14847,30444,3619,3485,7105,3806,3468,7278,3483,3181,6667,3833,3575,7408,3925,3463,7388,3693,3505,7199,3884,3763,7652,3893,3587,7485,3912,3551,7470,3827,3508,7332,3909,3621,7525,3786,3542,7325,3804,3499,7304,3838,3549,7383,3717,3622,7338,18965,17836,36798,19377,17687,37060,18590,17408,35999,3873,3483,7357,4027,3772,7801,4014,3735,7754,3790,3548,7339,4251,3958,8212,3980,3830,7808,3810,3469,7278,4186,4107,8294,3973,3818,7792,3674,3412,7083,4249,4130,8383,3873,3858,7731,3601,3411,7019,4126,4189,8313,3901,3867,7766,18753,17317,36071,20843,20160,41002,19738,19115,38852,3551,3400,6952,4393,4297,8694,3962,4170,8130,3316,3242,6551,4224,4195,8418,4101,4245,8352,3293,3145,6438,4240,4208,8451,4122,4365,8485,3232,3025,6260,4266,4149,8412,4216,4296,8516,2994,2966,5954,4287,3952,8239,4101,4391,8495,16383,15779,32160,21409,20799,42209,20505,21471,41977,3065,2943,6005,4032,3859,7891,4264,4436,8703,3055,2993,6049,3832,3673,7505,4394,4388,8786,2961,3048,6009,3617
507,4982,2682,2483,5158,2680,2529,5212,12379,12023,24404,12803,12408,25209,13464,12995,26454,2509,2534,5043,2672,2521,5193,2723,2624,5347,2611,2436,5042,2731,2665,5394,2659,2737,5393,2598,2467,5070,2760,2691,5446,2719,2775,5491,2495,2428,4923,2674,2681,5352,2786,2667,5461,2456,2344,4807,2764,2615,5377,2691,2602,5290,12673,12212,24890,13595,13170,26764,13576,13401,26979,2503,2369,4871,2706,2740,5445,2772,2703,5474,2457,2420,4870,2920,2859,5778,2804,2742,5546,2426,2484,4912,2852,2871,5719,2892,2979,5877,2501,2467,4971,2825,3060,5885,2766,2925,5686,2415,2377,4786,2914,2995,5912,2916,2924,5842,12301,12109,24411,14218,14522,28743,14142,14274,28418,2371,2528,4904,3007,3050,6055,2961,3225,6189,2377,2367,4742,3028,3043,6072,3101,3203,6302,2429,2374,4808,2965,3228,6186,3083,3343,6423,2317,2225,4542,3026,3177,6200,3048,3430,6474,2341,2418,4763,2959,3037,5998,3182,3328,6510,11834,11920,23752,14979,15533,30513,15373,16525,31895,2424,2439,4859,2877,3022,5899,3245,3456,6703,2368,2581,4949,2845,2912,5765,3313,3444,6757,2415,2524,4936,2809
509,1099,641,525,1165,672,519,1192,3971,3421,7390,3919,3372,7292,3866,3451,7320,647,477,1126,671,483,1152,581,496,1075,683,515,1203,690,520,1216,607,480,1080,629,545,1177,682,550,1229,594,519,1115,600,551,1149,640,569,1206,655,554,1212,631,580,1213,618,529,1154,660,571,1226,3196,2672,5867,3299,2652,5951,3099,2607,5712,611,640,1245,651,600,1251,675,559,1233,650,656,1304,718,708,1430,683,607,1289,637,633,1264,709,637,1348,685,652,1328,639,635,1272,661,644,1306,725,718,1441,631,710,1341,720,699,1415,635,638,1274,3159,3271,6429,3458,3289,6745,3402,3164,6566,669,648,1312,734,759,1485,731,684,1412,687,647,1330,736,713,1447,743,766,1508,627,717,1348,714,737,1454,725,714,1438,671,703,1376,734,749,1478,681,699,1374,687,732,1422,705,784,1490,764,753,1523,3339,3448,6783,3616,3742,7355,3640,3613,7257,750,784,1533,751,714,1463,730,752,1491,724,770,1496,751,742,1491,794,761,1553,763,830,1596,728
510,1028,437,351,784,463,453,919,2619,2191,4808,2330,2050,4381,2526,2308,4829,640,478,1124,493,449,949,475,417,895,725,556,1283,532,451,989,462,444,904,841,657,1495,543,507,1048,544,503,1046,1032,743,1775,667,658,1326,603,570,1172,1173,788,1962,772,644,1417,651,601,1254,4417,3220,7633,3013,2714,5724,2731,2534,5265,1224,860,2087,879,767,1645,703,694,1398,1282,848,2130,1005,821,1831,785,776,1566,1272,937,2212,1144,839,1986,812,814,1628,1300,941,2237,1185,897,2083,741,767,1505,1275,788,2062,1279,883,2159,858,750,1607,6349,4375,10725,5498,4212,9703,3907,3796,7702,1185,787,1968,1280,984,2267,940,923,1857,1163,812,1972,1245,967,2212,885,910,1796,1058,787,1849,1206,913,2117,985,901,1896,1098,733,1830,1231,840,2075,1000,921,1916,1013,741,1761,1180,798,1974,999,919,1919,5517,3851,9368,6139,4504,10637,4810,4572,9378,1107,682,1789,1148,793,1939,997,923,1920,1140,724,1869,1076,741,1822,905,840,1743,1083,681,1766,999
511,1374,618,595,1212,633,550,1184,3999,3690,7694,3701,3471,7174,3438,3120,6553,738,625,1363,675,538,1209,616,531,1151,803,712,1510,648,611,1262,702,594,1292,791,749,1542,672,615,1285,739,616,1348,863,722,1590,722,670,1394,708,699,1415,893,820,1713,817,721,1535,746,719,1465,4095,3626,7716,3536,3161,6689,3514,3161,6674,972,815,1787,832,703,1538,848,708,1554,975,832,1802,832,831,1663,805,743,1544,897,807,1704,770,798,1569,830,720,1549,936,821,1763,903,772,1682,825,766,1597,862,831,1691,847,870,1717,889,773,1658,4642,4105,8748,4190,3973,8166,4197,3710,7904,870,769,1641,896,900,1798,812,771,1584,876,782,1657,878,832,1712,832,829,1658,870,810,1682,893,834,1729,817,805,1616,858,793,1655,896,826,1721,838,760,1596,821,772,1595,847,784,1629,789,805,1596,4302,3933,8229,4413,4171,8582,4081,3969,8049,869,841,1708,765,777,1539,866,799,1669,908,834,1746,810,767,1580,842,831,1672,889,837,1731,778
597,3,0,0,0,0,0,0,7,0,7,0,0,0,7,3,6,0,5,5,0,0,0,0,0,0,3,0,3,0,0,0,4,3,6,4,0,3,9,0,8,0,3,4,10,3,6,9,0,9,9,0,7,15,0,15,3,3,3,9,3,10,33,8,38,16,0,23,25,11,31,11,4,7,7,0,7,4,0,6,15,0,12,3,3,6,10,0,10,25,3,25,11,0,11,9,0,10,10,4,11,5,0,5,15,0,18,16,0,16,15,0,15,10,3,12,71,7,79,44,3,49,49,7,54,14,0,14,18,0,21,6,0,3,13,5,14,18,0,18,9,0,10,9,0,9,20,0,20,10,0,10,21,0,20,9,6,11,11,0,11,13,0,13,20,0,20,19,5,20,68,4,72,77,6,83,48,5,54,11,0,11,13,0,13,17,0,17,6,0,6,7,0,7,6,3,12,13,3,13,17
599,72,39,32,64,36,30,65,121,106,232,87,65,153,118,147,261,63,38,106,40,39,82,65,63,123,51,41,102,36,42,82,48,40,88,58,47,113,45,48,92,66,38,103,74,68,143,59,49,107,62,41,102,88,74,161,76,63,141,63,84,141,335,278,614,257,245,503,295,256,562,75,67,146,67,65,123,79,66,148,97,79,172,67,75,137,82,69,153,110,57,166,90,51,138,74,64,136,110,76,185,75,66,143,77,81,161,96,54,153,97,54,152,69,71,139,494,333,826,387,310,701,385,358,744,110,63,174,89,66,155,137,91,230,89,71,157,86,46,137,55,76,128,79,55,133,60,49,112,82,60,141,79,57,136,73,22,93,89,50,141,71,50,122,71,42,116,70,61,130,428,294,721,381,223,608,433,339,773,85,49,132,51,28,74,130,107,240,76,51,125,63,33,96,89,50,141,73,41,115,60
601,2766,1373,1335,2714,1337,1274,2616,7017,6767,13781,6881,6684,13566,6871,6453,13323,1430,1463,2894,1397,1402,2796,1410,1390,2799,1562,1430,2988,1450,1412,2860,1437,1299,2732,1465,1487,2951,1489,1371,2857,1447,1497,2944,1410,1420,2831,1428,1374,2795,1550,1514,3067,1459,1417,2883,1335,1403,2730,1637,1639,3274,7326,7223,14548,7087,6953,14046,7479,7341,14817,1391,1374,2763,1388,1468,2861,1810,1809,3614,1343,1407,2745,1456,1407,2863,2021,1922,3946,1314,1366,2672,1395,1488,2885,2101,2051,4150,1345,1343,2690,1372,1391,2767,2057,2032,4089,1247,1368,2611,1370,1446,2821,2055,2066,4118,6635,6847,13487,6981,7209,14196,10044,9877,19919,1251,1331,2582,1408,1460,2865,2093,2139,4227,1213,1306,2522,1378,1496,2873,2060,2118,4180,1214,1300,2512,1398,1481,2880,2020,1975,4002,1200,1286,2481,1433,1439,2871,1857,1904,3761,1181,1231,2414,1345,1454,2802,1845,1822,3667,6058,6456,12512,6966,7329,14292,9878,9956,19837,1249,1286,2537,1307,1471,2774,1816,1850,3662,1247,1402,2647,1295,1450,2742,1728,1838,3564,1358,1435,2789,1291
602,1826,897,876,1768,798,754,1551,4938,4598,9537,4566,4236,8804,4228,4015,8241,860,856,1712,890,876,1771,790,767,1556,884,794,1682,982,866,1850,932,822,1752,845,813,1659,962,810,1772,864,838,1698,749,768,1519,877,828,1706,873,805,1674,733,753,1482,795,762,1558,908,889,1796,4065,3990,8057,4514,4146,8661,4364,4115,8480,736,756,1492,756,783,1541,962,962,1924,730,793,1524,750,769,1519,1089,966,2055,700,767,1469,704,722,1430,1127,977,2103,714,759,1469,742,762,1504,1017,964,1978,709,791,1501,701,736,1443,975,1025,2000,3588,3866,7452,3660,3765,7428,5166,4896,10059,700,813,1510,764,754,1518,945,980,1918,663,746,1414,717,831,1550,1003,988,1988,706,732,1436,710,781,1492,911,906,1813,693,758,1449,744,805,1543,891,899,1788,689,735,1424,729,775,1499,857,868,1720,3455,3786,7238,3661,3944,7605,4598,4636,9234,758,794,1549,706,800,1502,879,895,1771,730,817,1549,689,753,1440,854,942,1798,788,888,1681,744
603,288,181,148,328,211,154,360,1006,864,1868,1033,904,1942,1141,933,2076,160,144,305,145,127,266,203,158,352,143,133,274,154,126,276,180,172,354,135,118,250,124,138,259,193,168,359,131,112,242,151,128,283,176,145,315,139,106,248,157,126,284,185,168,350,701,609,1314,731,645,1376,939,804,1742,119,143,259,148,147,300,178,179,353,134,150,286,158,138,295,188,190,374,144,165,310,143,121,263,157,177,330,154,153,304,144,157,306,210,210,427,160,153,310,148,139,283,199,214,405,699,766,1462,736,701,1443,930,962,1896,146,164,312,155,169,319,207,222,431,143,162,302,154,183,342,220,201,420,190,188,374,159,185,349,195,208,402,174,210,381,193,175,363,207,223,434,169,178,345,170,188,354,207,221,429,812,904,1721,827,897,1723,1038,1077,2116,196,204,400,172,198,370,226,237,467,195,233,425,187,185,372,235,234,466,217,214,435,170
604,1240,625,561,1187,577,527,1103,3839,3554,7392,3442,3253,6701,3243,3093,6336,623,588,1211,591,550,1135,606,541,1152,553,504,1057,591,548,1142,572,563,1136,545,542,1096,578,558,1138,577,618,1191,517,587,1104,541,569,1104,572,574,1146,523,561,1084,600,570,1169,627,612,1233,2766,2783,5548,2900,2789,5693,2958,2901,5864,511,559,1069,533,598,1129,620,590,1217,528,593,1125,556,528,1084,693,677,1379,552,577,1127,510,563,1077,680,705,1389,548,543,1088,520,619,1135,685,725,1414,541,583,1123,511,584,1091,689,682,1369,2677,2853,5529,2637,2887,5522,3376,3386,6762,518,644,1161,517,587,1105,704,698,1405,535,568,1111,556,582,1139,632,637,1266,541,588,1131,549,577,1131,622,689,1310,515,593,1105,546,521,1071,590,710,1296,549,588,1141,565,610,1173,644,672,1323,2664,2981,5647,2734,2881,5614,3195,3409,6597,593,605,1195,516,640,1157,594,656,1253,580,647,1225,528,555,1084,610,690,1302,620,643,1258,545
697,0,0,0,0,0,0,0,3,0,0,0,0,0,0,0,0,0,0,0,0,0,0,0,0,0,0,3,3,0,0,0,0,0,0,0,0,0,3,0,4,0,0,0,0,0,0,0,0,0,0,0,0,5,0,5,0,0,0,0,0,0,5,4,10,6,5,7,0,0,0,0,0,0,6,0,6,0,0,0,0,0,6,3,0,3,0,0,0,6,3,4,0,0,0,0,0,0,0,0,0,0,0,0,0,0,0,0,0,0,0,0,0,0,0,0,6,8,15,12,0,12,0,0,0,3,0,8,0,0,0,0,0,0,0,0,0,4,7,8,0,0,0,0,0,0,5,0,3,0,0,0,0,0,0,3,0,3,0,0,0,0,0,0,0,0,0,0,0,0,6,0,11,9,4,15,0,0,0,0,0,0,0,0,0,0,0,0,0,0,0,0,0,0,0,0,0,0,0,0,0
699,29,16,14,25,17,14,27,45,56,96,31,30,62,43,48,95,14,12,28,14,3,15,20,18,38,14,7,24,6,5,11,17,16,26,10,5,20,10,6,13,13,4,16,6,5,17,13,9,21,15,7,20,9,7,12,15,10,27,11,8,15,54,47,105,61,33,91,71,53,119,16,5,23,22,7,34,12,8,20,16,10,29,11,8,25,18,13,30,13,10,24,14,8,22,5,8,23,15,9,25,6,7,16,16,7,23,11,10,22,15,9,12,11,8,18,74,48,123,64,42,102,64,45,111,10,5,15,12,0,20,24,15,34,21,10,35,10,7,14,10,10,20,8,3,13,11,8,20,20,4,24,8,0,9,4,7,11,12,4,19,12,0,14,11,8,16,6,11,16,60,23,83,50,32,80,72,43,114,11,4,20,7,7,10,15,8,18,10,0,12,10,3,12,9,8,15,13,5,18,12
701,1529,785,667,1454,724,637,1357,4335,3692,8023,4040,3559,7600,3914,3735,7651,943,755,1703,863,689,1560,854,704,1554,1076,768,1844,1031,759,1792,864,725,1588,1045,792,1835,1051,851,1900,1004,802,1801,1093,901,1996,1080,975,2054,1100,896,1996,1134,954,2087,1171,1077,2249,1086,1017,2104,5298,4167,9459,5204,4352,9552,4903,4144,9046,1243,1050,2291,1345,1222,2567,1173,1169,2346,1146,998,2145,1439,1199,2638,1270,1218,2488,1119,1093,2213,1418,1302,2718,1256,1313,2567,1114,1086,2203,1446,1354,2801,1278,1356,2628,1117,1065,2178,1437,1311,2743,1232,1330,2561,5741,5295,11038,7085,6388,13470,6207,6377,12582,1129,1036,2165,1455,1356,2812,1352,1439,2786,1079,1006,2082,1422,1321,2743,1381,1397,2779,961,985,1951,1380,1236,2616,1299,1321,2615,921,990,1908,1410,1284,2694,1274,1371,2649,975,947,1924,1301,1227,2528,1240,1294,2531,5057,4963,10023,6967,6426,13392,6545,6821,13367,1038,996,2030,1324,1135,2460,1268,1242,2511,1000,955,1955,1225,1132,2360,1084,1304,2389,977,999,1979,1220
702,1291,640,566,1205,709,695,1403,3505,3253,6757,3420,3025,6439,3375,3057,6424,726,731,1461,710,644,1356,743,646,1396,706,703,1413,689,636,1329,652,616,1276,729,687,1416,721,608,1331,626,646,1274,722,697,1417,685,724,1409,635,659,1294,721,798,1521,735,741,1476,666,649,1314,3605,3619,7220,3548,3353,6903,3326,3225,6550,799,765,1556,745,856,1603,751,784,1536,771,849,1625,803,773,1575,759,791,1549,760,763,1521,783,827,1614,778,802,1582,859,832,1686,786,794,1582,809,836,1644,763,784,1550,804,804,1607,831,890,1719,3950,3990,7940,3924,4055,7976,3924,4104,8025,851,875,1727,815,847,1660,867,986,1850,674,707,1379,737,780,1519,797,863,1657,753,692,1449,742,833,1573,785,849,1634,659,670,1327,765,755,1525,755,775,1527,641,639,1279,710,717,1431,745,825,1567,3573,3581,7158,3778,3934,7715,3950,4287,8236,688,712,1403,749,753,1507,791,829,1621,643,677,1315,605,637,1234,720,800,1524,694,623,1319,609
797,7,0,0,0,0,0,0,7,0,4,0,0,0,4,0,4,0,0,0,0,0,0,0,0,0,0,0,0,3,0,3,0,0,0,4,0,4,0,0,0,0,0,0,3,0,7,0,0,0,0,0,3,3,0,3,0,0,3,0,0,0,15,0,16,4,0,4,6,3,6,0,0,0,0,0,0,0,0,0,0,3,4,0,0,0,0,0,0,4,0,4,0,0,0,0,0,0,0,0,0,3,0,4,3,0,3,0,0,7,0,0,0,0,0,0,14,4,16,7,3,7,3,0,3,5,0,0,4,0,6,3,0,3,4,0,4,0,0,0,0,0,3,3,0,3,3,0,3,3,0,7,3,0,5,8,0,6,5,0,5,3,0,3,4,0,4,5,0,5,16,0,17,16,5,17,14,4,17,0,0,0,0,0,0,0,0,0,5,0,5,3,0,3,4,0,4,0,0,5,0
799,14,8,4,10,8,20,31,14,23,32,21,13,31,30,64,95,9,6,16,9,3,12,21,13,31,12,11,20,21,22,45,16,14,32,12,15,31,16,15,30,16,19,33,14,19,32,30,20,45,22,22,42,15,17,36,32,24,51,14,23,41,65,74,143,103,87,188,84,99,183,21,30,51,36,32,69,25,44,67,30,25,47,14,26,40,30,30,64,29,14,40,20,21,43,19,43,72,26,19,45,20,17,36,28,31,56,16,9,31,28,39,64,32,33,70,123,94,224,120,129,254,137,185,320,12,19,36,41,33,66,40,31,69,15,12,30,9,22,32,27,43,67,16,9,21,23,13,36,39,29,65,18,13,34,8,21,35,29,43,71,18,12,26,13,22,37,21,30,58,75,72,144,102,105,208,158,175,336,18,9,26,21,23,44,25,28,57,17,12,24,22,14,35,31,40,66,16,5,25,12
801,5672,2963,2954,5916,3005,3097,6103,12328,11607,23937,12350,12122,24472,13386,12899,26286,3168,3005,6171,3038,2957,5995,3190,3111,6298,3186,3053,6238,3166,3060,6223,3386,3307,6693,3111,3006,6109,3210,3170,6377,3464,3387,6857,3108,2964,6071,3264,3216,6482,3485,3634,7117,3031,3044,6073,3147,3127,6277,3515,3695,7211,15600,15068,30662,15824,15525,31354,17042,17132,34174,3097,3024,6113,3270,3275,6549,3706,3671,7378,3042,3031,6075,3185,3315,6501,3979,3861,7833,3091,3083,6173,3192,3309,6505,4006,3970,7975,3059,2967,6024,3212,3310,6525,4062,4017,8077,2939,3118,6062,3052,3298,6349,3955,4001,7955,15226,15224,30448,15911,16513,32426,19704,19514,39217,2889,2959,5848,3285,3392,6683,3922,3999,7921,2745,2888,5630,3191,3485,6678,3953,3980,7928,2763,2771,5532,3415,3489,6900,3725,3886,7612,2677,2662,5343,3308,3314,6622,3645,3802,7449,2611,2679,5291,3261,3446,6704,3698,3807,7505,13690,13954,27644,16456,17129,33581,18935,19487,38419,2587,2532,5118,3233,3269,6498,3734,3788,7516,2729,2647,5380,3010,3167,6180,3635,3933,7571,2632,2734,5368,3070
897,0,0,0,0,0,0,0,0,0,0,0,0,0,0,0,0,0,0,0,0,0,0,0,0,0,0,0,0,0,0,0,0,0,0,0,0,0,0,0,0,0,0,0,0,0,0,0,0,0,0,0,0,0,0,0,0,0,0,0,0,0,0,0,0,0,0,0,0,0,0,0,0,0,0,0,0,0,0,0,0,0,0,0,0,0,0,0,0,0,0,0,0,0,0,0,0,0,0,0,0,0,0,0,0,0,0,0,0,0,0,0,0,0,0,0,0,0,0,0,0,0,0,0,0,0,0,0,0,0,0,0,0,0,0,0,0,0,0,0,0,0,0,0,0,0,0,0,0,0,0,0,0,0,0,0,0,0,0,0,0,0,0,0,0,0,0,0,0,0,0,0,0,0,0,0,0,0,0,0,0,0,0,0,0,0,0,0,0,0,0,0,0,0,0,0,0,0,0,0,0
899,19,3,5,9,6,10,11,33,27,59,15,16,33,23,37,58,7,14,22,8,4,13,6,10,18,7,4,11,4,4,5,12,11,17,8,14,18,9,3,7,9,11,19,12,9,19,6,20,24,3,4,11,10,9,24,9,7,24,12,11,16,37,44,83,36,40,78,44,40,82,11,12,22,8,5,15,3,3,8,12,8,14,10,8,17,5,4,12,10,9,24,3,3,11,5,3,11,10,8,20,3,8,12,5,5,17,3,5,8,7,0,11,11,3,13,40,40,82,36,22,63,32,33,63,10,6,14,7,3,10,3,4,11,13,6,19,6,3,9,11,3,13,3,3,8,6,9,16,7,0,9,4,6,8,6,0,6,3,3,9,8,13,17,0,0,0,5,7,3,34,32,71,29,18,47,30,19,45,3,7,13,10,10,19,12,7,19,8,7,13,5,0,7,4,0,7,8,4,9,6
901,37,17,21,42,18,14,25,112,52,165,105,107,208,88,103,189,38,14,44,21,4,28,12,21,29,26,6,35,25,14,35,20,14,31,40,12,59,36,12,47,16,18,34,39,17,60,28,16,44,21,34,60,56,10,62,29,14,45,32,26,58,199,68,266,134,65,196,108,108,218,73,11,87,24,14,34,23,20,44,76,12,84,29,15,45,36,16,51,78,19,102,27,26,50,40,22,62,67,15,82,38,27,64,33,29,56,58,15,72,39,20,65,35,31,67,358,62,423,158,96,260,163,113,277,64,10,74,40,25,63,31,18,52,49,11,61,33,32,67,31,23,54,45,22,67,24,36,58,22,32,52,28,18,46,38,34,72,52,29,77,35,13,49,34,21,55,38,26,67,221,77,296,164,142,308,170,126,299,28,16,38,39,33,71,32,28,57,30,13,47,29,23,55,33,28,57,30,16,49,48
997,0,0,0,0,0,0,0,0,0,0,0,0,0,0,0,0,0,0,0,0,0,0,0,0,0,0,0,0,0,0,0,0,0,0,0,0,0,0,0,0,0,0,0,0,0,0,0,0,0,0,0,0,0,0,0,0,0,0,0,0,0,0,0,0,0,0,0,0,0,0,0,0,0,0,0,0,0,0,0,0,0,0,0,0,0,0,0,0,0,0,0,0,0,0,0,0,0,0,0,0,0,0,0,0,0,0,0,0,0,0,0,0,0,0,0,0,0,0,0,0,0,0,0,0,0,0,0,0,0,0,0,0,0,0,0,0,0,0,0,0,0,0,0,0,0,0,0,0,0,0,0,0,0,0,0,0,0,0,0,0,0,0,0,0,0,0,0,0,0,0,0,0,3,0,3,0,0,0,0,0,0,0,0,0,0,0,0,0,0,0,0,0,0,0,0,0,0,0,0,0
999,0,0,0,0,0,0,0,0,0,0,0,4,5,0,0,0,0,0,0,0,0,0,0,0,0,0,0,0,0,0,0,0,0,0,0,0,0,0,0,0,0,0,0,0,0,3,0,3,3,0,0,0,0,0,0,0,0,5,0,0,0,3,0,7,8,8,8,0,0,0,0,0,0,0,0,0,0,0,0,0,0,0,0,0,0,0,0,0,0,3,3,0,0,0,0,0,0,0,0,0,0,0,0,0,0,0,0,3,3,0,0,0,0,0,0,0,9,9,0,0,0,0,0,0,0,0,0,0,0,0,4,0,4,0,0,0,0,0,0,0,0,0,0,0,0,0,0,0,0,0,0,0,0,0,0,0,0,0,0,0,0,0,0,0,0,0,0,0,0,0,0,0,0,0,0,4,0,4,0,0,0,0,0,0,0,0,0,0,0,0,0,0,0,0,0,0,0,0,0,0
