GCCSA_CODE_2021,C11_SH_0b_s_a_b_NPGH_2,C11_SH_0b_s_a_b_NPGH_3,C11_SH_0b_s_a_b_NPGH_4,C11_SH_0b_s_a_b_NPGH_5,C11_SH_0b_s_a_b_NPGH_6_mor,C11_SH_0b_s_a_b_Tot,C11_SH_1b_NPGH_2,C11_SH_1b_NPGH_3,C11_SH_1b_NPGH_4,C11_SH_1b_NPGH_5,C11_SH_1b_NPGH_6_mor,C11_SH_1b_Tot,C11_SH_2b_NPGH_2,C11_SH_2b_NPGH_3,C11_SH_2b_NPGH_4,C11_SH_2b_NPGH_5,C11_SH_2b_NPGH_6_mor,C11_SH_2b_Tot,C11_SH_3b_NPGH_2,C11_SH_3b_NPGH_3,C11_SH_3b_NPGH_4,C11_SH_3b_NPGH_5,C11_SH_3b_NPGH_6_mor,C11_SH_3b_Tot,C11_SH_4mb_NPGH_2,C11_SH_4mb_NPGH_3,C11_SH_4mb_NPGH_4,C11_SH_4mb_NPGH_5,C11_SH_4mb_NPGH_6_mor,C11_SH_4mb_Tot,C11_SH_NB_NS_NPGH_2,C11_SH_NB_NS_NPGH_3,C11_SH_NB_NS_NPGH_4,C11_SH_NB_NS_NPGH_5,C11_SH_NB_NS_NPGH_6_mor,C11_SH_NB_NS_Tot,C11_SH_Tot_NPGH_2,C11_SH_Tot_NPGH_3,C11_SH_Tot_NPGH_4,C11_SH_Tot_NPGH_5,C11_SH_Tot_NPGH_6_mor,C11_SH_Tot_Tot,C11_SDRTHT_0b_s_a_b_NPGH_2,C11_SDRTHT_0b_s_a_b_NPGH_3,C11_SDRTHT_0b_s_a_b_NPGH_4,C11_SDRTHT_0b_s_a_b_NPGH_5,C11_SDRTHT_0b_s_a_b_NPGH_6mor,C11_SDRTHT_0b_s_a_b_Tot,C11_SDRTHT_1b_NPGH_2,C11_SDRTHT_1b_NPGH_3,C11_SDRTHT_1b_NPGH_4,C11_SDRTHT_1b_NPGH_5,C11_SDRTHT_1b_NPGH_6_mor,C11_SDRTHT_1b_Tot,C11_SDRTHT_2b_NPGH_2,C11_SDRTHT_2b_NPGH_3,C11_SDRTHT_2b_NPGH_4,C11_SDRTHT_2b_NPGH_5,C11_SDRTHT_2b_NPGH_6_mor,C11_SDRTHT_2b_Tot,C11_SDRTHT_3b_NPGH_2,C11_SDRTHT_3b_NPGH_3,C11_SDRTHT_3b_NPGH_4,C11_SDRTHT_3b_NPGH_5,C11_SDRTHT_3b_NPGH_6_mor,C11_SDRTHT_3b_Tot,C11_SDRTHT_4mb_NPGH_2,C11_SDRTHT_4mb_NPGH_3,C11_SDRTHT_4mb_NPGH_4,C11_SDRTHT_4mb_NPGH_5,C11_SDRTHT_4mb_NPGH_6_mor,C11_SDRTHT_4mb_Tot,C11_SDRTHT_NB_NS_NPGH_2,C11_SDRTHT_NB_NS_NPGH_3,C11_SDRTHT_NB_NS_NPGH_4,C11_SDRTHT_NB_NS_NPGH_5,C11_SDRTHT_NB_NS_NPGH_6_mor,C11_SDRTHT_NB_NS_Tot,C11_SDRTHT_Tot_NPGH_2,C11_SDRTHT_Tot_NPGH_3,C11_SDRTHT_Tot_NPGH_4,C11_SDRTHT_Tot_NPGH_5,C11_SDRTHT_Tot_NPGH_6_mor,C11_SDRTHT_Tot_Tot,C11_F_a_0b_s_a_b_NPGH_2,C11_F_a_0b_s_a_b_NPGH_3,C11_F_a_0b_s_a_b_NPGH_4,C11_F_a_0b_s_a_b_NPGH_5,C11_F_a_0b_s_a_b_NPGH_6_mor,C11_F_a_0b_s_a_b_Tot,C11_F_a_1b_NPGH_2,C11_F_a_1b_NPGH_3,C11_F_a_1b_NPGH_4,C11_F_a_1b_NPGH_5,C11_F_a_1b_NPGH_6_mor,C11_F_a_1b_Tot,C11_F_a_2b_NPGH_2,C11_F_a_2b_NPGH_3,C11_F_a_2b_NPGH_4,C11_F_a_2b_NPGH_5,C11_F_a_2b_NPGH_6_mor,C11_F_a_2b_Tot,C11_F_a_3b_NPGH_2,C11_F_a_3b_NPGH_3,C11_F_a_3b_NPGH_4,C11_F_a_3b_NPGH_5,C11_F_a_3b_NPGH_6_mor,C11_F_a_3b_Tot,C11_F_a_4mb_NPGH_2,C11_F_a_4mb_NPGH_3,C11_F_a_4mb_NPGH_4,C11_F_a_4mb_NPGH_5,C11_F_a_4mb_NPGH_6_mor,C11_F_a_4mb_Tot,C11_F_a_NB_NS_NPGH_2,C11_F_a_NB_NS_NPGH_3,C11_F_a_NB_NS_NPGH_4,C11_F_a_NB_NS_NPGH_5,C11_F_a_NB_NS_NPGH_6_mor,C11_F_a_NB_NS_Tot,C11_F_a_Tot_NPGH_2,C11_F_a_Tot_NPGH_3,C11_F_a_Tot_NPGH_4,C11_F_a_Tot_NPGH_5,C11_F_a_Tot_NPGH_6_mor,C11_F_a_Tot_Tot,C11_OD_0b_s_a_b_NPGH_2,C11_OD_0b_s_a_b_NPGH_3,C11_OD_0b_s_a_b_NPGH_4,C11_OD_0b_s_a_b_NPGH_5,C11_OD_0b_s_a_b_NPGH_6_mor,C11_OD_0b_s_a_b_Tot,C11_OD_1b_NPGH_2,C11_OD_1b_NPGH_3,C11_OD_1b_NPGH_4,C11_OD_1b_NPGH_5,C11_OD_1b_NPGH_6_mor,C11_OD_1b_Tot,C11_OD_2b_NPGH_2,C11_OD_2b_NPGH_3,C11_OD_2b_NPGH_4,C11_OD_2b_NPGH_5,C11_OD_2b_NPGH_6_mor,C11_OD_2b_Tot,C11_OD_3b_NPGH_2,C11_OD_3b_NPGH_3,C11_OD_3b_NPGH_4,C11_OD_3b_NPGH_5,C11_OD_3b_NPGH_6_mor,C11_OD_3b_Tot,C11_OD_4mb_NPGH_2,C11_OD_4mb_NPGH_3,C11_OD_4mb_NPGH_4,C11_OD_4mb_NPGH_5,C11_OD_4mb_NPGH_6_mor,C11_OD_4mb_Tot,C11_OD_NB_NS_NPGH_2,C11_OD_NB_NS_NPGH_3,C11_OD_NB_NS_NPGH_4,C11_OD_NB_NS_NPGH_5,C11_OD_NB_NS_NPGH_6_mor,C11_OD_NB_NS_Tot,C11_OD_Tot_NPGH_2,C11_OD_Tot_NPGH_3,C11_OD_Tot_NPGH_4,C11_OD_Tot_NPGH_5,C11_OD_Tot_NPGH_6_mor,C11_OD_Tot_Tot,C11_DS_NS_NPGH_2,C11_DS_NS_NPGH_3,C11_DS_NS_NPGH_4,C11_DS_NS_NPGH_5,C11_DS_NS_NPGH_6_mor,C11_DS_NS_Tot,C11_Tot_NPGH_2,C11_Tot_NPGH_3,C11_Tot_NPGH_4,C11_Tot_NPGH_5,C11_Tot_NPGH_6_mor,C11_Tot_Tot,C16_SH_0b_s_a_b_NPGH_2,C16_SH_0b_s_a_b_NPGH_3,C16_SH_0b_s_a_b_NPGH_4,C16_SH_0b_s_a_b_NPGH_5,C16_SH_0b_s_a_b_NPGH_6_mor,C16_SH_0b_s_a_b_Tot,C16_SH_1b_NPGH_2,C16_SH_1b_NPGH_3,C16_SH_1b_NPGH_4,C16_SH_1b_NPGH_5,C16_SH_1b_NPGH_6_mor,C16_SH_1b_Tot,C16_SH_2b_NPGH_2,C16_SH_2b_NPGH_3,C16_SH_2b_NPGH_4,C16_SH_2b_NPGH_5,C16_SH_2b_NPGH_6_mor,C16_SH_2b_Tot,C16_SH_3b_NPGH_2,C16_SH_3b_NPGH_3
1GSYD,59,12,9,0,4,81,209,22,5,4,0,242,3133,199,36,17,3,3393,7449,1813,286,86,40,9667,3178,1120,945,424,263,5933,446,120,52,28,26,673,14471,3288,1335,557,335,19988,35,13,3,3,5,57,184,11,0,0,0,199,3099,234,50,8,0,3393,2761,1814,309,53,23,4963,456,371,646,215,91,1783,151,49,22,12,10,249,6682,2491,1031,300,132,10639,315,78,34,12,6,444,1978,127,23,5,0,2133,19072,2911,1193,249,69,23496,2238,2810,703,238,120,6113,155,135,209,87,43,636,471,158,97,40,10,772,24230,6211,2273,627,251,33585,3,0,0,4,0,8,46,3,0,0,0,56,250,34,10,3,0,297,57,66,16,0,7,141,10,7,17,6,0,52,17,5,0,0,0,25,390,117,48,14,11,575,100,30,11,6,0,156,45879,12139,4694,1510,732,64952,57,18,9,10,10,99,249,49,16,10,16,337,2569,217,52,10,19,2865,6869,1771
1RNSW,64,6,3,0,0,79,203,17,0,3,0,231,3896,136,14,3,0,4057,9101,1605,207,22,3,10937,3351,861,698,277,107,5294,459,70,31,8,9,583,17087,2699,960,317,129,21187,15,0,0,0,0,14,74,7,0,0,0,76,1436,77,9,0,0,1521,1016,401,65,11,3,1499,93,49,63,13,10,222,77,17,12,6,0,107,2705,556,147,25,9,3438,26,3,0,0,0,32,227,0,0,0,0,230,2867,185,31,9,0,3079,560,401,52,17,0,1026,38,29,41,31,10,144,108,17,3,6,0,132,3825,634,127,55,12,4653,16,0,0,0,0,26,46,0,0,0,0,41,235,3,0,0,0,242,51,12,5,0,0,69,22,7,7,4,0,39,45,4,9,0,0,52,410,37,19,8,0,470,31,8,5,0,0,47,24054,3934,1259,406,150,29795,63,14,5,0,4,89,271,17,3,4,4,300,3703,166,20,7,4,3898,9446,1709
19499,0,0,0,0,0,0,0,0,0,0,0,0,0,0,0,0,0,0,0,0,0,0,0,0,0,0,0,0,0,0,0,0,0,0,0,0,0,0,0,0,0,0,0,0,0,0,0,0,0,0,0,0,0,0,0,0,0,0,0,0,0,0,0,0,0,0,0,0,0,0,0,0,0,0,0,0,0,0,0,0,0,0,0,0,0,0,0,0,0,0,0,0,0,0,0,0,0,0,0,0,0,0,0,0,0,0,0,0,0,0,0,0,0,0,0,0,0,0,0,0,0,0,0,0,0,0,0,0,0,0,0,0,0,0,0,0,0,0,0,0,0,0,0,0,0,0,0,0,0,0,0,0,0,0,0,0,0,0,0,0,0,0,0,0,0,0,0,0,0,0,0,0,0,0,0,0,0,0,0,0,0,0,0,0,0,0,0,0,0,0,0,0,0,0,0,0,0,0,0,0
19799,0,0,0,0,0,0,0,0,0,0,0,0,0,0,0,0,0,0,0,0,0,0,0,0,0,0,0,0,0,0,0,0,0,0,0,0,0,0,0,0,0,0,0,0,0,0,0,0,0,0,0,0,0,0,0,0,0,0,0,0,0,0,0,0,0,0,0,0,0,0,0,0,0,0,0,0,0,0,0,0,0,0,0,0,0,0,0,0,0,0,0,0,0,0,0,0,0,0,0,0,0,0,0,0,0,0,0,0,0,0,0,0,0,0,0,0,0,0,0,0,0,0,0,0,0,0,0,0,0,0,0,0,0,0,0,0,0,0,0,0,0,0,0,0,0,0,0,0,0,0,0,0,0,0,0,0,0,0,0,0,0,0,0,0,0,0,0,0,0,0,0,0,0,0,0,0,0,0,0,0,0,0,0,0,0,0,0,0,0,0,0,0,0,0,0,0,0,0,0,0
2GMEL,66,30,14,10,8,127,156,34,6,4,5,210,4488,341,68,17,7,4916,11901,4353,905,253,111,17524,3488,1548,1825,825,434,8128,528,182,122,55,48,938,20623,6482,2949,1167,618,31842,19,3,3,5,0,36,139,6,5,0,0,150,4415,391,81,19,6,4908,2577,2630,463,95,24,5792,281,321,672,220,88,1576,167,50,23,8,5,257,7600,3395,1247,348,127,12718,162,36,3,3,0,208,1519,110,23,3,0,1653,12693,1531,400,76,18,14726,1744,2139,394,75,24,4377,104,104,185,82,29,501,324,83,39,14,3,467,16542,4007,1047,265,72,21936,7,0,0,0,0,7,35,0,0,0,0,37,187,10,5,0,0,202,41,69,10,3,4,119,9,14,19,11,5,53,9,3,0,0,0,16,283,93,32,11,7,428,31,11,6,4,0,53,45078,13999,5285,1793,824,66976,42,26,14,6,11,94,196,57,35,11,8,303,3627,302,73,19,29,4056,10819,4036
2RVIC,21,4,3,0,0,25,84,7,4,0,0,103,2220,76,9,4,0,2311,6274,1284,141,37,12,7742,1488,446,371,159,101,2570,284,59,24,8,9,385,10374,1875,553,205,122,13126,6,0,0,0,0,7,26,3,0,0,0,29,444,25,8,0,0,478,201,112,18,0,0,328,13,15,15,3,5,42,22,5,0,0,0,29,707,152,38,9,5,904,9,4,0,0,0,8,81,5,0,0,0,83,900,56,11,0,0,965,164,82,9,0,0,256,14,4,8,5,0,24,50,4,0,0,0,57,1217,153,23,9,0,1399,9,0,0,0,0,9,28,0,0,0,0,24,70,4,0,0,0,73,33,9,4,0,0,44,8,0,3,0,0,13,31,4,0,0,5,40,178,20,5,0,5,213,6,3,0,0,5,12,12482,2199,618,226,134,15657,30,4,0,0,4,37,87,23,3,0,0,113,2136,96,24,11,0,2267,6405,1132
29499,0,0,0,0,0,0,0,0,0,0,0,0,0,0,0,0,0,0,0,0,0,0,0,0,0,0,0,0,0,0,0,0,0,0,0,0,0,0,0,0,0,0,0,0,0,0,0,0,0,0,0,0,0,0,0,0,0,0,0,0,0,0,0,0,0,0,0,0,0,0,0,0,0,0,0,0,0,0,0,0,0,0,0,0,0,0,0,0,0,0,0,0,0,0,0,0,0,0,0,0,0,0,0,0,0,0,0,0,0,0,0,0,0,0,0,0,0,0,0,0,0,0,0,0,0,0,0,0,0,0,0,0,0,0,0,0,0,0,0,0,0,0,0,0,0,0,0,0,0,0,0,0,0,0,0,0,0,0,0,0,0,0,0,0,0,0,0,0,0,0,0,0,0,0,0,0,0,0,0,0,0,0,0,0,0,0,0,0,0,0,0,0,0,0,0,0,0,0,0,0
29799,0,0,0,0,0,0,0,0,0,0,0,0,0,0,0,0,0,0,0,0,0,0,0,0,0,0,0,0,0,0,0,0,0,0,0,0,0,0,0,0,0,0,0,0,0,0,0,0,0,0,0,0,0,0,0,0,0,0,0,0,0,0,0,0,0,0,0,0,0,0,0,0,0,0,0,0,0,0,0,0,0,0,0,0,0,0,0,0,0,0,0,0,0,0,0,0,0,0,0,0,0,0,0,0,0,0,0,0,0,0,0,0,0,0,0,0,0,0,0,0,0,0,0,0,0,0,0,0,0,0,0,0,0,0,0,0,0,0,0,0,0,0,0,0,0,0,0,0,0,0,0,0,0,0,0,0,0,0,0,0,0,0,0,0,0,0,0,0,0,0,0,0,0,0,0,0,0,0,0,0,0,0,0,0,0,0,0,0,0,0,0,0,0,0,0,0,0,0,0,0
3GBRI,40,17,8,0,0,69,113,19,10,5,0,141,2082,125,14,9,3,2232,8279,2725,372,74,27,11475,4178,1775,1571,579,217,8318,378,132,84,26,28,644,15062,4788,2054,685,280,22875,14,3,7,0,0,24,54,5,0,0,0,58,1347,81,22,0,0,1454,1796,1190,234,37,15,3275,107,107,108,42,15,372,63,28,20,10,3,113,3376,1416,381,88,31,5293,45,14,5,0,0,58,370,22,3,0,0,393,5792,574,173,21,5,6563,1049,1189,227,49,22,2529,56,40,73,21,6,206,174,35,28,6,3,249,7487,1871,510,101,37,10001,10,0,0,0,0,10,37,0,0,0,0,37,84,5,0,0,0,83,12,7,0,0,0,21,10,0,0,0,0,16,15,0,0,0,0,14,160,14,7,0,0,182,8,4,0,0,0,17,26100,8094,2950,878,347,38363,37,14,6,0,5,66,156,26,22,7,4,220,1785,116,33,5,9,1940,7869,2378
3RQLD,66,15,0,0,0,83,198,17,8,0,0,222,2698,142,24,3,0,2865,8725,1764,213,39,10,10749,4311,1579,828,229,68,7012,447,111,57,14,18,647,16445,3624,1128,292,92,21576,4,0,0,0,0,4,32,0,4,0,0,36,1578,85,6,0,0,1673,1592,632,76,13,0,2317,118,63,72,10,10,266,94,12,4,0,0,115,3421,796,160,25,8,4409,30,3,3,0,0,38,370,28,3,0,0,399,4878,403,82,13,3,5378,1064,581,78,15,4,1749,89,76,57,16,3,239,176,45,16,6,0,241,6604,1135,245,45,10,8041,36,10,3,0,0,45,97,9,0,0,0,106,208,8,0,0,0,221,45,3,6,0,0,54,16,9,0,0,0,24,61,6,0,0,3,69,468,37,6,0,5,518,41,13,6,0,0,62,26976,5604,1543,365,114,34602,84,16,0,6,0,100,229,35,5,6,3,274,2578,140,20,0,0,2743,8798,1495
39499,0,0,0,0,0,0,0,0,0,0,0,0,0,0,0,0,0,0,0,0,0,0,0,0,0,0,0,0,0,0,0,0,0,0,0,0,0,0,0,0,0,0,0,0,0,0,0,0,0,0,0,0,0,0,0,0,0,0,0,0,0,0,0,0,0,0,0,0,0,0,0,0,0,0,0,0,0,0,0,0,0,0,0,0,0,0,0,0,0,0,0,0,0,0,0,0,0,0,0,0,0,0,0,0,0,0,0,0,0,0,0,0,0,0,0,0,0,0,0,0,0,0,0,0,0,0,0,0,0,0,0,0,0,0,0,0,0,0,0,0,0,0,0,0,0,0,0,0,0,0,0,0,0,0,0,0,0,0,0,0,0,0,0,0,0,0,0,0,0,0,0,0,0,0,0,0,0,0,0,0,0,0,0,0,0,0,0,0,0,0,0,0,0,0,0,0,0,0,0,0
39799,0,0,0,0,0,0,0,0,0,0,0,0,0,0,0,0,0,0,0,0,0,0,0,0,0,0,0,0,0,0,0,0,0,0,0,0,0,0,0,0,0,0,0,0,0,0,0,0,0,0,0,0,0,0,0,0,0,0,0,0,0,0,0,0,0,0,0,0,0,0,0,0,0,0,0,0,0,0,0,0,0,0,0,0,0,0,0,0,0,0,0,0,0,0,0,0,0,0,0,0,0,0,0,0,0,0,0,0,0,0,0,0,0,0,0,0,0,0,0,0,0,0,0,0,0,0,0,0,0,0,0,0,0,0,0,0,0,0,0,0,0,0,0,0,0,0,0,0,0,0,0,0,0,0,0,0,0,0,0,0,0,0,0,0,0,0,0,0,0,0,0,0,0,0,0,0,0,0,0,0,0,0,0,0,0,0,0,0,0,0,0,0,0,0,0,0,0,0,0,0
4GADE,27,8,4,0,0,39,48,6,3,0,0,62,1542,95,15,4,0,1654,5381,1455,230,46,26,7130,1123,544,545,208,107,2530,176,51,32,12,3,278,8287,2157,834,272,145,11697,10,4,0,0,0,9,44,6,0,0,0,42,1330,83,17,0,0,1426,1038,518,80,17,4,1651,53,48,73,44,4,231,49,13,7,0,0,71,2519,662,179,61,9,3430,18,7,9,0,0,26,156,8,4,0,0,167,2204,242,67,3,3,2526,313,222,30,4,0,571,30,14,35,4,0,90,74,8,6,0,0,91,2790,507,147,16,4,3471,9,0,0,0,0,9,8,0,0,0,0,8,27,0,0,0,0,31,3,0,0,0,0,10,0,0,0,0,0,3,0,0,0,0,0,0,51,5,0,0,0,58,3,7,0,0,0,12,13654,3336,1161,346,159,18659,20,15,8,0,0,39,67,11,6,3,3,98,1302,71,11,3,7,1393,5082,1413
4RSAU,8,0,0,0,0,13,30,0,0,0,0,31,492,13,5,0,0,510,1491,197,20,3,9,1728,353,64,33,11,6,477,42,6,8,4,6,67,2417,290,67,20,21,2821,0,0,0,0,0,0,0,0,0,0,0,0,95,0,0,0,0,101,147,34,12,0,0,190,12,0,0,0,0,12,6,3,0,0,0,8,264,39,8,0,0,317,0,0,0,0,0,0,13,0,0,0,0,10,116,0,6,6,0,123,26,11,0,0,0,34,0,0,0,0,0,0,0,0,0,0,0,5,153,11,5,7,0,172,0,0,0,0,0,3,8,0,0,0,0,8,16,0,0,0,0,16,9,0,0,0,0,9,4,0,0,0,0,4,5,3,0,0,0,11,42,6,0,0,0,48,3,0,0,0,0,8,2883,346,88,29,23,3360,13,3,0,0,0,10,29,3,0,0,0,35,457,19,5,0,0,480,1451,173
49499,0,0,0,0,0,0,0,0,0,0,0,0,0,0,0,0,0,0,0,0,0,0,0,0,0,0,0,0,0,0,0,0,0,0,0,0,0,0,0,0,0,0,0,0,0,0,0,0,0,0,0,0,0,0,0,0,0,0,0,0,0,0,0,0,0,0,0,0,0,0,0,0,0,0,0,0,0,0,0,0,0,0,0,0,0,0,0,0,0,0,0,0,0,0,0,0,0,0,0,0,0,0,0,0,0,0,0,0,0,0,0,0,0,0,0,0,0,0,0,0,0,0,0,0,0,0,0,0,0,0,0,0,0,0,0,0,0,0,0,0,0,0,0,0,0,0,0,0,0,0,0,0,0,0,0,0,0,0,0,0,0,0,0,0,0,0,0,0,0,0,0,0,0,0,0,0,0,0,0,0,0,0,0,0,0,0,0,0,0,0,0,0,0,0,0,0,0,0,0,0
49799,0,0,0,0,0,0,0,0,0,0,0,0,0,0,0,0,0,0,0,0,0,0,0,0,0,0,0,0,0,0,0,0,0,0,0,0,0,0,0,0,0,0,0,0,0,0,0,0,0,0,0,0,0,0,0,0,0,0,0,0,0,0,0,0,0,0,0,0,0,0,0,0,0,0,0,0,0,0,0,0,0,0,0,0,0,0,0,0,0,0,0,0,0,0,0,0,0,0,0,0,0,0,0,0,0,0,0,0,0,0,0,0,0,0,0,0,0,0,0,0,0,0,0,0,0,0,0,0,0,0,0,0,0,0,0,0,0,0,0,0,0,0,0,0,0,0,0,0,0,0,0,0,0,0,0,0,0,0,0,0,0,0,0,0,0,0,0,0,0,0,0,0,0,0,0,0,0,0,0,0,0,0,0,0,0,0,0,0,0,0,0,0,0,0,0,0,0,0,0,0
5GPER,34,6,0,0,4,45,77,11,5,7,0,97,1477,92,22,4,5,1604,5943,1855,312,45,30,8190,3743,1334,956,355,189,6578,254,89,48,13,11,416,11532,3389,1347,427,231,16933,7,6,3,0,0,14,62,3,0,0,0,69,1131,78,14,3,0,1221,2018,951,133,33,12,3140,184,138,153,62,35,571,88,33,13,4,8,146,3491,1211,320,107,49,5165,15,7,0,0,0,27,273,13,3,0,0,282,2189,235,44,6,5,2474,809,457,94,18,7,1379,63,51,64,28,18,229,50,17,9,0,0,78,3405,771,215,59,27,4473,0,0,0,0,0,0,8,0,0,0,0,8,28,0,0,0,0,28,10,5,0,0,0,17,4,0,0,0,0,7,11,3,0,0,0,16,62,5,0,7,0,73,15,0,0,0,0,20,18501,5383,1884,594,304,26663,21,8,8,0,6,41,76,15,8,4,0,99,1140,86,27,0,6,1255,5746,1617
5RWAU,14,0,0,0,0,14,42,4,0,0,0,46,501,41,0,0,0,542,1702,331,48,12,3,2101,840,246,104,44,16,1252,108,20,3,6,3,133,3203,643,163,59,26,4088,0,0,0,0,0,0,17,0,0,0,0,17,137,11,6,0,0,155,150,46,5,3,0,209,16,8,6,0,3,41,16,4,0,0,0,21,336,70,14,5,3,432,0,0,0,0,0,3,17,0,0,0,0,21,136,15,5,0,0,152,80,27,7,0,0,110,12,3,0,0,0,21,7,0,0,0,0,4,250,50,10,3,0,311,31,0,0,0,0,32,21,3,0,0,0,22,38,0,0,0,0,39,18,3,0,0,0,26,17,8,0,0,0,22,38,7,0,0,0,44,152,22,5,0,0,182,15,0,0,0,0,15,3953,782,193,68,26,5027,21,0,0,0,0,20,58,0,3,0,0,59,505,30,11,4,0,549,1610,304
59499,0,0,0,0,0,0,0,0,0,0,0,0,0,0,0,0,0,0,0,0,0,0,0,0,0,0,0,0,0,0,0,0,0,0,0,0,0,0,0,0,0,0,0,0,0,0,0,0,0,0,0,0,0,0,0,0,0,0,0,0,0,0,0,0,0,0,0,0,0,0,0,0,0,0,0,0,0,0,0,0,0,0,0,0,0,0,0,0,0,0,0,0,0,0,0,0,0,0,0,0,0,0,0,0,0,0,0,0,0,0,0,0,0,0,0,0,0,0,0,0,0,0,0,0,0,0,0,0,0,0,0,0,0,0,0,0,0,0,0,0,0,0,0,0,0,0,0,0,0,0,0,0,0,0,0,0,0,0,0,0,0,0,0,0,0,0,0,0,0,0,0,0,0,0,0,0,0,0,0,0,0,0,0,0,0,0,0,0,0,0,0,0,0,0,0,0,0,0,0,0
59799,0,0,0,0,0,0,0,0,0,0,0,0,0,0,0,0,0,0,0,0,0,0,0,0,0,0,0,0,0,0,0,0,0,0,0,0,0,0,0,0,0,0,0,0,0,0,0,0,0,0,0,0,0,0,0,0,0,0,0,0,0,0,0,0,0,0,0,0,0,0,0,0,0,0,0,0,0,0,0,0,0,0,0,0,0,0,0,0,0,0,0,0,0,0,0,0,0,0,0,0,0,0,0,0,0,0,0,0,0,0,0,0,0,0,0,0,0,0,0,0,0,0,0,0,0,0,0,0,0,0,0,0,0,0,0,0,0,0,0,0,0,0,0,0,0,0,0,0,0,0,0,0,0,0,0,0,0,0,0,0,0,0,0,0,0,0,0,0,0,0,0,0,0,0,0,0,0,0,0,0,0,0,0,0,0,0,0,0,0,0,0,0,0,0,0,0,0,0,0,0
6GHOB,0,0,0,0,0,5,10,0,3,0,0,16,352,25,3,0,0,384,857,261,34,3,3,1156,212,104,127,44,20,510,33,5,11,0,4,51,1473,390,180,48,26,2119,3,0,0,0,0,6,5,0,0,0,0,5,193,13,0,0,0,205,69,60,6,0,0,139,3,14,14,10,0,44,10,0,0,0,0,10,285,83,25,6,0,409,0,0,0,0,0,0,29,0,0,0,0,34,327,32,4,0,0,363,71,48,15,0,0,133,11,13,15,5,10,56,4,5,0,4,0,11,446,97,36,11,12,604,0,0,0,0,0,0,0,0,0,0,0,0,9,0,0,0,0,9,4,8,0,0,0,12,0,0,0,0,0,3,0,0,0,0,0,0,8,3,0,0,0,18,4,0,0,0,0,8,2218,579,244,71,44,3152,9,0,0,0,0,10,25,0,0,0,0,31,436,21,3,0,0,463,898,285
6RTAS,9,0,0,0,0,9,30,0,0,0,0,27,517,26,0,0,0,545,1233,246,24,0,0,1499,240,106,96,16,9,465,47,5,0,0,0,57,2070,387,126,21,11,2612,0,0,0,0,0,0,8,0,0,0,0,8,113,3,0,0,0,114,26,16,0,0,0,35,4,6,3,4,0,18,0,0,0,0,0,0,148,24,6,4,0,184,0,0,0,0,0,0,13,0,0,0,0,13,140,13,0,0,0,150,24,11,0,0,0,38,4,6,4,0,5,9,0,0,0,0,0,0,186,25,3,0,5,216,5,0,0,0,0,5,3,0,0,0,0,3,12,0,0,0,0,14,3,0,0,0,0,9,3,0,0,0,0,0,6,0,0,0,0,6,31,0,0,0,0,33,0,0,0,0,0,0,2441,439,134,24,12,3052,16,0,0,0,0,17,30,5,0,0,0,38,552,21,5,0,0,581,1177,186
69499,0,0,0,0,0,0,0,0,0,0,0,0,0,0,0,0,0,0,0,0,0,0,0,0,0,0,0,0,0,0,0,0,0,0,0,0,0,0,0,0,0,0,0,0,0,0,0,0,0,0,0,0,0,0,0,0,0,0,0,0,0,0,0,0,0,0,0,0,0,0,0,0,0,0,0,0,0,0,0,0,0,0,0,0,0,0,0,0,0,0,0,0,0,0,0,0,0,0,0,0,0,0,0,0,0,0,0,0,0,0,0,0,0,0,0,0,0,0,0,0,0,0,0,0,0,0,0,0,0,0,0,0,0,0,0,0,0,0,0,0,0,0,0,0,0,0,0,0,0,0,0,0,0,0,0,0,0,0,0,0,0,0,0,0,0,0,0,0,0,0,0,0,0,0,0,0,0,0,0,0,0,0,0,0,0,0,0,0,0,0,0,0,0,0,0,0,0,0,0,0
69799,0,0,0,0,0,0,0,0,0,0,0,0,0,0,0,0,0,0,0,0,0,0,0,0,0,0,0,0,0,0,0,0,0,0,0,0,0,0,0,0,0,0,0,0,0,0,0,0,0,0,0,0,0,0,0,0,0,0,0,0,0,0,0,0,0,0,0,0,0,0,0,0,0,0,0,0,0,0,0,0,0,0,0,0,0,0,0,0,0,0,0,0,0,0,0,0,0,0,0,0,0,0,0,0,0,0,0,0,0,0,0,0,0,0,0,0,0,0,0,0,0,0,0,0,0,0,0,0,0,0,0,0,0,0,0,0,0,0,0,0,0,0,0,0,0,0,0,0,0,0,0,0,0,0,0,0,0,0,0,0,0,0,0,0,0,0,0,0,0,0,0,0,0,0,0,0,0,0,0,0,0,0,0,0,0,0,0,0,0,0,0,0,0,0,0,0,0,0,0,0
7GDAR,5,0,0,0,0,6,12,0,0,0,0,8,95,11,0,0,0,109,464,172,27,3,0,665,177,80,60,28,4,341,28,4,5,4,0,42,779,268,86,31,9,1175,0,0,0,0,0,0,9,0,0,0,0,9,195,9,9,0,0,211,91,50,13,0,0,157,4,10,7,0,0,24,15,0,0,0,0,14,312,71,29,4,0,416,8,0,0,0,0,8,28,0,0,0,0,31,430,53,10,5,0,495,166,133,27,4,0,332,7,6,0,5,0,22,21,0,0,0,0,29,664,198,42,13,7,914,11,0,0,0,0,6,3,0,0,0,0,5,15,0,0,0,0,15,0,0,0,0,0,0,0,0,0,0,0,0,5,0,8,4,4,27,38,10,8,4,4,60,5,0,0,0,0,6,1793,544,164,51,16,2563,9,0,0,0,0,12,17,0,0,0,0,18,96,7,0,0,0,103,446,104
7RNTE,3,0,0,0,0,9,14,3,0,0,0,18,67,3,0,0,0,72,228,70,7,0,0,310,52,41,32,7,4,139,35,4,5,5,3,54,402,131,42,17,12,609,0,0,0,0,0,0,17,0,0,0,0,13,61,3,0,0,0,63,23,21,6,0,0,49,0,3,0,0,0,5,5,0,0,0,0,5,105,21,4,0,0,137,0,0,0,0,0,0,20,3,0,0,0,22,82,3,4,0,0,90,12,7,0,0,0,22,0,0,0,0,0,4,11,0,0,0,0,13,133,12,8,0,0,148,11,0,0,0,0,14,12,0,0,0,0,13,11,0,0,0,0,11,6,0,0,0,0,4,0,0,0,0,0,0,15,3,0,0,0,14,52,4,0,0,0,60,3,0,0,0,0,7,696,176,55,20,17,964,4,0,0,0,0,4,10,4,0,0,0,14,76,5,0,4,0,79,193,67
79499,0,0,0,0,0,0,0,0,0,0,0,0,0,0,0,0,0,0,0,0,0,0,0,0,0,0,0,0,0,0,0,0,0,0,0,0,0,0,0,0,0,0,0,0,0,0,0,0,0,0,0,0,0,0,0,0,0,0,0,0,0,0,0,0,0,0,0,0,0,0,0,0,0,0,0,0,0,0,0,0,0,0,0,0,0,0,0,0,0,0,0,0,0,0,0,0,0,0,0,0,0,0,0,0,0,0,0,0,0,0,0,0,0,0,0,0,0,0,0,0,0,0,0,0,0,0,0,0,0,0,0,0,0,0,0,0,0,0,0,0,0,0,0,0,0,0,0,0,0,0,0,0,0,0,0,0,0,0,0,0,0,0,0,0,0,0,0,0,0,0,0,0,0,0,0,0,0,0,0,0,0,0,0,0,0,0,0,0,0,0,0,0,0,0,0,0,0,0,0,0
79799,0,0,0,0,0,0,0,0,0,0,0,0,0,0,0,0,0,0,0,0,0,0,0,0,0,0,0,0,0,0,0,0,0,0,0,0,0,0,0,0,0,0,0,0,0,0,0,0,0,0,0,0,0,0,0,0,0,0,0,0,0,0,0,0,0,0,0,0,0,0,0,0,0,0,0,0,0,0,0,0,0,0,0,0,0,0,0,0,0,0,0,0,0,0,0,0,0,0,0,0,0,0,0,0,0,0,0,0,0,0,0,0,0,0,0,0,0,0,0,0,0,0,0,0,0,0,0,0,0,0,0,0,0,0,0,0,0,0,0,0,0,0,0,0,0,0,0,0,0,0,0,0,0,0,0,0,0,0,0,0,0,0,0,0,0,0,0,0,0,0,0,0,0,0,0,0,0,0,0,0,0,0,0,0,0,0,0,0,0,0,0,0,0,0,0,0,0,0,0,0
8ACTE,3,7,0,0,0,15,9,3,0,0,0,18,171,12,6,0,0,188,1298,706,105,9,0,2123,556,301,343,97,50,1351,37,13,3,4,0,57,2080,1050,461,110,54,3752,0,0,0,0,0,0,14,3,0,0,0,17,338,27,0,0,0,362,523,368,59,5,0,952,56,55,60,16,4,193,13,8,4,0,0,26,943,447,124,26,8,1547,0,0,0,0,0,3,130,0,0,0,0,134,1145,87,7,0,0,1235,164,270,24,3,0,458,3,7,8,0,0,20,21,3,0,0,0,22,1466,374,42,9,0,1886,0,0,0,0,0,0,0,0,0,0,0,0,4,0,0,0,0,4,4,0,0,0,0,4,0,0,0,0,0,3,0,0,0,0,0,0,9,0,0,0,0,10,0,0,0,0,0,0,4508,1869,625,138,60,7199,4,0,0,0,0,12,26,3,0,3,4,34,139,9,0,0,0,152,957,474
89499,0,0,0,0,0,0,0,0,0,0,0,0,0,0,0,0,0,0,0,0,0,0,0,0,0,0,0,0,0,0,0,0,0,0,0,0,0,0,0,0,0,0,0,0,0,0,0,0,0,0,0,0,0,0,0,0,0,0,0,0,0,0,0,0,0,0,0,0,0,0,0,0,0,0,0,0,0,0,0,0,0,0,0,0,0,0,0,0,0,0,0,0,0,0,0,0,0,0,0,0,0,0,0,0,0,0,0,0,0,0,0,0,0,0,0,0,0,0,0,0,0,0,0,0,0,0,0,0,0,0,0,0,0,0,0,0,0,0,0,0,0,0,0,0,0,0,0,0,0,0,0,0,0,0,0,0,0,0,0,0,0,0,0,0,0,0,0,0,0,0,0,0,0,0,0,0,0,0,0,0,0,0,0,0,0,0,0,0,0,0,0,0,0,0,0,0,0,0,0,0
89799,0,0,0,0,0,0,0,0,0,0,0,0,0,0,0,0,0,0,0,0,0,0,0,0,0,0,0,0,0,0,0,0,0,0,0,0,0,0,0,0,0,0,0,0,0,0,0,0,0,0,0,0,0,0,0,0,0,0,0,0,0,0,0,0,0,0,0,0,0,0,0,0,0,0,0,0,0,0,0,0,0,0,0,0,0,0,0,0,0,0,0,0,0,0,0,0,0,0,0,0,0,0,0,0,0,0,0,0,0,0,0,0,0,0,0,0,0,0,0,0,0,0,0,0,0,0,0,0,0,0,0,0,0,0,0,0,0,0,0,0,0,0,0,0,0,0,0,0,0,0,0,0,0,0,0,0,0,0,0,0,0,0,0,0,0,0,0,0,0,0,0,0,0,0,0,0,0,0,0,0,0,0,0,0,0,0,0,0,0,0,0,0,0,0,0,0,0,0,0,0
9OTER,0,0,0,0,0,0,0,0,0,0,0,0,0,0,0,0,0,0,3,0,0,0,0,9,0,0,0,0,0,0,0,0,0,0,0,0,3,0,0,0,0,9,0,0,0,0,0,0,0,0,0,0,0,0,0,0,0,0,0,0,0,0,0,0,0,0,0,0,0,0,0,0,0,0,0,0,0,0,3,0,0,0,0,3,0,0,0,0,0,0,0,0,0,0,0,0,0,0,0,0,0,0,5,0,0,0,0,4,0,0,0,0,0,0,3,0,0,0,0,3,6,0,0,0,0,10,0,0,0,0,0,0,0,0,0,0,0,0,0,0,0,0,0,0,0,0,0,0,0,0,0,0,0,0,0,0,0,0,0,0,0,0,0,0,0,0,0,0,0,0,0,0,0,0,17,6,0,0,0,20,0,0,0,0,0,0,0,0,0,0,0,0,0,0,0,0,0,0,8,0
99499,0,0,0,0,0,0,0,0,0,0,0,0,0,0,0,0,0,0,0,0,0,0,0,0,0,0,0,0,0,0,0,0,0,0,0,0,0,0,0,0,0,0,0,0,0,0,0,0,0,0,0,0,0,0,0,0,0,0,0,0,0,0,0,0,0,0,0,0,0,0,0,0,0,0,0,0,0,0,0,0,0,0,0,0,0,0,0,0,0,0,0,0,0,0,0,0,0,0,0,0,0,0,0,0,0,0,0,0,0,0,0,0,0,0,0,0,0,0,0,0,0,0,0,0,0,0,0,0,0,0,0,0,0,0,0,0,0,0,0,0,0,0,0,0,0,0,0,0,0,0,0,0,0,0,0,0,0,0,0,0,0,0,0,0,0,0,0,0,0,0,0,0,0,0,0,0,0,0,0,0,0,0,0,0,0,0,0,0,0,0,0,0,0,0,0,0,0,0,0,0
99799,0,0,0,0,0,0,0,0,0,0,0,0,0,0,0,0,0,0,0,0,0,0,0,0,0,0,0,0,0,0,0,0,0,0,0,0,0,0,0,0,0,0,0,0,0,0,0,0,0,0,0,0,0,0,0,0,0,0,0,0,0,0,0,0,0,0,0,0,0,0,0,0,0,0,0,0,0,0,0,0,0,0,0,0,0,0,0,0,0,0,0,0,0,0,0,0,0,0,0,0,0,0,0,0,0,0,0,0,0,0,0,0,0,0,0,0,0,0,0,0,0,0,0,0,0,0,0,0,0,0,0,0,0,0,0,0,0,0,0,0,0,0,0,0,0,0,0,0,0,0,0,0,0,0,0,0,0,0,0,0,0,0,0,0,0,0,0,0,0,0,0,0,0,0,0,0,0,0,0,0,0,0,0,0,0,0,0,0,0,0,0,0,0,0,0,0,0,0,0,0
