LGA_CODE_2021,C21_AP_75_79_NCB_4,C21_AP_75_79_NCB_5,C21_AP_75_79_NCB_6mor,C21_AP_75_79_NCB_NS,C21_AP_75_79_Tot,C21_AP_80_84_NCB_0,C21_AP_80_84_NCB_1,C21_AP_80_84_NCB_2,C21_AP_80_84_NCB_3,C21_AP_80_84_NCB_4,C21_AP_80_84_NCB_5,C21_AP_80_84_NCB_6mor,C21_AP_80_84_NCB_NS,C21_AP_80_84_Tot,C21_AP_85over_N_c_b_0,C21_AP_85over_N_c_b_1,C21_AP_85over_N_c_b_2,C21_AP_85over_N_c_b_3,C21_AP_85over_N_c_b_4,C21_AP_85over_N_c_b_5,C21_AP_85over_N_c_b_6mor,C21_AP_85over_N_c_b_NS,C21_AP_85over_Tot,C21_AP_Tot_NCB_0,C21_AP_Tot_NCB_1,C21_AP_Tot_NCB_2,C21_AP_Tot_NCB_3,C21_AP_Tot_NCB_4,C21_AP_Tot_NCB_5,C21_AP_Tot_N_ch_b_6mor,C21_AP_Tot_NCB_NS,C21_AP_Tot_Tot
LGA10050,143,51,38,107,1148,57,48,186,208,130,54,55,97,843,47,54,174,210,141,86,78,100,881,6600,2648,6142,4205,1657,551,438,1611,23850
LGA10180,77,27,18,79,627,31,12,87,101,70,17,35,69,432,18,28,45,102,72,27,48,112,451,3832,1159,2685,1977,827,272,286,1480,12509
LGA10250,140,36,36,85,1198,65,48,237,254,140,67,23,107,941,77,68,246,263,153,64,70,195,1145,5062,2222,5941,3717,1416,380,256,1435,20424
LGA10300,3,0,0,4,25,0,3,5,8,11,0,3,7,35,0,3,0,3,4,3,6,3,31,161,68,172,176,100,30,23,155,888
LGA10470,96,44,14,69,758,57,33,134,135,85,39,25,59,558,70,35,154,151,97,44,54,74,680,4951,1916,4668,3071,1305,404,288,1133,17732
LGA10500,201,66,47,232,2620,158,210,745,464,171,61,80,228,2120,174,234,616,426,199,87,94,406,2247,30300,11121,17153,7234,2376,783,540,5460,74966
LGA10550,102,32,24,71,943,48,26,155,171,93,35,30,73,632,31,47,111,132,102,45,43,107,618,3657,1712,4555,2748,1146,363,236,1253,15683
LGA10600,41,13,4,26,320,13,15,56,46,47,11,10,28,228,10,15,60,51,29,21,14,24,240,1332,616,1636,983,455,138,86,492,5748
LGA10650,45,12,11,32,259,12,6,37,55,27,12,15,36,196,13,4,13,35,34,19,13,38,179,686,325,923,758,389,133,82,422,3715
LGA10750,537,210,212,331,4015,132,195,642,569,373,213,203,302,2633,147,256,535,473,320,226,330,467,2753,44544,22419,42289,20566,8653,3295,2795,10433,154995
LGA10800,16,13,0,19,105,7,5,8,31,28,9,9,14,107,4,10,9,20,18,13,8,26,115,438,197,457,476,256,103,56,246,2223
LGA10850,27,10,4,22,151,5,3,16,14,17,15,6,15,90,14,8,15,13,21,16,6,9,94,725,290,780,550,293,107,47,233,3030
LGA10900,169,55,34,116,1826,127,94,270,259,129,56,35,94,1069,123,91,256,225,137,57,54,160,1108,9844,4208,9547,5508,1995,611,351,1525,33588
LGA10950,13,9,4,10,60,6,0,12,14,7,5,0,8,51,0,3,8,10,3,0,8,13,39,213,75,245,195,106,24,18,100,980
LGA11150,5,0,4,7,34,0,0,8,3,0,0,6,7,26,0,0,3,7,9,0,3,4,22,202,86,166,145,79,29,32,188,921
LGA11200,0,0,3,3,16,0,0,0,3,0,3,0,0,7,0,0,0,7,0,0,0,4,14,127,57,89,73,38,31,26,105,551
LGA11250,39,15,6,54,418,18,9,70,87,44,27,9,49,316,15,16,67,75,72,26,18,93,388,1743,786,2063,1276,610,185,115,737,7516
LGA11300,44,19,21,62,581,45,42,186,103,54,16,15,68,529,89,51,155,117,64,39,37,167,718,8048,2696,3612,1489,517,169,136,1432,18109
LGA11350,50,8,8,43,515,18,23,91,89,30,26,6,34,319,23,34,80,91,55,24,18,51,370,5549,2014,3704,1935,656,173,84,1793,15912
LGA11400,38,16,17,31,295,9,7,38,51,30,13,20,28,192,16,8,30,42,36,18,19,35,204,1175,477,1387,1194,556,158,120,477,5551
LGA11450,145,60,36,60,1095,34,43,200,187,124,38,45,76,744,47,48,198,167,107,57,49,124,793,13184,6011,13533,7478,2629,786,453,2003,46073
LGA11500,292,117,112,275,2196,62,85,344,284,185,93,96,198,1355,59,90,217,215,162,97,127,300,1271,19600,9545,18317,10401,4592,1800,1463,5126,70834
LGA11520,116,36,13,105,1484,94,97,382,257,115,38,28,97,1115,112,90,352,284,123,58,47,310,1380,15403,6008,10002,4151,1120,275,157,2229,39347
LGA11570,523,259,241,475,5124,258,324,1298,843,442,195,295,469,4123,290,368,1162,865,490,265,493,999,4933,46465,19516,35005,19970,9188,3799,3170,12384,149488
LGA11600,5,5,0,4,36,0,0,0,11,6,4,0,5,28,0,0,5,6,12,0,8,0,37,230,96,228,214,90,40,24,129,1052
LGA11650,834,254,117,784,8139,405,403,1579,1400,727,241,183,777,5712,486,432,1482,1358,836,336,299,1379,6619,38292,17310,42955,25777,9638,2835,1641,10024,148463
LGA11700,0,3,4,7,30,0,0,0,0,0,0,3,5,16,0,0,3,9,0,0,0,4,13,153,58,108,100,45,24,39,169,707
LGA11720,109,42,28,90,952,41,35,165,147,100,34,34,90,640,38,58,199,165,90,37,46,114,749,6547,2973,7047,4431,1829,584,410,1530,25356
LGA11730,168,61,29,107,1450,84,52,234,218,147,61,53,107,958,84,72,243,230,188,79,77,106,1070,4845,2282,6306,4353,2049,648,432,1957,22870
LGA11750,13,4,0,21,72,0,0,11,8,10,5,3,10,47,0,4,8,3,5,4,12,7,45,333,134,361,259,132,47,35,277,1578
LGA11800,204,66,30,175,1776,97,82,340,328,201,68,51,147,1310,81,84,275,302,198,93,70,305,1402,8407,3775,9390,6012,2432,772,479,2583,33851
LGA12000,14,4,13,9,98,4,4,16,12,15,5,3,11,74,10,3,5,14,14,13,11,11,75,407,141,372,383,212,78,71,128,1793
LGA12150,6,8,4,15,62,0,3,7,18,10,0,0,13,54,4,6,14,3,11,3,5,8,55,316,142,294,260,144,52,57,237,1502
LGA12160,46,22,9,36,307,26,13,54,53,42,29,15,38,258,12,12,46,42,36,29,31,27,230,950,404,1212,1003,452,200,130,446,4799
LGA12350,42,17,15,31,310,22,15,49,59,38,14,17,39,254,10,22,41,61,50,20,13,30,247,1147,533,1276,1054,518,174,142,497,5344
LGA12380,324,143,144,226,2590,131,143,500,422,271,125,172,192,1963,135,165,426,349,263,154,223,333,2047,29569,12855,20274,10675,5404,2286,2045,8001,91112
LGA12390,147,57,35,103,965,48,31,143,181,142,49,46,97,739,38,44,122,134,121,70,80,110,722,5589,2309,5232,3872,1900,598,466,2183,22146
LGA12700,19,4,0,11,181,9,9,37,32,24,11,0,8,136,7,6,24,27,21,5,11,16,112,917,369,1151,793,329,83,42,218,3911
LGA12730,31,14,9,21,188,0,4,39,35,33,18,8,29,175,21,4,31,42,31,17,13,23,175,784,271,904,731,327,110,70,390,3596
LGA12750,145,37,23,114,1244,48,43,211,209,113,42,25,101,794,71,56,212,209,139,63,49,119,915,3792,1831,5319,3302,1434,421,269,1598,17964
LGA12850,422,182,309,277,2964,136,154,475,458,287,182,398,292,2383,107,154,443,367,293,203,568,550,2690,26986,9034,20135,12936,6183,2658,2920,6696,87551
LGA12870,60,20,15,44,372,32,14,53,76,56,20,15,44,302,13,14,32,63,49,25,33,38,264,1078,507,1498,1146,534,164,121,461,5505
LGA12900,35,19,3,23,211,12,7,31,34,23,12,18,26,163,4,6,23,39,33,22,15,31,174,791,314,870,787,384,147,84,385,3767
LGA12930,196,61,42,198,2504,119,172,749,405,196,66,52,203,1959,150,225,667,466,261,133,107,601,2610,22284,10589,17573,7481,2411,694,441,4084,65558
LGA12950,20,6,0,14,92,8,5,16,23,15,4,7,13,88,4,7,14,17,8,7,0,13,72,334,150,408,378,186,61,34,223,1778
LGA13010,34,14,4,40,269,12,7,42,42,28,9,3,15,168,10,4,56,48,27,12,18,26,188,809,362,947,750,351,112,84,438,3839
LGA13310,103,36,14,47,667,38,24,123,110,57,32,22,43,448,44,45,128,113,65,28,33,57,508,3343,1470,3487,2295,999,328,206,987,13120
LGA13340,28,15,3,23,210,13,0,24,31,19,11,6,21,132,11,7,21,28,23,21,9,21,134,956,343,1054,914,439,158,107,447,4416
LGA13450,69,17,22,39,399,14,13,80,93,68,26,14,49,362,13,16,79,95,68,35,37,96,429,2742,1135,2594,2001,927,267,210,1036,10917
LGA13550,44,11,12,44,256,9,13,36,54,36,18,19,35,220,8,8,33,43,30,11,22,52,207,1106,462,1227,1018,490,137,117,537,5096
LGA13660,27,10,9,17,137,12,3,24,20,14,7,6,8,97,10,5,17,18,21,5,16,12,105,390,135,542,454,201,72,47,204,2041
LGA13800,129,44,34,103,1128,59,53,203,186,99,45,36,86,763,64,56,183,140,93,46,50,136,766,7765,3054,7454,4891,1939,532,348,1588,27572
LGA13850,7,5,8,10,82,3,0,15,15,17,3,7,11,67,0,0,7,9,6,7,7,4,45,225,118,293,228,102,32,48,159,1205
LGA13910,71,28,30,49,432,17,10,78,63,58,29,35,35,323,32,16,45,58,55,27,49,44,328,1767,760,1833,1581,811,314,251,716,8033
LGA14000,249,54,39,128,2710,157,136,641,550,264,70,50,206,2073,201,206,636,590,364,125,77,489,2700,18271,9625,20346,8995,2791,618,358,2586,63592
LGA14100,28,5,5,30,312,27,17,54,54,20,3,14,48,233,66,25,79,63,43,16,20,192,507,1740,694,1648,887,284,79,57,486,5870
LGA14170,197,52,40,168,2472,204,175,646,376,164,70,51,156,1843,194,234,643,401,226,109,112,280,2192,39134,11260,16826,5972,1766,529,404,4708,80601
LGA14220,59,17,12,55,422,21,19,71,90,67,25,11,36,337,26,16,44,50,68,31,26,49,295,1582,670,1800,1437,685,258,171,779,7390
LGA14300,17,8,5,14,114,0,0,13,17,13,6,8,10,69,5,0,5,25,13,11,3,13,81,461,191,553,461,253,97,50,180,2236
LGA14350,84,25,18,82,746,22,20,127,110,90,35,23,71,488,39,36,101,99,94,45,32,72,525,2708,1317,3275,2369,1122,422,266,1264,12745
LGA14400,61,21,8,55,613,41,19,125,105,51,18,11,31,402,40,51,103,110,66,31,11,82,494,2398,948,3213,2025,639,167,73,575,10036
LGA14500,195,52,27,83,2510,142,133,641,583,231,74,28,112,1938,204,190,681,622,339,100,87,262,2479,14664,7514,17538,8223,2166,477,246,1694,52508
LGA14550,37,6,0,19,194,11,7,15,36,34,24,12,14,150,8,3,20,21,22,18,16,36,140,856,385,912,740,400,138,95,437,3967
LGA14600,22,5,0,17,117,8,4,13,24,27,3,5,18,95,11,12,17,17,17,19,13,22,126,448,199,496,480,269,118,60,344,2418
LGA14650,534,137,86,367,4976,231,213,990,906,474,176,114,371,3487,235,287,934,924,571,230,201,532,3909,22680,10039,28346,16431,5876,1630,1012,4682,90692
LGA14700,45,5,0,29,587,51,34,125,86,47,19,5,23,395,43,33,116,90,51,24,14,106,489,6753,2560,4164,1786,467,107,51,774,16661
LGA14750,25,13,9,26,212,17,10,43,27,33,21,15,26,177,10,12,29,37,31,17,24,23,182,1157,400,1078,841,430,144,105,450,4608
LGA14850,106,32,25,78,820,57,32,142,130,115,50,36,58,615,47,35,122,137,121,57,56,104,687,5054,2112,4848,3108,1419,440,303,1629,18917
LGA14870,53,20,19,63,527,29,19,76,86,49,20,17,38,332,42,20,82,75,50,26,20,34,339,2080,883,2339,1584,667,227,170,702,8650
LGA14900,300,141,176,246,2493,68,118,437,373,228,110,196,221,1750,78,112,328,312,187,119,263,371,1770,27315,10577,23330,13582,6079,2452,2066,6883,92294
LGA14920,20,12,7,27,193,4,5,22,34,18,4,8,24,123,6,4,24,17,22,10,10,20,112,609,290,762,621,253,108,72,431,3138
LGA14950,13,3,5,9,74,3,0,6,12,11,5,8,4,52,0,4,12,12,22,8,8,11,70,248,96,283,286,179,62,48,122,1327
LGA15050,200,51,45,107,1442,77,41,243,220,131,62,52,87,912,70,64,206,205,150,63,72,140,962,10132,4275,10576,6471,2413,739,548,1773,36923
LGA15240,372,104,51,333,3221,142,122,552,494,329,111,84,284,2121,172,139,502,482,331,137,102,468,2333,8576,4073,12284,8462,3648,1099,673,3754,42566
LGA15270,82,21,12,59,566,27,20,74,78,62,17,15,50,349,32,25,62,70,57,43,25,57,370,2323,1038,2702,1989,889,270,168,917,10293
LGA15300,24,11,7,33,196,8,3,16,26,25,10,14,38,137,7,7,11,20,20,10,12,24,111,1081,419,1017,807,389,144,115,1139,5109
LGA15350,46,15,0,43,772,83,34,149,114,45,20,3,35,487,89,45,142,140,62,14,21,55,570,4986,1637,3457,1769,438,109,47,572,13010
LGA15520,49,23,8,46,367,13,5,53,54,40,20,10,35,245,14,15,30,37,39,24,17,55,229,1044,441,1520,1180,455,168,79,495,5384
LGA15560,7,3,0,10,55,0,3,8,8,12,4,9,8,48,0,0,3,9,7,3,7,9,44,269,118,290,287,149,48,38,152,1345
LGA15650,35,9,12,22,234,9,3,30,34,39,10,3,17,145,10,9,24,31,34,14,11,26,165,1520,595,1627,1233,543,165,143,500,6324
LGA15700,75,17,17,51,598,36,29,101,90,68,20,16,40,399,43,32,93,92,74,34,11,47,429,1880,937,2394,1665,792,247,158,789,8873
LGA15750,41,7,9,29,235,8,3,33,45,42,19,15,15,176,8,8,32,29,38,16,26,28,184,1103,401,1264,974,465,153,109,601,5067
LGA15800,21,6,6,19,150,6,4,11,22,20,6,4,11,83,6,6,27,21,24,12,10,16,127,429,193,559,483,257,81,60,246,2313
LGA15850,29,9,5,20,131,3,5,16,25,14,11,3,26,99,4,0,11,23,10,13,3,29,93,488,191,596,481,248,103,55,376,2520
LGA15900,269,83,51,229,2821,172,122,595,522,264,100,80,263,2122,185,231,682,574,330,191,119,581,2883,26447,8405,18552,9778,3215,1031,619,4571,72624
LGA15950,87,23,8,85,1278,175,70,242,157,67,19,10,85,831,135,64,171,149,86,29,19,110,755,16640,4473,6147,2367,671,130,74,1695,32198
LGA15990,479,102,46,301,5297,260,294,1301,924,385,141,52,289,3644,314,360,1201,1077,524,223,146,648,4499,35858,13348,34313,16354,4453,1022,458,5152,110961
LGA16100,17,3,4,18,136,3,0,15,15,19,0,5,8,76,0,4,12,17,4,6,13,10,64,445,206,553,417,199,53,54,264,2190
LGA16150,107,36,20,66,796,45,28,140,153,86,36,35,61,585,43,34,129,140,104,50,40,107,645,4865,1930,4585,3173,1358,449,290,1233,17878
LGA16200,48,13,11,25,295,15,9,45,77,40,21,16,34,247,18,5,54,58,47,30,32,40,283,1273,511,1390,1162,591,218,165,482,5792
LGA16260,289,96,71,195,3112,151,189,748,560,246,125,79,201,2301,153,191,601,533,313,137,158,309,2397,38325,19140,26479,10090,3329,1027,694,6179,105266
LGA16350,341,128,104,255,2593,96,122,394,390,234,131,128,244,1739,74,120,348,266,211,147,162,410,1750,25192,10770,23202,13517,5503,1895,1363,6271,87711
LGA16380,282,73,61,177,2771,156,114,479,483,247,97,58,183,1811,188,159,490,433,289,122,118,254,2044,9441,4115,11454,7108,2789,840,457,2237,38436
LGA16400,233,59,27,206,2107,83,82,370,303,154,63,37,129,1226,64,79,231,253,174,69,57,195,1117,7153,3245,9845,6076,2395,691,395,2116,31914
LGA16490,95,32,17,64,793,44,38,135,118,81,32,25,38,511,21,41,100,104,80,39,28,48,453,8017,3277,6938,3774,1388,375,220,1504,25495
LGA16550,170,49,27,195,2150,187,169,505,358,156,41,37,165,1623,225,206,487,330,178,70,71,477,2041,25875,7485,13703,5569,1583,376,252,3918,58759
LGA16610,85,29,19,81,571,20,19,69,84,69,38,27,56,380,20,24,60,88,81,35,53,86,455,2059,866,2419,1880,934,332,230,1074,9788
LGA16700,153,61,19,118,1735,138,125,473,359,179,65,49,140,1526,179,144,448,395,224,106,96,322,1915,22463,9032,13849,5317,1594,450,279,2954,55936
LGA16900,172,53,25,109,1370,56,53,283,256,147,64,32,136,1022,36,54,217,203,145,61,52,198,964,8240,3454,9663,5702,2101,679,353,1794,31983
LGA16950,338,95,60,251,2979,144,133,552,521,292,112,55,197,1996,132,134,511,514,298,122,116,252,2085,10504,5000,13382,8793,3625,1087,612,3375,46375
LGA17000,63,16,13,24,324,7,4,37,54,45,18,12,12,186,15,15,27,52,42,32,24,11,214,2322,1005,2578,1773,770,224,165,600,9446
LGA17040,47,19,10,31,382,22,11,80,66,42,13,19,29,277,20,12,55,62,48,25,28,36,279,2549,876,2354,1381,565,186,122,795,8818
LGA17080,44,31,16,50,332,7,11,46,52,34,17,20,27,213,15,11,52,48,39,35,33,28,251,1247,545,1569,1192,554,212,142,547,6024
LGA17100,37,29,13,34,496,36,46,125,97,41,24,32,35,427,46,50,115,80,64,37,45,53,492,7930,2907,4069,1731,599,236,173,1254,18896
LGA17150,406,111,48,284,4466,178,223,996,837,401,106,64,251,3061,249,275,1063,922,468,175,129,710,3989,28941,11320,30301,16049,4658,1086,504,4251,97105
LGA17200,113,40,25,180,1758,172,147,348,219,101,26,32,171,1216,134,140,300,190,88,55,49,230,1193,59657,10529,10022,3381,1041,323,269,7989,93203
LGA17310,176,65,31,112,1276,60,52,229,242,164,59,59,140,1004,71,52,180,212,142,97,81,138,978,6475,2698,6763,4791,2080,705,487,2109,26112
LGA17350,27,9,6,16,153,3,3,23,25,34,9,10,21,134,10,11,19,34,28,14,13,21,152,507,206,608,511,339,103,79,192,2544
LGA17400,18,9,7,29,186,17,7,29,27,11,13,5,10,123,8,10,16,29,14,12,12,13,123,613,286,725,589,259,96,81,347,2993
LGA17420,310,76,44,116,2771,85,137,563,486,209,92,47,97,1714,100,146,464,373,214,83,108,163,1651,21713,10822,26046,11693,3409,845,496,2508,77526
LGA17550,268,80,53,252,2597,152,120,518,460,241,94,68,266,1917,178,171,452,459,302,130,119,505,2319,10563,4953,12132,7283,2854,856,522,3663,42828
LGA17620,41,11,6,24,277,17,10,50,58,31,13,11,28,217,18,20,42,49,31,18,26,43,244,1455,551,1498,1174,483,170,86,440,5857
LGA17640,29,9,8,19,201,15,9,23,28,18,3,0,13,118,16,8,21,31,22,13,13,16,132,811,336,881,680,349,94,64,326,3528
LGA17650,18,12,3,14,118,9,10,12,25,13,0,3,6,80,8,0,16,20,6,7,6,8,81,622,256,677,467,221,73,53,202,2561
LGA17750,176,66,45,88,1080,50,32,186,204,148,66,75,83,842,60,60,172,198,169,81,99,153,993,8324,2782,6585,4801,2204,782,613,1881,27974
LGA17850,12,3,4,13,92,3,4,18,20,5,5,0,11,77,4,0,13,18,5,3,3,9,51,216,109,341,289,103,37,16,137,1247
LGA17900,11,9,4,21,91,8,0,5,14,4,7,3,20,66,4,5,5,5,4,0,5,13,40,410,163,371,284,156,62,57,596,2101
LGA17950,12,3,4,8,60,7,0,8,6,6,0,4,12,48,4,0,5,8,13,3,4,27,64,211,88,224,196,116,36,35,137,1037
LGA18020,34,10,9,47,248,13,7,33,28,33,17,16,30,164,4,9,26,45,34,19,17,45,203,705,304,868,737,396,154,116,602,3872
LGA18050,56,9,0,95,884,91,84,202,137,52,13,12,118,705,72,111,227,145,58,9,25,224,864,14661,3662,6106,2549,600,106,107,2278,30069
LGA18100,17,5,0,12,111,0,0,10,12,17,3,0,9,65,8,5,12,16,15,7,7,4,75,308,115,332,343,174,46,40,126,1488
LGA18200,21,6,3,15,131,0,7,19,14,17,5,3,14,83,0,5,12,18,21,10,8,15,84,601,241,743,531,244,76,59,409,2912
LGA18250,94,26,14,64,1138,102,64,278,207,97,25,4,47,832,142,103,314,262,160,82,56,130,1240,11699,5397,9007,3465,913,229,108,1401,32219
LGA18350,166,38,35,120,1651,129,79,276,289,134,44,31,118,1093,94,70,241,198,122,52,39,200,1014,6108,2578,6541,4125,1558,435,257,1461,23064
LGA18400,77,28,16,63,741,27,26,113,144,64,30,26,72,500,19,22,95,81,46,25,19,137,449,5588,2138,6083,4064,1505,438,254,1225,21308
LGA18450,451,151,69,304,4059,189,233,914,860,383,157,98,322,3157,164,218,979,872,402,223,143,588,3581,27765,9865,25703,14467,5072,1558,960,5220,90609
LGA18500,77,15,10,78,1264,122,81,256,211,74,23,11,116,894,105,81,225,202,88,22,22,298,1042,10393,2954,5731,2903,757,146,81,1605,24566
LGA18710,37,12,3,19,291,11,13,51,50,20,11,8,21,188,9,9,59,46,36,10,17,26,211,1912,742,2011,1314,486,156,89,399,7101
LGA19399,0,0,0,3,18,0,0,5,4,3,0,0,0,9,0,0,0,4,0,0,0,0,9,106,34,103,82,19,9,8,43,408
LGA19499,11,3,0,17,66,5,0,5,7,4,0,0,12,39,3,0,3,7,5,0,6,13,32,1342,373,647,366,165,69,56,1357,4381
LGA19799,0,0,0,0,0,0,0,0,0,0,0,0,0,0,0,0,0,0,0,0,0,0,0,0,0,0,0,0,0,0,0,0
LGA20110,47,9,10,44,364,23,9,51,58,29,17,10,35,222,16,17,46,46,36,20,13,44,239,1478,552,1584,1030,377,117,68,496,5699
LGA20260,34,18,18,25,278,17,11,43,39,26,14,14,21,188,21,5,31,44,47,27,16,24,222,1148,409,1202,911,412,141,112,405,4741
LGA20570,317,127,96,205,2207,122,66,331,348,245,114,115,170,1512,158,104,311,351,307,160,181,276,1848,14632,5303,12284,8007,3319,1139,840,3127,48643
LGA20660,242,77,44,105,2406,132,131,519,489,259,71,78,117,1792,147,172,579,523,287,125,124,169,2121,17705,6781,16116,7561,2338,619,471,2273,53856
LGA20740,132,39,32,137,1167,42,33,156,187,118,37,24,77,687,47,52,146,164,105,54,43,106,706,4076,1825,5171,3467,1330,363,209,1511,17951
LGA20830,167,67,37,93,1219,38,30,167,213,133,63,46,91,785,35,41,134,191,152,69,90,100,817,6198,2395,6293,4672,1944,633,419,1676,24236
LGA20910,179,46,16,143,2290,159,122,517,365,165,55,47,125,1547,200,187,595,511,259,97,76,273,2201,13488,5391,14404,6613,1694,377,212,2045,44233
LGA21010,51,28,9,49,406,24,11,61,75,53,27,13,56,324,28,15,54,78,45,26,32,72,345,1493,610,1686,1206,499,194,121,644,6459
LGA21110,257,66,42,161,3151,305,150,728,605,239,77,62,144,2330,416,210,806,686,433,164,133,287,3143,27933,8822,20832,9950,2666,617,350,3068,74237
LGA21180,331,138,141,254,2992,93,145,590,456,307,139,168,189,2078,102,161,531,468,262,147,275,336,2271,24706,9885,21432,11565,4378,1550,1432,5921,80858
LGA21270,29,11,11,15,145,7,7,21,34,23,13,12,20,136,9,10,13,32,25,21,22,47,182,476,195,520,582,297,113,92,271,2543
LGA21370,136,51,32,115,948,39,24,129,155,123,64,55,99,681,32,25,104,154,114,76,90,174,766,3619,1390,4198,3315,1515,515,362,1460,16383
LGA21450,185,57,40,135,1521,49,50,221,225,130,67,52,118,912,44,63,169,196,151,62,55,160,902,13552,5940,12920,7345,2750,844,601,2923,46867
LGA21610,460,175,137,267,3708,108,178,682,642,387,157,168,224,2536,127,225,554,586,379,219,246,315,2646,41439,19914,40656,19910,7533,2828,2316,8247,142834
LGA21670,51,19,13,54,415,20,18,63,68,54,23,17,36,295,23,24,60,56,42,30,21,40,294,1262,582,1483,1106,542,221,122,547,5867
LGA21750,76,30,25,50,482,21,11,81,95,43,39,29,38,359,29,22,61,93,68,36,52,55,415,2407,880,2245,1756,885,309,202,730,9412
LGA21830,76,23,22,40,404,26,12,50,64,51,42,23,44,309,12,17,40,58,56,32,34,63,307,1524,521,1533,1375,722,273,169,588,6705
LGA21890,211,72,85,169,2182,108,140,643,515,228,69,78,184,1956,113,173,652,525,281,131,150,392,2406,29119,7911,14502,6436,2087,653,597,4237,65528
LGA22110,181,57,29,153,1477,77,45,227,241,130,57,40,112,929,45,64,163,183,144,59,55,161,877,4693,2113,5921,4002,1691,502,315,1947,21189
LGA22170,277,82,44,210,2379,93,111,439,382,226,93,61,183,1585,109,145,429,410,245,114,106,354,1913,17497,7726,16495,8647,3016,896,564,3772,58620
LGA22250,50,23,9,30,310,12,8,45,48,45,29,15,36,236,11,6,27,40,62,18,27,36,234,839,336,1050,1047,533,172,114,435,4526
LGA22310,158,45,17,134,2252,169,171,660,433,167,57,29,147,1831,209,274,775,594,245,109,90,282,2577,24434,8635,17624,7305,1876,527,453,3147,64003
LGA22410,72,28,12,50,456,14,13,73,76,58,24,29,36,325,13,15,71,76,70,41,44,52,375,1851,876,2438,1623,709,250,167,681,8590
LGA22490,43,13,14,28,294,7,10,34,44,28,16,19,12,166,9,15,35,26,34,13,13,17,161,2385,947,2817,1818,693,202,139,579,9589
LGA22620,338,109,88,210,2279,116,93,344,388,284,123,110,224,1688,107,102,345,364,303,131,173,359,1886,14376,5497,13101,8963,3809,1238,878,3709,51561
LGA22670,288,116,109,199,2459,94,134,533,416,237,114,138,161,1826,104,164,491,417,269,134,271,204,2061,20717,9328,16094,8057,3239,1321,1220,4592,64563
LGA22750,658,189,126,438,5322,217,200,959,995,601,222,193,396,3795,252,318,930,967,639,290,284,550,4228,35589,12841,31386,18754,6968,2033,1341,7027,115941
LGA22830,234,69,54,164,1271,47,34,173,257,150,82,62,133,947,54,51,177,210,174,89,94,143,1004,7049,2788,7011,5073,2215,774,645,2507,28064
LGA22910,38,12,10,42,400,19,20,53,53,27,27,14,51,257,24,14,46,46,39,19,29,61,284,2098,799,1794,1182,456,150,120,706,7309
LGA22980,31,8,8,18,161,8,7,24,32,20,13,9,17,122,20,7,29,32,15,10,10,39,165,549,208,599,484,226,81,48,225,2417
LGA23110,161,48,36,101,1420,61,90,303,294,159,43,50,92,1094,74,111,386,309,146,71,76,146,1322,12803,5251,10650,4927,1612,504,426,2183,38359
LGA23190,88,28,8,40,435,21,14,67,89,76,25,24,41,346,27,19,66,96,77,38,30,47,401,2202,801,2202,1689,743,231,145,583,8603
LGA23270,356,138,177,194,2557,64,95,363,405,240,122,174,154,1615,59,99,332,299,208,118,219,154,1481,28856,11579,24321,13994,6069,2282,2188,6112,95401
LGA23350,44,10,19,35,354,22,14,51,43,31,28,13,22,225,24,19,41,44,48,29,22,21,251,1768,767,2043,1378,555,191,113,491,7297
LGA23430,286,93,58,200,3046,180,161,709,539,280,89,79,199,2241,181,235,738,633,355,153,155,322,2773,21943,9435,20570,9039,2772,759,462,3218,68202
LGA23670,334,93,51,182,2799,117,132,631,484,296,110,74,209,2050,123,167,512,493,300,124,141,338,2203,20222,9158,20984,9950,3323,883,536,3060,68114
LGA23810,207,95,60,166,1532,44,46,245,294,187,75,78,175,1145,50,64,210,240,186,104,108,239,1193,8099,3309,8683,5751,2522,869,659,2994,32889
LGA23940,28,10,13,25,178,8,0,19,29,19,13,9,29,120,7,7,27,35,27,11,19,44,180,663,268,697,648,352,111,86,428,3251
LGA24130,103,46,33,80,945,44,41,114,140,71,48,16,41,517,25,43,118,107,86,32,43,90,531,5637,2275,6359,3648,1264,366,210,1329,21092
LGA24210,303,61,54,143,3008,127,169,878,700,315,99,68,169,2521,149,203,768,664,370,115,102,254,2630,15670,7654,17202,8398,2401,589,322,2309,54541
LGA24250,24,3,9,18,222,16,9,28,31,22,4,8,20,148,9,10,35,31,17,26,7,9,139,1091,393,1251,763,285,70,52,378,4277
LGA24330,69,35,39,70,777,43,63,214,135,76,40,63,67,699,55,48,214,159,87,51,88,142,846,16778,4802,7456,2968,961,355,365,2489,36173
LGA24410,252,65,50,113,2172,93,92,439,397,220,93,56,143,1533,90,132,445,417,262,129,81,265,1829,15285,6504,14309,7384,2428,684,393,2157,49138
LGA24600,85,26,23,73,952,96,54,173,125,78,20,35,71,636,102,68,166,129,62,44,47,106,726,47738,6308,6160,2365,805,255,234,6392,70262
LGA24650,157,74,74,120,1374,24,56,196,189,129,58,64,83,798,31,48,153,156,95,61,76,86,714,19566,9074,19274,9833,3566,1251,1063,4527,68167
LGA24780,150,57,33,109,976,54,32,159,212,166,83,47,104,851,40,54,179,170,189,85,99,139,956,5962,2272,5981,4179,1959,665,503,2233,23768
LGA24850,100,44,24,57,707,19,22,89,93,65,26,28,49,402,21,33,94,89,68,42,33,76,459,5262,2406,5208,3278,1295,413,289,1415,19566
LGA24900,112,49,44,87,774,41,24,104,116,114,55,38,75,568,34,37,105,103,122,58,68,90,614,2752,1116,3189,2571,1285,459,312,1143,12834
LGA24970,294,96,55,178,3615,187,246,1117,817,337,108,74,228,3112,239,329,1083,791,464,190,178,415,3687,27918,12009,23896,9280,2715,749,494,4229,81293
LGA25060,218,82,46,154,2106,109,129,538,443,210,97,87,149,1762,128,172,509,473,261,124,151,190,2003,20148,6021,14112,7006,2027,588,432,2846,53172
LGA25150,91,24,15,59,623,24,20,79,84,63,19,28,26,342,23,30,65,100,68,41,46,32,403,4220,1725,4283,2641,1013,314,201,941,15339
LGA25250,216,89,56,153,2118,107,152,757,598,292,118,89,188,2306,163,240,857,669,321,150,161,337,2899,34675,8795,15554,7063,2561,897,741,4624,74900
LGA25340,547,139,81,410,5104,245,220,948,919,431,151,97,345,3348,231,227,841,842,478,161,154,533,3467,18113,7783,23088,13477,4649,1071,635,5104,73922
LGA25430,41,21,12,63,554,40,19,86,82,55,18,21,54,372,20,18,66,66,45,19,15,144,393,2340,1066,2449,1303,510,157,115,858,8792
LGA25490,53,15,16,40,330,11,13,44,45,34,17,21,26,207,15,15,31,40,36,20,33,47,236,1738,616,1788,1395,674,209,146,588,7151
LGA25620,53,9,5,31,331,15,15,50,44,27,19,14,33,214,10,14,43,52,33,16,6,26,196,1598,629,1741,1114,441,134,73,627,6360
LGA25710,104,36,20,51,963,23,30,145,120,82,26,26,37,491,35,36,150,120,71,47,40,45,539,7381,2622,8730,4627,1276,315,175,955,26073
LGA25810,34,21,6,47,319,15,7,44,48,27,12,15,42,206,12,11,36,29,35,15,16,83,242,1228,438,1307,903,441,154,94,532,5101
LGA25900,90,19,17,120,1325,103,100,277,171,71,27,17,123,889,65,93,217,153,81,24,26,214,876,25286,5547,7813,2986,794,175,171,3731,46502
LGA25990,35,10,3,22,179,3,3,15,27,11,8,11,21,99,6,4,19,21,20,5,10,12,103,737,279,755,558,291,96,71,311,3097
LGA26080,14,0,5,9,158,7,6,36,26,21,4,8,18,121,3,3,18,29,13,14,5,7,95,325,131,493,334,125,34,19,110,1560
LGA26170,114,33,19,67,745,28,25,99,120,89,33,23,66,483,27,24,91,127,95,43,48,45,505,3015,1220,3380,2704,1148,324,212,1019,13017
LGA26260,62,26,17,53,432,19,15,51,80,51,22,17,36,292,20,14,74,81,59,29,43,55,380,1670,638,1829,1415,641,189,158,555,7094
LGA26350,130,35,15,107,1877,157,151,463,379,136,50,23,125,1476,163,162,438,383,204,81,62,219,1714,24740,5036,9591,4738,1293,289,158,3053,48902
LGA26430,43,13,12,38,334,16,11,39,41,29,19,14,24,191,21,13,54,56,39,7,19,46,257,1114,525,1322,888,430,119,91,525,4998
LGA26490,77,29,10,42,671,17,21,90,116,50,23,22,61,400,21,23,74,110,60,29,17,124,455,4251,1577,4671,2787,879,217,102,1053,15530
LGA26610,71,32,24,41,394,12,8,51,80,59,39,31,47,323,23,13,47,77,77,38,49,67,385,2090,785,1890,1663,796,310,220,918,8673
LGA26670,23,8,3,12,161,3,0,18,17,17,16,4,16,94,7,8,18,26,23,6,15,38,131,516,219,683,551,244,79,54,251,2592
LGA26700,98,32,33,79,755,28,25,107,136,87,33,34,66,521,39,17,111,126,94,54,50,83,578,3143,1188,3340,2512,1090,355,239,990,12844
LGA26730,104,63,28,71,759,40,22,95,141,90,40,61,69,558,35,31,113,126,110,59,84,118,680,4228,1533,3845,2830,1228,407,311,1062,15433
LGA26810,157,46,37,112,958,32,27,120,185,100,57,56,84,658,30,24,98,127,106,52,67,111,622,4297,1770,4972,3666,1635,514,362,1679,18895
LGA26890,18,7,4,12,87,5,0,15,28,11,7,3,13,78,3,0,18,28,17,4,4,12,91,327,124,382,399,158,58,33,165,1653
LGA26980,298,92,51,170,3259,223,194,919,737,331,107,84,209,2812,288,235,904,735,412,182,193,444,3405,26022,11106,20676,8872,2622,724,486,3694,74202
LGA27070,336,114,95,230,2798,59,108,624,518,266,100,110,232,2022,61,129,529,440,233,113,134,382,2014,27357,11946,27112,13350,4619,1417,1011,5211,92021
LGA27170,106,29,29,59,753,36,32,121,118,105,47,33,52,543,27,40,100,116,98,46,37,52,519,4707,2047,4976,3082,1310,394,288,1041,17840
LGA27260,255,96,72,152,1979,48,83,326,315,168,90,83,128,1241,57,93,263,241,160,88,110,177,1189,31947,18768,30115,12591,4821,1799,1526,7027,108604
LGA27350,84,35,23,83,1068,107,76,216,148,60,18,32,53,711,87,70,225,152,78,40,78,63,790,24670,4087,6095,2426,758,244,244,2806,41333
LGA27450,328,91,60,148,2729,118,99,464,468,270,84,70,116,1685,90,120,397,375,250,117,106,137,1590,18580,7469,19123,11142,3954,1045,596,3034,64947
LGA27630,36,10,9,19,190,11,9,22,32,23,8,7,26,134,6,5,22,26,33,18,16,35,168,534,231,661,588,314,106,65,272,2765
LGA29399,0,0,0,5,5,0,0,0,0,0,0,0,0,0,0,0,0,0,0,0,0,0,0,195,33,33,27,8,0,4,121,418
LGA29499,3,0,0,16,42,0,0,4,6,0,0,0,0,14,0,0,0,4,3,5,0,5,19,1016,266,399,261,111,38,42,1239,3373
LGA29799,0,0,0,0,0,0,0,0,0,0,0,0,0,0,0,0,0,0,0,0,0,0,0,0,0,0,0,0,0,0,3,6
LGA30250,0,0,0,0,0,0,0,0,0,0,0,0,0,0,0,0,0,0,0,0,0,0,0,114,82,56,42,32,25,26,66,440
LGA30300,15,0,4,6,64,0,0,8,8,6,7,9,7,43,0,0,6,6,8,6,10,7,35,378,160,369,318,153,62,68,195,1714
LGA30370,37,12,10,41,237,11,6,33,31,27,9,12,37,165,3,7,25,32,28,11,29,49,177,1171,504,1341,982,492,175,112,780,5556
LGA30410,10,3,0,15,67,5,0,6,11,9,5,3,9,38,0,4,4,0,6,5,8,8,35,266,88,262,202,119,47,30,141,1156
LGA30450,0,0,0,0,3,0,0,0,0,0,0,0,0,0,0,0,0,0,0,0,0,0,0,38,6,24,15,18,3,4,17,123
LGA30760,4,0,3,6,38,3,0,6,9,8,5,5,7,29,0,0,4,9,4,0,4,11,26,167,77,188,187,66,24,20,72,803
LGA30900,0,0,3,0,5,0,0,0,0,0,0,0,0,0,0,0,0,0,0,0,0,0,0,37,28,36,25,13,0,9,20,171
LGA31000,1847,625,401,981,16797,1102,802,3138,2903,1594,718,566,993,11810,1176,1052,3097,3023,1992,1041,996,1969,14350,208010,66500,128320,62319,21361,6824,4975,27391,525710
LGA31750,0,0,0,0,3,0,0,0,0,0,0,0,0,0,0,0,0,0,0,0,0,0,0,32,14,19,24,10,8,0,6,116
LGA31820,348,136,87,231,2589,119,112,438,435,263,129,99,186,1789,103,116,299,344,242,154,143,178,1578,9819,4362,11633,7831,3534,1307,941,3169,42594
LGA31900,65,34,14,35,383,12,14,54,72,52,28,13,39,281,14,14,55,76,56,30,34,38,317,1459,597,1726,1420,638,250,147,657,6907
LGA31950,0,0,0,0,6,0,0,0,0,0,0,0,0,0,0,0,0,0,0,0,0,0,3,34,12,20,14,10,8,9,34,144
LGA32080,258,94,81,263,2403,106,111,335,330,194,63,72,196,1396,90,119,288,281,178,92,97,289,1438,21455,8788,17039,8985,3660,1284,1166,6676,69054
LGA32250,0,0,5,3,25,0,4,0,0,0,0,5,3,11,0,0,0,0,0,0,0,0,6,172,89,147,123,69,34,40,106,768
LGA32260,74,30,22,65,585,27,20,79,108,55,27,32,46,397,22,19,90,91,72,43,35,43,417,2472,1239,3116,2131,929,334,301,1259,11786
LGA32270,38,7,11,44,240,4,3,16,19,29,17,18,29,136,5,3,11,19,16,14,12,37,108,2510,1014,2373,1751,835,274,190,1128,10070
LGA32310,20,19,11,35,212,11,11,25,34,25,11,15,24,155,19,10,15,27,18,12,14,31,141,1093,399,1121,805,417,166,121,678,4790
LGA32330,0,0,4,0,4,0,0,0,0,0,0,0,0,0,0,0,0,0,0,0,0,0,4,93,50,48,38,55,25,59,43,417
LGA32450,0,4,3,7,31,0,0,3,0,0,0,4,7,16,0,3,0,0,6,0,0,4,17,357,120,216,160,89,33,47,215,1239
LGA32500,5,5,0,13,60,4,0,5,3,0,3,5,0,17,0,0,0,0,0,0,0,6,13,445,159,350,218,110,43,46,322,1706
LGA32600,0,0,0,0,0,0,0,0,0,0,0,0,0,0,0,0,0,0,0,0,0,0,0,21,8,13,14,8,6,5,10,90
LGA32750,0,0,0,0,0,0,0,0,0,0,0,0,0,0,0,0,0,0,0,0,0,0,0,42,0,15,18,4,0,6,20,109
LGA32770,0,0,0,0,0,0,0,0,0,0,0,0,0,0,0,0,0,0,0,0,0,0,0,106,65,65,41,58,25,35,76,487
LGA32810,23,4,0,28,219,7,6,26,29,17,10,7,14,115,5,5,24,23,5,11,6,13,89,1617,579,1185,685,261,94,74,660,5153
LGA33100,5,0,0,4,13,5,0,0,0,0,0,0,0,8,0,0,0,0,0,0,0,0,7,59,30,67,52,20,7,8,37,284
LGA33200,6,6,5,0,35,0,0,3,9,0,3,0,7,23,0,0,4,8,3,3,3,3,25,122,46,139,133,53,27,17,88,621
LGA33220,366,151,73,327,3306,161,143,505,459,320,135,86,283,2088,128,117,386,389,290,130,128,331,1908,10542,5441,13695,8724,4059,1428,909,3727,48517
LGA33360,114,46,31,58,733,23,20,95,114,80,31,37,64,474,12,20,68,80,49,35,51,64,387,5718,2765,6947,4374,1844,635,482,1829,24597
LGA33430,1080,301,153,992,11407,612,610,2119,1742,904,330,190,896,7405,542,676,1769,1577,896,420,323,1528,7737,84868,35214,73675,36373,12792,3692,2090,19575,268279
LGA33610,31,10,12,30,192,10,9,32,32,22,12,10,17,143,14,5,12,26,26,18,22,20,135,830,370,990,831,392,133,99,419,4061
LGA33620,193,71,52,114,1312,43,36,161,177,116,61,44,91,730,55,30,123,130,120,57,78,88,689,4995,2384,6148,4111,2032,692,470,1747,22567
LGA33800,35,12,13,38,292,17,7,53,63,41,18,13,36,245,9,14,70,52,45,23,13,33,260,905,401,1252,919,424,139,101,436,4569
LGA33830,0,0,0,0,4,0,0,0,0,0,3,0,4,0,0,0,0,0,0,0,0,0,3,87,39,43,37,27,22,28,53,337
LGA33960,344,149,118,216,2559,114,76,378,417,304,128,149,226,1785,96,88,285,284,237,133,175,305,1603,26115,11425,22225,13425,6172,2487,2228,5954,90021
LGA33980,16,8,0,19,108,3,3,9,16,14,9,4,14,66,3,3,11,11,8,5,7,9,60,1861,729,1664,1117,518,161,104,1330,7471
LGA34420,0,0,0,5,6,0,0,0,0,0,0,0,3,3,0,0,0,0,0,0,0,0,0,95,54,44,29,29,20,15,126,424
LGA34530,107,32,32,59,724,37,23,111,143,74,27,36,53,505,24,18,82,88,73,38,39,72,435,3538,1609,4434,3014,1307,408,262,1236,15809
LGA34570,0,0,0,0,3,0,0,0,0,0,0,0,3,5,0,0,0,0,0,0,0,0,6,54,31,27,24,11,19,17,49,235
LGA34580,118,36,38,66,689,30,31,74,107,56,35,28,51,409,32,25,69,84,52,34,50,41,390,4505,1765,3932,2981,1421,522,410,1510,17050
LGA34590,566,230,209,362,4464,168,171,675,627,414,201,170,308,2740,127,183,509,505,377,210,229,403,2541,37073,17000,34549,20874,9765,3953,3269,10344,136835
LGA34710,4,4,7,5,42,4,0,9,7,5,5,0,7,40,0,0,9,8,9,9,0,10,48,408,139,313,258,118,49,32,204,1526
LGA34770,239,111,86,184,1766,82,57,228,265,169,85,81,163,1131,55,55,196,228,199,115,127,206,1184,11988,5108,12838,8488,3557,1286,785,4506,48547
LGA34800,0,0,0,0,4,0,0,0,0,0,0,0,0,3,0,0,0,4,0,3,0,0,5,88,29,48,47,31,8,0,56,318
LGA34830,0,0,0,0,0,0,0,0,0,0,0,0,0,0,0,0,0,0,0,0,0,0,0,16,13,19,19,12,10,14,54,150
LGA34860,34,9,8,25,188,8,6,16,32,30,15,16,28,150,7,0,27,26,26,10,13,51,155,1183,449,1170,915,480,143,110,642,5102
LGA34880,69,24,19,64,506,27,12,67,78,40,22,10,29,278,17,24,31,65,36,20,18,31,238,2137,933,2157,1535,682,249,167,1069,8930
LGA35010,1049,360,256,583,8735,379,349,1320,1345,829,361,233,504,5330,341,365,1084,1081,716,352,390,837,5162,53267,24094,56113,32889,13171,4352,2885,11032,197805
LGA35250,3,0,0,4,14,0,0,0,0,0,0,0,0,5,0,0,0,0,0,0,6,0,6,111,59,50,46,29,22,20,67,406
LGA35300,17,4,16,16,142,8,4,17,17,15,8,7,12,87,0,4,15,8,7,8,5,17,65,2087,842,1456,965,488,200,182,763,6984
LGA35600,10,8,3,9,71,3,0,13,9,10,6,5,0,42,6,4,12,12,9,3,11,11,71,394,172,380,280,144,61,41,226,1693
LGA35670,0,0,0,3,5,0,0,0,0,0,0,0,0,0,0,0,0,0,0,0,0,0,0,54,17,28,22,22,18,20,155,322
LGA35740,125,46,13,131,1548,98,65,293,221,105,47,25,114,962,64,77,203,166,123,47,39,245,969,6582,2924,7762,3950,1305,337,194,1868,24920
LGA35760,29,14,13,43,245,11,9,38,44,30,17,11,26,178,8,10,26,27,25,20,15,28,163,878,377,984,767,380,159,113,546,4203
LGA35780,4,0,0,0,5,0,0,0,0,0,0,3,0,4,0,0,0,0,0,0,0,0,4,226,134,109,87,69,60,111,161,954
LGA35790,0,0,0,0,4,0,0,0,0,0,0,0,0,0,0,0,0,0,0,0,0,0,0,172,85,79,65,72,58,90,126,747
LGA35800,6,0,4,0,35,6,0,3,0,0,4,0,0,14,5,5,0,3,9,0,6,0,24,139,75,152,114,59,33,36,60,666
LGA36070,0,0,0,0,3,0,0,0,0,0,0,0,0,0,0,0,0,0,0,0,0,0,0,65,40,39,23,16,9,11,50,239
LGA36150,0,0,0,0,3,0,0,3,0,0,0,0,0,3,0,0,3,3,0,0,0,0,8,67,36,70,53,22,7,3,21,277
LGA36250,384,104,73,235,3358,149,136,571,576,342,112,83,196,2162,143,156,557,484,305,169,131,376,2316,17316,8035,21183,11784,4307,1279,725,3181,67810
LGA36300,0,0,0,0,12,0,0,0,5,0,0,0,0,9,0,0,0,3,0,0,0,3,5,53,24,68,53,33,11,3,46,287
LGA36370,196,66,41,135,1319,77,52,220,225,181,78,92,153,1078,91,48,178,172,170,81,111,220,1079,8784,3747,8319,5417,2571,942,780,2737,33290
LGA36510,131,51,21,85,916,45,32,132,135,89,31,45,79,590,43,35,85,100,94,36,49,112,553,4302,1956,4959,3134,1481,467,293,1445,18047
LGA36580,69,31,20,54,506,23,18,45,76,44,16,19,39,271,7,15,33,40,26,25,21,35,201,2300,1047,2692,1863,894,325,215,825,10169
LGA36630,122,60,38,95,821,33,19,101,103,86,35,30,65,475,37,28,87,66,73,46,53,72,468,3002,1280,3260,2513,1363,581,414,1438,13850
LGA36660,136,61,35,87,913,50,39,130,153,101,48,35,79,641,44,30,99,117,103,50,50,93,591,3457,1463,3795,2893,1481,543,392,1408,15434
LGA36720,808,269,131,561,7699,381,334,1390,1337,749,290,172,457,5109,359,372,1135,1202,796,349,288,831,5333,41248,17151,43750,24591,9043,2619,1378,9187,148966
LGA36820,87,38,18,78,644,26,31,86,98,56,35,21,55,408,22,19,69,73,66,37,24,95,405,2510,1081,2752,2059,942,336,210,1269,11167
LGA36910,507,170,145,298,3598,185,120,556,576,442,186,167,283,2512,218,138,391,561,453,248,265,442,2725,20059,7407,17891,12776,5929,2069,1732,4872,72733
LGA36950,6,0,9,0,19,0,0,3,4,0,0,0,0,13,0,0,0,0,0,0,0,0,9,404,143,181,132,111,70,108,144,1294
LGA36960,4,0,15,3,25,0,0,3,0,0,0,3,3,9,0,0,0,0,0,0,0,0,9,360,177,194,146,140,98,195,123,1430
LGA37010,349,133,98,223,2616,133,102,403,429,289,137,99,161,1759,96,121,294,346,277,134,142,277,1683,24093,9171,19438,11697,5044,1772,1329,6202,78748
LGA37300,0,0,0,4,13,0,0,0,0,0,0,0,0,4,0,0,0,0,0,0,0,0,6,433,171,346,210,67,18,22,192,1460
LGA37310,99,37,42,68,572,20,18,57,89,66,29,47,57,377,21,14,57,76,61,41,59,56,383,2958,1211,3011,2472,1234,493,400,1398,13173
LGA37340,68,31,12,51,498,28,23,63,86,37,22,14,44,318,20,18,57,59,65,29,30,29,305,4359,1584,3673,2189,922,308,212,1740,14994
LGA37400,0,5,0,3,27,0,0,4,4,0,0,0,0,14,0,0,0,0,7,0,6,0,9,104,53,101,70,50,16,12,76,474
LGA37550,0,0,0,0,9,0,0,0,0,0,0,0,0,0,0,0,0,0,0,0,0,0,0,106,40,41,36,46,21,71,26,379
LGA37570,0,0,0,0,0,0,0,0,0,0,0,0,0,0,0,0,0,0,0,0,0,0,0,26,21,14,18,22,6,0,12,104
LGA37600,3,3,11,0,18,0,0,0,0,0,4,5,0,9,0,0,0,0,0,0,0,0,0,232,101,111,77,100,84,127,94,916
LGA39499,9,8,4,19,124,6,0,11,8,0,5,5,10,37,0,0,3,6,0,3,0,3,25,1770,525,1137,733,317,128,80,1441,6127
LGA39799,0,0,0,0,0,0,0,0,0,0,0,0,0,0,0,0,0,0,0,0,0,0,0,9,0,0,0,0,0,0,24,28
LGA40070,27,9,3,27,367,29,20,71,43,29,3,3,32,240,23,17,50,53,21,6,9,92,272,6963,1075,1524,672,203,44,40,1040,11556
LGA40120,62,16,15,48,772,30,26,134,112,53,17,12,24,410,35,29,109,110,84,23,17,41,447,4812,1891,5498,2728,908,209,107,813,16959
LGA40150,19,3,0,13,140,4,5,15,17,15,6,0,6,63,0,4,8,17,7,4,8,6,53,1023,425,1099,658,258,73,60,261,3860
LGA40220,88,17,13,64,946,58,30,172,174,76,28,14,67,615,25,32,123,128,89,36,26,72,535,2974,1382,4045,2274,848,247,145,808,12722
LGA40250,0,0,0,3,9,0,0,0,0,4,0,0,0,8,0,0,0,0,0,4,0,0,11,265,140,150,125,59,35,19,176,967
LGA40310,59,13,3,35,531,24,15,105,107,51,17,21,27,371,22,22,95,91,87,29,22,44,411,2632,1079,3337,2001,694,175,121,530,10572
LGA40430,15,0,0,13,93,4,5,12,16,16,3,0,5,61,0,3,10,20,18,8,0,4,67,175,102,315,265,119,22,15,95,1111
LGA40520,25,9,4,21,229,11,13,40,58,28,9,4,24,175,9,5,43,41,39,21,21,30,212,1026,436,1256,848,361,109,76,328,4450
LGA40700,73,30,5,40,1129,73,61,266,236,98,27,9,49,827,84,82,295,267,170,55,30,53,1036,6269,2546,6660,3013,846,193,99,613,20234
LGA40910,120,28,11,81,1282,54,74,332,320,150,42,26,86,1074,60,93,321,268,160,75,40,141,1160,7480,3275,7304,3394,1044,262,163,1021,23937
LGA41010,12,0,0,8,57,0,0,8,3,3,0,0,3,26,0,0,5,4,4,3,4,6,28,298,146,331,249,119,42,29,148,1367
LGA41060,214,62,42,132,2331,112,175,596,549,242,95,59,138,1965,147,203,660,585,304,131,132,146,2306,18347,6847,15203,7016,2257,707,517,2496,53395
LGA41140,38,11,3,21,237,8,17,37,26,21,10,12,21,151,10,9,30,29,20,17,13,12,142,897,391,1062,772,334,97,62,294,3900
LGA41190,7,0,0,3,36,0,5,9,8,3,4,0,8,24,0,0,4,11,6,3,3,3,37,108,50,183,162,75,25,12,60,670
LGA41330,3,0,0,10,30,4,0,5,3,8,3,0,5,15,0,0,0,0,0,0,0,10,9,174,69,97,59,27,19,5,138,584
LGA41560,53,22,6,45,483,16,12,67,97,50,16,12,47,321,18,11,65,74,53,19,19,62,314,1245,640,2048,1319,505,178,90,542,6563
LGA41750,3,0,0,0,15,0,0,0,3,4,0,0,0,7,0,0,0,0,0,0,3,0,9,71,35,100,86,32,16,9,27,381
LGA41830,3,3,0,5,48,0,0,5,7,4,3,7,3,34,0,0,3,3,7,0,8,0,26,154,65,185,126,65,23,19,79,716
LGA41960,8,0,0,5,41,0,3,0,5,0,0,0,0,9,0,4,0,7,7,0,6,0,18,82,44,155,129,55,14,7,49,536
LGA42030,58,25,9,41,580,24,16,135,123,76,33,23,38,472,31,32,126,105,68,46,25,61,497,2732,1292,3200,1884,718,260,131,574,10788
LGA42110,15,3,4,9,111,0,3,18,14,13,5,3,5,56,4,5,8,10,10,7,3,8,64,360,154,433,345,162,62,32,151,1692
LGA42250,14,7,6,21,137,0,8,16,18,17,6,0,14,68,0,4,11,17,5,0,5,35,78,657,257,944,666,231,58,31,305,3155
LGA42600,79,15,14,61,1006,67,50,220,181,97,11,9,49,693,70,87,263,272,158,65,35,81,1034,5575,2070,5221,2563,782,177,96,747,17226
LGA42750,11,0,0,14,120,0,3,14,6,13,5,6,8,68,7,0,0,9,6,7,0,17,61,455,204,571,349,153,42,31,201,2001
LGA43080,0,4,0,8,29,0,0,0,9,0,0,0,0,12,0,0,9,6,4,4,4,0,27,74,26,97,89,47,12,6,34,389
LGA43220,6,0,0,0,21,0,0,0,10,5,0,0,0,17,0,0,0,0,10,0,0,6,26,68,24,98,102,54,13,6,28,396
LGA43360,15,5,0,8,73,3,5,8,13,9,0,3,6,51,4,4,5,8,9,0,5,4,44,175,87,286,251,91,28,14,69,989
LGA43650,17,8,3,15,238,3,7,30,35,24,9,5,10,122,11,11,19,19,11,19,0,24,115,1739,598,1970,1142,397,124,59,332,6355
LGA43710,10,5,0,9,86,0,0,8,19,14,5,3,9,51,0,0,4,9,9,6,6,3,46,463,207,668,466,177,49,27,174,2226
LGA43790,46,17,6,30,303,13,6,48,62,35,15,4,26,210,14,5,44,48,49,24,21,21,234,964,396,1393,1011,447,130,81,372,4797
LGA44000,0,0,0,0,0,0,0,0,0,0,0,0,0,0,0,0,0,0,0,0,0,0,0,3,7,10,5,0,0,0,12,40
LGA44060,139,37,28,75,1691,79,97,425,338,157,64,34,76,1268,117,146,459,453,243,115,89,123,1756,14310,5877,12071,5263,1607,536,322,1657,41649
LGA44210,25,0,11,15,210,11,10,31,53,24,15,8,19,163,11,3,20,21,15,9,13,20,120,728,383,1092,749,269,95,66,356,3741
LGA44340,120,31,15,59,1413,90,70,355,283,133,30,19,66,1051,112,107,356,360,188,88,49,95,1356,9207,3379,9485,4271,1232,292,157,1009,29040
LGA44550,77,26,11,45,682,22,32,118,117,77,12,16,25,421,22,29,108,110,54,54,40,36,448,4782,2041,4842,2648,930,256,150,779,16421
LGA44620,73,30,16,47,579,24,26,80,120,87,35,26,68,470,17,17,103,116,62,49,44,92,501,2922,1247,3235,2044,803,299,200,812,11560
LGA44830,10,9,0,11,75,6,5,7,12,6,0,5,11,57,0,0,5,16,11,4,4,4,52,238,98,311,277,120,38,26,120,1220
LGA45040,69,26,15,41,503,18,16,74,101,65,19,15,38,350,19,16,77,84,64,44,27,33,367,2122,968,2417,1637,708,275,167,652,8951
LGA45090,18,10,0,29,185,7,0,25,46,17,4,0,9,119,8,8,18,37,26,13,8,18,131,719,346,1013,676,266,68,28,289,3412
LGA45120,12,9,0,14,120,3,4,17,10,12,4,6,10,67,10,5,7,21,19,5,13,9,85,357,169,485,445,192,59,31,116,1855
LGA45290,86,21,8,32,877,63,52,203,185,81,29,15,43,670,71,73,206,215,140,51,39,73,871,6435,2181,4437,2069,636,165,106,740,16760
LGA45340,327,98,42,221,3491,124,142,639,627,273,108,71,221,2195,115,167,547,571,363,153,134,298,2349,20075,9244,23488,11867,4026,1215,747,3719,74378
LGA45400,0,0,0,0,19,0,0,0,0,0,0,0,4,13,0,0,10,0,3,0,0,6,36,76,19,96,85,39,14,7,39,381
LGA45540,8,0,0,4,48,8,3,8,0,9,0,6,5,34,0,0,6,4,6,0,0,5,27,121,68,175,124,68,27,17,110,711
LGA45680,148,59,40,129,1199,37,52,224,241,155,68,54,134,956,22,60,208,203,127,85,88,168,965,10550,4802,9697,6138,2744,1141,1053,2821,38945
LGA45890,186,68,69,140,1979,122,95,425,349,210,80,76,111,1469,120,168,547,426,239,148,157,123,1934,19261,8081,14614,6403,2431,930,780,3088,55581
LGA46090,36,15,8,26,246,5,4,44,32,25,14,8,19,150,8,4,29,36,38,12,17,13,161,1334,545,1455,918,426,167,111,466,5418
LGA46300,34,18,16,19,294,12,10,55,52,32,15,8,25,210,11,16,43,55,56,30,20,25,256,1485,619,1703,1124,456,159,94,446,6086
LGA46450,54,21,17,47,432,21,11,63,92,47,24,23,23,301,19,19,62,62,55,31,28,26,308,1706,713,2011,1341,573,210,201,518,7275
LGA46510,21,8,5,10,291,24,9,69,57,31,9,5,21,224,22,15,92,76,46,16,11,33,302,3514,1185,2640,1144,311,75,51,394,9317
LGA46670,23,7,5,19,203,5,8,44,42,20,12,7,17,165,13,11,37,35,39,15,11,15,169,901,449,1192,773,289,88,60,314,4063
LGA46860,8,0,0,5,40,6,0,12,7,6,0,0,0,39,0,0,0,10,8,0,0,0,16,143,63,203,125,58,15,6,53,672
LGA46970,0,0,0,0,0,0,0,0,0,0,0,0,0,0,0,0,0,0,0,0,0,0,4,367,149,313,208,70,12,4,156,1280
LGA47140,238,78,73,194,2315,77,109,444,414,237,97,93,157,1636,46,122,317,340,206,137,138,238,1548,17038,7818,16080,8691,3567,1392,1217,3314,59113
LGA47290,6,0,0,7,34,0,0,9,9,8,0,0,0,29,4,0,5,11,4,3,8,4,39,176,49,182,202,73,18,16,75,782
LGA47490,5,8,4,6,42,3,0,4,4,0,0,0,0,19,6,0,0,10,9,0,7,4,32,151,75,213,187,83,15,24,85,828
LGA47630,21,0,0,15,136,0,6,17,31,15,5,3,4,89,11,0,18,32,21,13,7,3,106,579,227,702,583,240,66,38,238,2676
LGA47700,194,38,21,141,2206,78,84,506,385,185,59,41,129,1477,69,111,372,374,220,79,62,200,1492,11806,5295,14528,6763,2115,519,303,1609,42933
LGA47800,21,7,8,13,140,5,0,13,22,17,7,3,11,88,3,0,11,19,17,6,7,15,88,435,177,565,450,206,71,54,241,2203
LGA47910,16,3,3,9,99,3,0,11,10,13,6,3,8,56,3,4,9,16,12,7,5,13,73,207,95,328,272,123,49,22,100,1195
LGA47980,58,17,4,56,811,66,35,191,193,94,19,12,49,670,81,82,250,263,134,62,39,134,1043,6540,2142,4830,2340,636,166,83,719,17453
LGA48050,58,19,12,41,769,36,26,130,125,60,16,10,39,444,52,40,128,147,83,18,20,47,538,1634,824,2522,1484,535,141,74,386,7594
LGA48130,17,8,4,15,147,4,6,15,23,14,9,3,11,83,7,3,37,25,15,16,5,13,120,564,270,694,607,243,96,62,188,2731
LGA48260,12,3,4,10,192,15,15,42,34,16,7,3,14,150,17,18,55,68,34,10,11,13,215,1241,445,1064,521,158,39,20,153,3637
LGA48340,38,9,14,26,265,5,9,36,49,35,13,15,19,190,4,12,28,48,38,20,16,29,196,1028,449,1332,1045,406,132,106,440,4939
LGA48410,104,31,19,58,1121,84,76,333,271,124,38,22,73,1017,126,106,397,355,213,94,66,97,1448,10970,3531,6927,3015,971,285,186,1177,27066
LGA48540,68,24,21,59,479,11,12,71,70,65,34,19,49,346,7,11,27,63,39,24,34,65,260,2008,977,2389,1504,644,253,182,756,8727
LGA48640,7,0,0,0,21,0,0,4,3,0,6,3,0,17,0,0,0,5,6,4,4,9,29,81,23,120,102,42,22,12,49,454
LGA48750,22,0,0,21,173,6,6,25,27,15,9,0,15,92,4,3,27,31,15,3,6,6,101,555,263,829,487,172,38,23,182,2546
LGA48830,39,13,7,48,391,12,9,63,64,25,21,7,21,224,12,10,46,55,45,18,23,27,241,872,394,1496,1008,414,157,102,430,4870
LGA49399,0,0,0,0,27,0,0,7,0,0,0,4,0,11,0,0,0,3,0,0,0,6,9,276,98,217,164,68,23,21,198,1053
LGA49499,0,0,0,0,15,0,0,0,8,0,0,0,0,17,0,0,0,0,0,0,0,5,10,398,135,214,160,59,21,18,307,1306
LGA49799,0,0,0,0,0,0,0,0,0,0,0,0,0,0,0,0,0,0,0,0,0,0,0,0,0,0,0,0,0,0,0,0
LGA50080,98,36,32,69,885,34,26,153,181,129,52,36,60,662,39,39,123,165,117,53,42,86,661,4045,1664,4671,2993,1263,413,297,1067,16411
LGA50210,128,44,43,75,1011,35,36,165,160,106,56,37,93,686,22,36,114,119,94,48,54,90,581,10127,4979,10338,5492,2346,795,571,2173,36821
LGA50250,0,0,0,4,9,0,0,0,0,0,0,0,0,6,0,0,0,0,0,0,0,0,4,592,237,533,308,120,36,19,419,2270
LGA50280,19,3,3,13,221,15,10,36,43,25,4,3,15,143,14,8,24,52,31,22,9,14,163,1709,862,2057,1086,362,87,39,541,6747
LGA50350,35,3,8,22,277,10,22,43,55,30,10,11,20,204,13,13,57,63,33,18,18,20,241,2250,878,1846,900,337,106,86,405,6810
LGA50420,118,47,28,90,1127,54,63,237,231,117,59,41,89,889,59,67,225,230,162,71,82,138,1032,10829,4134,7552,3521,1243,388,322,1621,29606
LGA50490,53,19,12,45,522,31,24,118,127,74,20,21,66,481,35,42,103,115,91,49,43,101,574,6773,2394,3695,1951,834,292,198,1403,17537
LGA50560,7,0,0,5,44,3,0,7,9,3,0,0,3,29,0,0,5,9,0,0,0,6,27,119,61,199,159,60,29,14,89,727
LGA50630,7,0,0,6,25,0,0,3,4,0,0,0,4,17,0,0,0,3,0,0,0,0,7,131,75,177,121,60,15,11,67,652
LGA50770,7,0,0,13,47,3,0,4,7,5,4,4,4,28,0,0,0,7,4,3,0,0,20,122,58,194,154,78,17,14,93,744
LGA50840,29,4,0,18,140,0,3,25,11,19,7,0,6,70,5,5,6,11,5,4,7,5,57,462,220,653,427,213,43,28,183,2237
LGA50910,7,6,0,0,31,0,5,4,4,4,0,0,0,21,0,0,7,4,0,5,0,0,22,71,27,113,61,42,15,4,31,383
LGA50980,3,5,8,21,98,6,0,7,5,4,3,6,9,46,5,0,3,4,4,0,8,12,33,2218,711,1282,794,348,156,158,1096,6766
LGA51080,7,0,0,5,17,0,0,5,5,0,0,0,3,16,0,0,4,4,0,0,0,0,9,73,22,96,91,41,7,12,53,403
LGA51120,0,0,0,4,24,0,0,3,3,3,0,3,6,21,0,0,5,3,3,0,0,5,12,58,31,102,79,37,14,15,70,388
LGA51190,100,38,21,48,673,21,24,114,134,80,44,27,51,482,15,22,93,140,128,69,52,98,622,3543,1541,3961,2433,1052,399,227,1011,14159
LGA51260,97,37,5,77,923,36,28,142,175,100,35,15,59,588,34,38,121,151,144,62,40,60,645,3930,1757,5281,3361,1210,329,168,1113,17146
LGA51310,40,13,8,16,458,50,32,124,126,35,14,9,19,406,91,38,130,156,104,39,20,45,621,3921,1220,3715,2039,533,121,58,458,12062
LGA51330,154,41,44,76,1334,65,60,247,282,152,49,42,77,978,68,49,214,220,157,68,73,107,959,13168,5123,11063,5359,1784,524,408,1997,39434
LGA51400,29,8,0,17,234,3,6,20,32,29,9,4,8,117,5,0,15,16,15,9,11,7,82,1864,761,2236,1335,496,142,88,381,7313
LGA51470,0,0,0,5,13,0,0,0,0,0,0,0,0,0,0,0,0,0,3,0,0,0,4,45,20,61,36,18,5,4,35,218
LGA51540,8,0,6,14,69,0,0,4,10,7,0,4,11,39,0,0,12,3,0,0,3,4,40,515,176,456,290,146,57,45,378,2060
LGA51610,4,0,0,0,10,0,0,0,0,0,0,0,0,9,0,0,0,0,0,0,0,0,3,113,56,182,108,35,11,6,75,595
LGA51680,19,3,3,9,93,0,3,7,16,8,4,0,5,51,0,0,15,7,7,4,5,3,40,557,235,687,409,208,58,25,204,2376
LGA51710,0,4,0,3,8,5,0,0,0,3,0,0,0,6,0,0,0,0,0,0,0,0,0,134,54,127,81,40,11,12,91,546
LGA51750,20,7,0,20,330,14,15,68,81,36,10,0,13,239,33,20,72,93,62,16,15,30,344,1666,526,1367,893,245,54,28,294,5074
LGA51820,196,50,34,95,1426,39,75,286,295,163,49,43,122,1068,49,60,249,262,180,72,65,175,1115,15554,6495,14032,6891,2335,614,397,2410,48736
LGA51860,0,0,0,0,10,0,0,0,0,0,0,0,0,3,0,0,0,0,0,0,0,0,0,46,20,53,50,8,5,3,50,236
LGA51890,23,13,9,27,178,7,0,16,30,17,14,6,21,106,5,5,10,13,20,3,10,35,101,720,312,1000,759,326,119,48,329,3611
LGA51960,5,0,0,5,25,0,0,0,0,4,0,0,5,11,0,0,0,0,6,0,0,0,7,241,136,235,179,112,35,32,298,1262
LGA52030,4,0,0,4,39,0,0,5,0,0,0,0,0,7,0,0,3,0,0,4,0,5,13,60,40,125,88,35,17,4,49,419
LGA52100,9,3,0,0,25,0,0,3,8,3,0,0,0,15,0,0,3,0,8,4,3,3,25,68,36,112,111,38,21,3,32,409
LGA52170,15,0,3,12,177,9,4,35,27,10,0,6,11,107,10,3,28,30,22,8,4,29,125,1177,300,922,615,188,36,20,185,3437
LGA52240,3,0,0,4,30,0,0,0,3,4,3,0,0,11,0,0,0,0,0,0,0,4,5,73,39,112,97,35,8,8,51,421
LGA52310,0,0,0,3,15,0,0,0,0,0,0,0,8,12,0,0,0,0,0,0,0,0,8,72,29,109,63,35,9,5,41,358
LGA52380,0,0,0,0,5,0,0,0,0,0,0,0,0,0,0,0,0,0,0,0,0,0,0,17,7,16,12,6,8,0,8,70
LGA52450,3,0,5,0,12,0,0,3,7,0,0,0,0,9,4,0,4,0,0,0,0,3,13,112,36,125,93,43,14,17,48,489
LGA52520,0,0,0,3,24,0,0,0,5,4,0,0,0,14,0,0,0,4,9,8,0,0,27,88,52,98,103,48,18,14,82,500
LGA52590,10,0,0,12,79,0,4,10,12,14,3,0,5,40,0,0,7,6,8,5,8,3,41,264,120,393,280,127,27,15,152,1373
LGA52660,38,8,4,29,278,7,7,51,56,46,13,14,33,229,5,3,28,48,26,18,16,48,195,1346,629,1781,1155,443,140,90,372,5961
LGA52730,20,5,3,20,181,7,3,17,29,5,3,0,8,81,9,5,18,17,21,5,3,10,86,624,275,820,450,199,44,21,260,2695
LGA52800,0,5,4,8,39,0,0,3,0,0,5,5,3,23,0,0,0,0,0,5,4,5,20,746,308,349,274,213,114,109,610,2723
LGA52870,18,3,7,17,146,7,9,16,17,21,8,0,9,95,4,6,18,13,11,6,4,7,72,576,247,732,535,242,65,32,185,2609
LGA52940,6,0,0,0,11,0,0,4,0,3,3,0,0,8,0,0,0,0,5,0,0,0,10,40,21,63,70,30,13,4,27,265
LGA53010,0,0,0,0,3,0,0,3,0,0,0,0,0,8,0,0,0,0,0,0,0,0,0,49,17,49,57,21,8,0,45,252
LGA53080,0,0,0,5,15,0,0,3,0,0,0,0,0,10,0,0,0,0,0,0,0,0,0,68,21,50,35,20,6,9,56,278
LGA53150,7,0,0,11,144,8,11,35,25,11,8,0,14,111,13,9,31,32,13,0,8,47,149,1082,368,1032,543,135,19,16,203,3394
LGA53220,0,0,0,6,20,0,0,0,0,0,0,0,0,7,0,0,0,0,0,0,3,4,5,893,292,476,295,158,58,29,549,2746
LGA53290,47,15,8,41,284,4,4,32,48,40,10,14,28,182,4,0,19,39,40,24,19,22,171,1177,500,1524,1019,478,155,100,596,5553
LGA53360,5,0,0,3,39,0,0,3,0,0,0,0,3,10,0,0,0,0,0,0,0,0,9,460,119,297,146,47,13,10,131,1217
LGA53430,51,14,7,43,591,30,35,114,130,54,26,9,37,439,21,37,119,136,73,29,23,77,518,5295,1773,3562,1728,551,163,91,1008,14176
LGA53570,25,0,3,17,136,0,7,13,15,6,9,0,8,59,4,3,8,10,11,3,6,4,45,520,213,604,433,191,68,34,202,2264
LGA53640,0,0,0,0,10,0,0,0,0,0,0,0,0,4,0,0,0,4,0,0,0,0,7,83,42,119,85,38,13,15,50,439
LGA53710,0,0,0,4,18,0,0,0,0,4,4,0,0,13,0,0,0,0,4,0,0,0,12,61,26,97,80,45,13,5,53,386
LGA53780,203,69,49,125,1633,68,57,301,282,172,74,50,133,1141,48,65,224,254,186,81,111,197,1156,14263,6632,13613,7487,3020,1082,840,3112,50054
LGA53800,115,34,23,71,653,16,21,83,127,86,45,24,62,469,11,24,65,108,92,49,52,86,481,3778,1623,4191,2899,1276,431,323,1609,16116
LGA53920,0,3,3,4,21,0,0,0,0,0,0,6,0,6,0,0,0,0,0,0,0,4,9,358,165,160,134,95,54,101,301,1372
LGA53990,70,25,7,31,464,12,14,70,77,51,30,14,30,301,7,8,25,54,48,28,24,22,224,2567,1179,3476,2266,875,291,164,670,11485
LGA54060,17,7,7,18,123,0,0,18,12,12,4,3,8,62,0,0,5,9,8,5,0,10,45,239,138,485,327,147,37,16,179,1564
LGA54130,0,0,0,0,9,0,0,3,0,0,0,0,4,8,0,0,0,0,0,0,0,0,3,85,31,122,110,33,6,4,43,422
LGA54170,253,55,24,131,2513,99,110,501,462,223,74,33,120,1615,91,119,439,416,285,116,87,190,1746,17745,7402,23097,11275,3297,765,382,2374,66334
LGA54200,128,44,26,68,1070,48,47,224,247,127,47,21,88,832,44,66,156,175,123,70,33,85,750,6319,2746,7337,4181,1606,486,258,1238,24174
LGA54280,28,13,12,14,175,11,14,19,31,27,7,12,21,143,0,15,19,16,15,20,20,30,138,2972,1276,2481,1584,773,278,166,1202,10734
LGA54310,4,4,6,5,39,3,0,3,8,0,5,0,6,22,0,0,0,6,0,0,0,0,8,2074,859,1745,1003,381,128,89,1188,7466
LGA54340,16,3,4,5,63,3,0,9,11,11,0,11,4,54,4,0,8,15,15,4,8,8,64,355,144,369,280,155,37,61,190,1596
LGA54410,4,0,0,8,31,0,0,4,5,5,6,0,4,23,0,4,5,7,10,5,0,9,34,101,32,124,93,44,23,10,67,490
LGA54480,0,0,0,0,4,0,0,0,0,0,0,0,0,0,0,0,0,0,0,0,0,0,0,31,12,44,29,16,4,0,20,160
LGA54550,5,6,0,3,45,0,4,11,8,4,0,0,6,28,5,0,3,11,5,3,0,4,32,129,57,203,173,71,27,10,72,745
LGA54620,7,0,0,0,11,0,0,0,7,3,0,0,0,13,0,0,0,0,0,0,4,3,11,53,29,61,81,40,12,4,36,324
LGA54690,0,0,0,0,6,0,0,0,0,0,0,0,0,0,0,0,0,0,0,0,0,0,7,18,13,46,32,16,4,0,6,136
LGA54760,0,0,0,0,12,0,0,5,0,0,0,0,0,9,0,0,0,3,0,0,0,0,4,37,25,81,85,22,0,0,33,287
LGA54830,42,27,13,37,403,10,20,64,82,45,20,15,13,281,7,17,57,59,31,23,25,23,236,5056,2568,4517,2447,1081,408,273,1015,17364
LGA54900,4,0,0,3,13,0,0,0,6,0,0,3,3,14,0,0,0,0,0,0,4,0,10,87,41,131,106,49,13,11,34,468
LGA54970,0,0,0,0,4,0,0,0,0,0,0,0,0,6,0,0,0,0,0,0,0,0,0,118,28,42,27,23,5,18,100,358
LGA55040,0,0,0,0,6,0,0,0,0,0,0,0,0,6,0,0,0,0,0,0,0,0,0,114,49,69,70,28,16,9,124,479
LGA55110,258,89,35,202,2404,91,87,420,439,284,82,59,183,1656,69,69,300,393,260,104,89,315,1605,8708,4246,11919,7350,2892,898,522,2569,39106
LGA55180,19,12,7,17,185,0,4,25,47,24,9,11,16,129,6,3,17,34,18,17,11,17,122,859,348,962,754,336,132,73,346,3809
LGA55250,0,0,5,3,14,0,0,0,0,0,0,0,0,0,0,0,0,0,0,0,0,0,0,108,36,37,39,28,16,19,113,404
LGA55320,177,44,22,115,2010,114,97,493,431,250,66,28,99,1582,124,129,541,511,321,132,87,241,2089,13714,5086,14259,7190,2122,497,258,1969,45104
LGA55390,0,0,0,0,0,0,0,0,0,0,0,0,5,6,0,0,0,0,0,0,0,0,0,30,13,23,11,8,3,0,24,113
LGA55460,5,3,0,6,37,0,0,4,8,16,5,5,4,44,3,8,0,11,3,3,8,5,40,258,104,273,245,113,31,27,164,1213
LGA55530,0,0,5,0,11,0,0,0,0,0,0,0,3,5,0,0,0,0,0,0,0,0,3,23,7,36,33,8,0,8,27,142
LGA55600,13,4,0,5,54,0,0,0,3,5,0,0,8,22,5,0,5,10,4,3,6,11,40,185,94,227,171,78,23,13,125,917
LGA55670,5,0,0,0,18,0,0,0,6,0,0,0,4,10,0,0,0,0,0,0,0,8,8,43,16,46,47,33,11,4,52,260
LGA55740,14,3,3,11,188,7,10,38,39,17,0,5,15,123,15,6,27,19,19,10,3,24,126,1438,419,1085,598,170,27,21,245,4006
LGA55810,0,0,0,0,5,0,0,0,0,0,0,0,0,4,0,0,0,0,0,0,0,0,0,32,22,26,24,7,4,8,106,233
LGA55880,0,0,0,0,5,0,0,0,0,0,0,0,0,3,0,0,0,4,5,6,0,0,12,25,16,46,40,21,6,3,19,175
LGA55950,0,0,0,0,8,0,0,3,0,0,0,0,0,14,0,0,4,0,0,0,0,0,3,35,21,59,35,32,6,7,25,215
LGA56090,86,19,16,59,764,26,24,124,130,80,36,22,39,480,22,22,88,95,61,39,29,96,457,4065,1690,4795,2813,1063,289,158,832,15701
LGA56160,0,0,0,0,0,0,0,0,0,0,0,0,0,0,0,0,0,0,0,0,0,0,0,9,0,10,3,9,3,0,0,36
LGA56230,56,16,4,36,399,16,12,76,78,46,22,13,43,304,8,5,44,53,31,12,7,38,203,1590,674,2239,1440,631,204,94,624,7497
LGA56300,3,0,0,12,49,0,0,9,7,3,0,0,6,24,0,0,0,7,0,0,4,4,14,122,57,170,136,52,13,9,83,644
LGA56370,0,0,0,0,19,0,0,5,3,4,0,0,4,17,0,0,4,8,0,3,0,6,27,37,18,85,72,21,12,8,43,298
LGA56460,18,3,0,12,96,5,4,22,20,19,0,4,8,75,0,0,16,21,16,13,11,14,100,461,152,502,390,171,61,38,235,2013
LGA56580,52,19,3,27,484,29,16,96,87,36,6,9,17,295,33,24,82,100,57,19,26,51,397,2650,863,2993,1716,480,109,52,377,9234
LGA56620,0,0,0,3,6,0,0,0,0,0,0,0,0,8,0,0,0,0,0,0,0,0,0,137,91,92,77,28,18,5,111,561
LGA56730,22,12,3,33,222,8,10,20,30,23,12,6,19,139,6,3,29,26,21,15,18,32,147,1045,455,1128,843,388,146,110,498,4609
LGA56790,7,3,0,11,83,0,0,7,9,3,6,0,9,35,0,0,11,9,4,3,0,5,50,211,113,363,276,106,33,23,182,1301
LGA56860,0,0,0,0,3,0,0,0,0,0,0,0,0,5,0,0,0,0,0,0,0,0,0,19,9,13,20,16,5,0,23,102
LGA56930,3,4,0,6,35,0,0,3,6,9,0,0,0,22,0,0,5,8,0,0,0,0,26,306,57,170,125,44,15,9,31,748
LGA57000,0,0,0,0,3,0,0,0,0,0,0,0,0,0,0,0,0,0,4,0,0,0,3,30,14,44,39,13,4,0,53,197
LGA57080,18,14,0,24,248,15,17,52,45,19,0,4,13,164,15,18,36,33,23,9,6,13,151,7513,1345,1519,618,215,63,27,1207,12503
LGA57140,8,0,0,4,28,0,0,5,13,3,0,0,10,26,0,0,0,0,3,7,0,4,13,66,40,115,96,50,13,13,37,432
LGA57210,15,0,4,9,102,3,0,16,12,3,8,5,17,60,4,4,11,11,12,3,4,19,61,464,219,554,415,188,55,48,255,2199
LGA57280,0,0,3,0,27,6,0,3,3,0,6,0,7,21,0,0,3,0,0,0,6,6,16,1572,696,1099,677,347,141,85,905,5520
LGA57350,0,0,0,4,23,0,0,0,7,0,0,0,4,16,0,0,0,7,8,5,0,0,23,52,25,80,98,31,14,9,111,419
LGA57420,10,3,0,5,40,0,0,0,9,5,0,0,4,25,0,0,0,5,7,0,0,0,18,176,99,180,151,73,14,9,81,784
LGA57490,234,63,34,168,1939,54,67,354,353,228,72,50,159,1329,46,79,238,249,212,84,73,243,1225,14066,6442,15721,9289,3692,1134,659,3307,54306
LGA57630,0,0,0,0,0,0,0,0,0,0,0,0,0,0,0,0,0,0,0,0,0,0,0,0,4,13,4,0,3,0,9,37
LGA57700,33,16,9,24,267,9,15,41,60,30,6,9,21,186,5,5,29,41,17,15,11,7,138,3326,1463,3547,2052,794,250,189,597,12207
LGA57770,4,0,0,6,15,0,0,0,0,0,0,0,0,12,0,0,0,0,3,0,0,5,3,114,35,105,63,27,8,4,71,431
LGA57840,80,10,19,75,781,64,40,180,147,69,17,18,77,596,44,51,163,157,102,36,37,192,794,7529,2352,4818,2325,695,162,141,1225,19244
LGA57910,390,102,69,260,3949,234,213,860,903,445,148,100,252,3156,240,225,891,899,531,252,218,400,3659,35271,12869,25713,12314,3988,1246,900,5592,97883
LGA57980,34,3,3,23,350,32,18,76,71,30,13,3,38,275,20,22,59,83,35,15,9,39,287,3087,930,1965,918,243,45,28,462,7681
LGA58050,194,83,60,119,1625,52,67,291,273,217,67,55,112,1133,44,69,224,232,161,79,79,168,1055,17840,8129,16753,8975,3534,1210,898,3633,60964
LGA58190,3,0,0,4,13,0,0,0,0,0,0,0,0,3,0,0,0,0,0,4,0,0,5,23,5,25,32,16,8,3,21,140
LGA58260,4,0,0,4,14,0,0,0,0,0,0,0,0,5,0,0,0,0,0,0,0,0,3,38,15,70,34,10,9,5,38,216
LGA58330,12,8,3,18,107,0,3,10,13,10,11,0,9,60,0,6,4,3,8,3,6,6,35,383,187,486,401,163,54,37,230,1931
LGA58400,0,0,0,0,10,0,0,0,0,0,0,0,0,3,0,0,0,0,0,0,0,0,0,28,17,24,20,11,5,0,18,127
LGA58470,0,0,0,0,0,0,0,0,0,0,0,0,0,0,0,0,0,0,0,0,0,0,0,18,6,6,12,3,0,0,8,55
LGA58510,47,20,9,72,488,38,26,111,82,46,17,8,100,428,44,21,93,125,63,43,28,260,677,7041,2082,3229,1374,464,152,109,1472,15928
LGA58540,7,0,0,0,17,0,0,0,0,4,0,0,4,9,0,0,0,0,0,0,0,0,3,63,10,95,71,23,7,3,38,314
LGA58570,33,11,0,31,332,32,28,88,83,41,10,12,17,309,26,30,123,110,54,25,25,33,438,7849,1844,3198,1344,381,96,63,966,15743
LGA58610,9,4,0,6,40,0,0,6,8,9,4,0,9,31,5,0,5,4,10,0,0,3,31,132,70,172,162,75,27,12,96,743
LGA58680,0,0,0,3,8,0,0,5,0,0,0,0,0,13,0,0,0,0,3,0,0,0,3,35,13,49,45,18,9,0,39,209
LGA58760,294,92,61,169,2468,64,124,467,486,252,110,73,172,1753,46,97,394,350,255,111,114,236,1597,23831,10759,24866,12806,4819,1579,1089,4118,83860
LGA58820,9,3,0,17,77,3,3,14,18,6,11,0,11,73,0,0,3,23,7,4,0,17,61,344,154,490,368,154,53,42,152,1756
LGA58890,6,0,0,0,5,0,0,5,4,0,5,0,0,13,0,0,0,3,0,5,0,0,8,54,14,86,59,31,11,3,38,300
LGA59030,0,0,0,4,4,0,0,0,0,0,0,0,0,4,0,0,0,0,0,0,0,0,4,18,4,21,19,14,4,0,13,102
LGA59100,0,0,0,0,17,0,0,0,4,3,3,0,0,12,0,0,0,0,0,0,0,4,10,38,19,60,57,22,9,9,42,263
LGA59170,7,0,0,6,22,0,0,3,7,4,0,0,0,17,0,0,0,5,0,0,0,4,9,59,30,101,92,34,6,5,53,389
LGA59250,0,0,0,0,4,0,0,0,0,0,0,0,0,3,0,0,0,0,0,0,0,0,0,35,14,12,18,11,5,6,42,140
LGA59310,0,0,0,0,13,0,0,0,0,7,0,0,0,13,0,0,0,4,0,0,0,0,9,92,39,129,102,46,15,17,40,486
LGA59320,0,0,0,0,6,0,0,0,0,0,0,0,0,4,0,0,0,0,0,0,0,0,5,22,15,45,32,15,6,5,19,167
LGA59330,5,0,0,3,18,0,0,4,0,0,3,4,0,12,0,0,0,0,0,0,0,0,6,44,16,33,37,17,13,10,28,194
LGA59340,7,5,8,10,46,0,0,0,0,3,0,0,3,13,0,0,0,0,0,0,0,11,17,839,345,483,317,179,93,102,566,2921
LGA59350,0,0,0,0,0,0,0,0,0,0,0,0,0,4,0,0,0,0,0,0,0,0,4,20,7,11,7,4,4,5,30,86
LGA59360,0,0,0,0,16,0,0,5,0,4,0,0,0,6,0,0,0,0,0,0,0,3,9,79,26,113,74,32,8,3,54,388
LGA59370,13,5,0,19,108,4,0,8,25,19,5,4,18,81,7,5,11,14,11,6,8,7,54,288,123,409,314,133,44,22,135,1476
LGA59499,0,0,0,13,26,0,0,0,4,0,0,0,10,15,0,0,0,0,0,0,0,12,16,734,203,417,264,108,47,40,1222,3030
LGA59799,0,0,0,0,0,0,0,0,0,0,0,0,0,0,0,0,0,0,0,0,0,0,0,22,5,5,0,3,0,0,20,61
LGA60210,20,13,3,27,191,12,8,25,18,23,5,9,13,110,6,6,9,12,18,6,8,13,86,635,343,830,507,201,84,45,256,2900
LGA60410,32,11,16,29,256,3,9,36,28,27,3,12,17,141,0,5,21,24,17,11,15,8,106,1901,1043,2047,1241,566,200,160,510,7666
LGA60610,55,22,12,34,362,11,8,55,67,66,16,18,30,274,23,19,52,62,51,25,18,28,280,2249,980,2196,1483,668,232,148,567,8526
LGA60810,96,23,22,53,583,34,20,77,95,68,48,26,49,411,21,14,76,79,82,41,44,32,392,2380,1075,2779,1864,814,280,182,669,10046
LGA61010,5,0,0,5,45,0,3,3,7,8,0,0,6,25,0,0,0,4,0,0,0,0,9,213,119,230,161,76,27,18,109,950
LGA61210,19,10,7,20,135,6,6,15,22,19,7,4,18,103,5,3,13,13,22,12,9,11,96,715,304,767,604,311,113,68,319,3205
LGA61410,149,49,25,94,1320,58,67,274,279,141,57,29,83,992,70,56,243,258,167,83,69,91,1049,7667,3294,7646,4172,1486,499,300,1362,26432
LGA61510,19,15,8,13,178,11,12,26,38,21,12,0,20,149,9,6,17,23,25,9,10,19,117,1112,518,1182,770,353,120,85,364,4509
LGA61610,81,40,16,57,617,42,22,80,96,67,36,16,58,427,35,19,102,85,56,39,30,88,454,2934,1368,3094,1884,808,333,210,761,11386
LGA61810,17,11,5,17,152,11,5,22,29,26,7,0,23,129,8,9,19,20,15,3,4,50,132,634,242,770,556,266,75,67,301,2907
LGA62010,7,0,0,3,29,4,0,3,5,0,0,3,0,22,0,0,4,3,0,0,0,0,14,80,38,104,79,28,8,9,35,384
LGA62210,28,3,8,19,172,3,5,19,24,16,10,8,6,95,4,6,11,18,18,8,14,9,86,634,302,793,541,278,106,67,218,2943
LGA62410,23,6,5,19,149,5,0,22,24,12,5,6,9,84,5,3,14,16,12,0,9,8,67,519,231,663,354,164,49,27,188,2194
LGA62610,117,33,26,110,1000,48,53,181,178,95,48,44,75,716,51,50,165,156,103,66,56,116,759,6982,3024,5081,2889,1262,502,353,1426,21517
LGA62810,85,23,14,53,943,81,49,191,180,83,33,23,58,692,86,53,183,212,130,53,38,109,864,10783,2915,5640,2707,835,259,161,1402,24702
LGA63010,32,18,13,44,351,13,15,41,47,26,16,18,33,203,11,16,31,46,22,19,14,35,196,2068,967,1880,1197,541,190,135,624,7599
LGA63210,17,6,6,18,134,9,6,11,18,7,8,3,14,70,0,3,9,12,11,4,11,4,57,655,304,758,458,184,68,55,242,2731
LGA63410,4,0,0,3,29,3,0,0,6,8,0,0,4,26,3,0,4,6,4,0,4,0,16,141,75,174,107,57,7,8,75,640
LGA63610,83,27,17,49,808,38,29,157,141,67,30,16,36,519,41,37,124,105,84,33,34,40,491,5188,2122,5061,2648,933,292,157,766,17165
LGA63810,46,20,12,40,345,8,4,38,64,39,18,9,26,203,18,15,36,45,31,15,30,18,199,1236,589,1616,994,415,137,92,343,5426
LGA64010,136,60,34,123,1383,81,63,225,260,153,65,50,79,979,113,82,231,271,167,81,76,132,1150,9397,3635,7664,4508,1784,713,439,1887,30020
LGA64210,63,23,7,38,486,22,18,90,83,62,22,11,34,351,24,23,60,74,45,29,24,36,310,2296,1017,2548,1522,655,216,128,531,8925
LGA64610,39,12,6,32,334,17,10,51,48,25,18,6,19,191,12,12,26,35,35,10,11,13,157,1476,704,1634,1011,414,135,85,383,5839
LGA64810,38,9,8,21,278,15,13,60,39,32,15,14,17,212,7,13,34,38,27,14,14,18,163,1897,941,1962,1084,444,135,99,482,7040
LGA65010,16,9,6,5,96,6,7,8,18,5,9,0,15,64,0,6,11,9,5,3,3,4,50,646,319,699,444,199,81,51,250,2694
LGA65210,9,3,0,3,68,0,0,10,13,0,4,3,7,42,0,0,6,7,5,8,0,7,34,267,131,299,196,67,29,14,104,1110
LGA65410,54,22,13,30,366,15,7,58,58,49,19,23,31,254,10,17,43,49,37,19,20,24,217,1375,583,1726,1177,538,180,129,434,6143
LGA65610,12,6,0,13,68,0,0,3,10,7,9,9,15,53,0,3,5,9,0,0,6,9,35,394,191,380,318,129,58,35,204,1722
LGA65810,71,15,4,55,607,25,32,78,98,50,19,24,43,376,18,19,66,73,55,21,25,59,335,2890,1183,3054,1932,739,242,123,629,10798
LGA69499,0,0,0,5,8,0,0,3,0,0,0,0,0,7,0,0,0,0,0,0,0,0,4,199,62,74,53,24,13,5,125,561
LGA69799,0,0,0,0,0,0,0,0,0,0,0,0,0,0,0,0,0,0,0,0,0,0,0,0,0,0,0,0,0,0,0,0
LGA70200,23,4,15,20,204,16,11,38,23,18,11,11,16,133,16,12,14,21,17,8,14,25,124,3729,1432,2218,1301,593,250,202,991,10716
LGA70420,0,4,4,7,23,0,6,0,0,0,3,4,4,24,0,0,0,5,0,0,0,3,12,579,244,286,249,139,72,64,723,2358
LGA70540,0,0,0,0,0,0,0,0,0,0,0,0,0,0,0,0,0,0,0,0,0,0,0,20,3,8,5,6,0,0,14,59
LGA70620,3,0,0,3,22,0,0,4,0,0,6,0,4,8,0,0,0,0,0,0,0,3,11,334,159,183,147,102,57,50,299,1331
LGA70700,0,0,0,3,16,0,0,0,0,0,0,0,0,7,0,0,0,0,0,0,0,0,0,112,54,102,64,30,15,9,129,522
LGA71000,91,22,29,55,750,38,32,113,99,59,38,28,71,493,17,22,57,58,44,32,34,61,316,12579,4503,6904,3615,1550,501,390,3010,33054
LGA71150,0,0,0,0,0,0,0,0,0,0,0,0,0,0,0,0,0,0,0,0,0,0,0,62,15,17,6,7,0,0,8,111
LGA71300,6,4,4,0,26,7,0,0,0,0,0,9,3,16,0,0,0,0,0,0,0,0,4,911,602,485,375,250,133,109,567,3432
LGA72200,4,7,5,12,54,0,0,3,6,6,4,10,7,36,3,0,0,0,4,3,3,8,22,1087,389,738,434,214,103,89,605,3664
LGA72300,26,5,5,24,176,8,5,14,19,19,6,5,8,81,5,0,5,15,6,3,7,6,56,2089,847,2061,1179,437,148,87,934,7779
LGA72330,0,0,3,8,30,3,0,4,0,0,0,0,0,12,0,0,0,4,0,0,3,0,6,535,273,333,255,149,84,64,385,2072
LGA72800,24,12,10,24,166,8,5,19,22,16,3,14,19,114,4,6,18,12,19,10,15,13,92,4325,1976,3313,1923,775,274,227,1374,14190
LGA73600,5,0,6,7,23,0,0,0,4,3,0,0,0,13,0,0,0,0,0,0,0,0,6,625,306,366,349,217,130,104,376,2466
LGA74050,0,0,0,0,0,0,0,0,0,0,0,4,0,8,0,0,0,0,0,0,0,0,0,307,133,90,100,66,27,44,165,930
LGA74550,0,0,0,4,10,0,0,3,3,0,0,0,0,9,0,0,0,0,0,0,0,0,3,290,99,160,133,73,49,64,197,1072
LGA74560,0,0,0,3,8,0,0,0,0,0,0,0,0,4,0,0,0,0,0,0,0,0,0,38,24,48,25,15,0,9,17,180
LGA74660,0,0,0,0,4,0,0,0,0,3,0,6,0,11,0,0,0,0,0,0,0,0,4,659,381,344,243,185,99,65,362,2348
LGA74680,0,3,3,0,9,0,0,0,0,0,0,0,0,4,0,0,0,0,0,0,0,0,5,270,115,144,117,76,38,62,279,1107
LGA79399,7,0,0,3,18,0,0,0,0,0,0,0,0,9,0,0,0,0,0,0,0,0,0,763,235,496,303,136,36,19,527,2520
LGA79499,0,0,0,4,9,0,0,0,0,0,0,0,0,7,0,0,0,0,0,0,0,0,4,325,103,211,110,63,25,15,629,1486
LGA79799,0,0,0,0,0,0,0,0,0,0,0,0,0,0,0,0,0,0,0,0,0,0,0,3,0,0,0,0,0,0,0,11
LGA89399,670,228,129,323,6287,288,323,1196,1169,608,220,170,292,4267,285,311,1063,998,662,276,289,428,4315,71557,24101,49070,23703,8132,2289,1498,9387,189730
LGA89499,0,0,0,0,0,0,0,0,0,0,0,0,0,3,0,0,0,0,0,0,0,0,0,120,22,37,22,8,0,0,38,249
LGA89799,0,0,0,0,0,0,0,0,0,0,0,0,0,0,0,0,0,0,0,0,0,0,0,0,0,0,0,0,0,0,0,0
LGA99399,9,6,0,9,69,5,3,10,10,5,5,0,7,40,3,3,3,4,0,5,5,0,27,299,106,272,154,68,25,19,162,1102
LGA99499,0,0,0,0,0,0,0,0,0,0,0,0,0,0,0,0,0,0,0,0,0,0,0,0,0,0,0,0,0,0,0,4
LGA99799,0,0,0,0,0,0,0,0,0,0,0,0,0,0,0,0,0,0,0,0,0,0,0,0,0,0,0,0,0,0,0,0
