LGA_CODE_2021,C21_75_84_No_need_assist_F,C21_75_84_No_need_assist_P,C21_75_84_Need_assist_ns_M,C21_75_84_Need_assist_ns_F,C21_75_84_Need_assist_ns_P,C21_75_84_Tot_M,C21_75_84_Tot_F,C21_75_84_Tot_P,C21_85over_Need_assist_M,C21_85over_Need_assist_F,C21_85over_Need_assist_P,C21_85over_No_need_assist_M,C21_85over_No_need_assist_F,C21_85over_No_need_assist_P,C21_85over_Need_assist_ns_M,C21_85over_Need_assist_ns_F,C21_85over_Need_assist_ns_P,C21_85over_Tot_M,C21_85over_Tot_F,C21_85over_Tot_P,C21_Tot_Need_assist_M,C21_Tot_Need_assist_F,C21_Tot_Need_assist_P,C21_Tot_No_need_assist_M,C21_Tot_No_need_assist_F,C21_Tot_No_need_assist_P,C21_Tot_Need_assist_ns_M,C21_Tot_Need_assist_ns_F,C21_Tot_Need_assist_ns_P,C21_Tot_Tot_M,C21_Tot_Tot_F,C21_Tot_Tot_P
LGA10050,1454,2644,80,119,200,1549,1988,3539,207,490,694,254,339,598,42,52,92,503,881,1385,1811,2101,3916,23607,25321,48933,1669,1583,3249,27087,29005,56093
LGA10180,769,1420,85,113,192,865,1064,1918,77,173,251,149,183,328,41,94,132,267,450,713,707,823,1528,11927,12770,24693,1373,1530,2905,14007,15123,29124
LGA10250,1649,3134,88,119,209,1828,2139,3968,258,550,806,365,470,834,66,129,195,689,1149,1834,1421,1698,3117,19581,20992,40570,1269,1331,2603,22271,24021,46296
LGA10300,32,70,9,13,16,54,61,117,9,12,31,8,12,19,3,3,7,20,27,47,61,62,124,895,870,1761,162,162,326,1118,1094,2208
LGA10470,976,1906,72,60,131,1215,1310,2528,170,388,556,175,248,422,25,51,73,370,687,1052,1376,1431,2807,18398,19163,37565,2084,1109,3192,21858,21703,43567
LGA10500,3004,5770,324,349,672,3965,4749,8707,730,1246,1984,576,640,1224,246,352,601,1552,2238,3802,3888,4961,8844,77890,77679,155568,5554,5219,10774,87332,87859,175184
LGA10550,1244,2457,109,89,197,1531,1566,3104,148,277,424,256,243,494,72,96,170,476,616,1089,1106,1171,2273,15225,15946,31170,1293,1200,2490,17624,18317,35942
LGA10600,403,806,37,40,76,505,548,1054,51,122,173,89,95,186,14,25,38,154,242,395,359,469,830,5553,5851,11401,511,509,1025,6423,6829,13253
LGA10650,326,657,40,49,89,443,460,899,52,94,147,84,70,150,20,13,36,156,177,334,327,322,644,3526,3664,7190,408,414,829,4261,4400,8665
LGA10750,3936,7821,360,404,766,5785,6646,12432,827,1740,2559,580,688,1271,148,320,467,1555,2748,4304,9867,11163,21032,175081,176191,351271,12928,11551,24477,197876,198905,396776
LGA10800,159,312,22,24,45,195,211,411,23,48,70,32,49,85,9,15,21,64,112,176,132,158,292,2392,2352,4747,268,241,513,2792,2751,5547
LGA10850,166,343,23,25,52,233,243,477,19,46,64,50,37,86,3,10,5,72,93,165,195,224,421,3266,3324,6586,258,229,492,3719,3777,7497
LGA10900,2267,4166,113,134,246,2361,2901,5258,239,539,788,378,464,837,36,103,140,653,1106,1763,2126,2445,4568,34353,36424,70777,1390,1390,2777,37869,40259,78121
LGA10950,89,164,12,10,18,94,112,208,9,11,18,19,23,45,0,7,7,28,41,71,50,57,111,1074,1079,2155,113,87,200,1237,1223,2467
LGA11150,34,72,14,9,22,59,56,106,5,16,21,10,8,16,0,0,0,15,24,34,50,56,102,888,891,1781,224,225,450,1162,1172,2340
LGA11200,12,33,0,4,8,22,24,51,0,10,9,0,0,4,0,4,3,0,14,17,18,37,52,554,531,1084,108,111,220,680,679,1356
LGA11250,491,884,45,78,122,542,730,1272,81,163,247,93,140,238,27,80,108,201,383,590,727,739,1462,7048,7495,14550,792,787,1579,8567,9021,17588
LGA11300,640,1187,75,116,193,852,1109,1960,221,369,592,153,188,346,85,160,237,459,717,1177,886,1161,2045,17602,18177,35775,1173,1230,2394,19661,20568,40217
LGA11350,636,1263,72,64,128,803,827,1634,80,199,280,112,137,247,18,41,60,210,377,584,709,779,1490,14771,16124,30894,1836,1896,3732,17316,18799,36116
LGA11400,365,738,44,41,85,481,490,960,47,97,139,67,89,160,12,23,33,126,209,331,306,374,681,6021,6034,12053,523,502,1026,6850,6910,13766
LGA11450,1229,2374,77,80,151,1602,1834,3432,204,521,721,195,223,420,27,53,80,426,797,1220,2641,2886,5530,53793,55684,109472,2154,2165,4318,58588,60735,119325
LGA11500,2132,4267,270,345,617,3137,3549,6689,301,647,945,283,389,670,96,243,336,680,1279,1953,5405,5780,11184,75852,78409,154261,5386,5680,11071,86643,89869,176519
LGA11520,1794,3462,111,143,253,2147,2598,4743,411,709,1121,345,424,769,78,241,324,834,1374,2219,1588,2277,3863,39417,41921,81338,1953,2017,3976,42958,46215,89177
LGA11570,5145,10454,688,731,1418,8255,9252,17504,1683,2756,4444,1288,1301,2592,465,875,1339,3436,4932,8374,11547,13523,25076,160228,158232,318465,14226,13239,27463,186001,184994,371006
LGA11600,45,95,10,5,18,63,61,126,3,24,31,12,12,25,0,0,5,15,36,56,50,66,115,1286,1129,2415,193,147,340,1529,1342,2866
LGA11650,10041,19111,748,1039,1791,11849,13852,25702,1488,2994,4483,1924,2611,4531,518,1012,1532,3930,6617,10545,11653,12703,24360,147199,156226,303427,9120,9691,18807,167972,178620,346596
LGA11700,28,72,7,7,17,58,48,105,0,3,6,8,7,11,0,5,5,8,15,22,40,30,70,657,639,1296,178,174,357,875,843,1725
LGA11720,1058,2087,122,101,218,1497,1590,3083,188,422,611,187,243,430,47,78,120,422,743,1167,2482,2475,4952,26424,27560,53985,3125,1569,4694,32031,31604,63632
LGA11730,1790,3539,125,133,262,2320,2399,4719,277,582,861,358,424,787,39,71,113,674,1077,1757,2293,2285,4580,21951,22851,44806,2816,1911,4732,27060,27047,54115
LGA11750,70,141,15,18,31,106,114,211,14,18,34,16,20,29,0,8,6,30,46,75,94,85,180,1650,1612,3261,314,303,618,2058,2000,4059
LGA11800,2249,4260,177,251,425,2633,3089,5726,338,683,1027,463,500,959,118,221,332,919,1404,2320,2632,2789,5415,32937,35421,68358,2448,2537,4980,38017,40747,78759
LGA12000,125,261,10,14,24,165,178,335,24,43,65,27,30,59,10,0,4,61,73,135,145,185,324,1887,1906,3789,139,131,269,2171,2222,4385
LGA12150,77,150,21,17,42,116,117,240,15,38,47,13,10,29,0,6,8,28,54,85,118,143,261,1469,1429,2896,273,289,568,1860,1861,3732
LGA12160,411,819,30,41,74,521,564,1086,62,123,189,70,87,163,17,16,36,149,226,382,404,471,877,4805,4842,9650,465,416,880,5674,5729,11403
LGA12350,412,826,45,42,91,539,562,1105,52,136,191,99,94,197,7,14,26,158,244,411,505,524,1021,5286,5387,10674,525,501,1032,6316,6412,12724
LGA12380,2510,5178,332,327,667,4244,4550,8806,701,1207,1909,516,566,1080,187,270,459,1404,2043,3442,6438,7592,14036,104833,97658,202495,10222,8684,18907,121493,113934,235439
LGA12390,1204,2215,125,144,271,1432,1699,3131,179,376,555,226,272,498,52,77,131,457,725,1186,1627,1649,3271,22257,23670,45926,3264,2463,5723,27148,27782,54922
LGA12700,239,512,15,19,32,346,319,658,32,52,84,44,58,94,0,9,10,76,119,184,284,272,558,4252,4284,8538,218,228,442,4754,4784,9541
LGA12730,276,507,23,30,51,312,366,676,40,75,117,68,91,151,7,12,17,115,178,286,308,300,606,3451,3610,7060,413,374,791,4172,4284,8456
LGA12750,1534,3071,123,140,261,1954,2042,4000,231,457,689,307,380,686,43,80,119,581,917,1498,1486,1651,3139,16841,17505,34348,1566,1537,3111,19893,20693,40593
LGA12850,2575,5315,396,422,817,4806,5344,10159,988,1750,2733,515,495,1007,254,443,698,1757,2688,4440,8722,10556,19285,87219,88147,175367,6926,6898,13829,102867,105601,208475
LGA12870,519,1004,42,42,84,608,670,1284,83,124,205,107,118,222,20,18,37,210,260,468,470,450,916,5453,5596,11049,501,429,927,6424,6475,12899
LGA12900,284,560,41,33,74,372,377,748,46,73,119,60,86,138,10,12,26,116,171,284,285,281,570,3929,4055,7990,386,382,764,4600,4718,9319
LGA12930,2927,5638,207,288,502,3759,4459,8224,722,1316,2042,706,796,1505,185,499,685,1613,2611,4229,3532,4604,8137,67975,68852,136828,3519,3794,7314,75026,77250,152274
LGA12950,127,250,23,17,41,173,174,353,19,37,51,25,34,54,6,8,16,50,79,129,157,142,306,1699,1780,3484,261,254,509,2117,2176,4295
LGA13010,325,649,33,39,75,423,434,855,39,87,124,59,87,144,14,24,27,112,198,303,348,370,715,3507,3702,7211,555,448,1000,4410,4520,8931
LGA13310,792,1539,62,68,129,1002,1120,2121,113,296,417,164,171,338,34,41,74,311,508,825,1076,1234,2315,13545,13642,27188,1519,1028,2553,16140,15904,32053
LGA13340,249,568,32,35,67,407,343,743,38,70,107,49,58,103,5,9,19,92,137,229,370,298,670,4802,4744,9544,487,452,938,5659,5494,11157
LGA13450,549,1035,68,51,124,667,763,1431,108,215,325,121,166,293,32,42,78,261,423,689,615,753,1375,11840,11708,23553,1133,1027,2159,13588,13488,27086
LGA13550,336,612,35,48,77,375,481,851,50,108,159,63,79,145,17,11,29,130,198,332,382,409,793,5454,5509,10960,603,573,1180,6439,6491,12929
LGA13660,179,339,20,15,35,242,243,477,26,56,77,36,45,85,7,6,9,69,107,173,205,222,430,2001,2022,4017,239,220,458,2445,2464,4910
LGA13800,1363,2620,97,131,229,1669,1891,3560,186,427,603,216,255,471,54,82,139,456,764,1215,1815,1918,3735,29961,30246,60209,1680,1591,3269,33456,33755,67207
LGA13850,94,180,14,18,31,116,145,255,18,29,48,23,11,33,12,4,12,53,44,90,81,95,180,1182,1170,2353,187,169,348,1450,1434,2882
LGA13910,579,1143,54,49,100,751,759,1504,93,156,249,102,144,249,13,30,44,208,330,541,665,703,1368,8067,8388,16456,734,702,1433,9466,9793,19254
LGA14000,3540,6824,210,303,514,4119,4785,8902,630,1326,1957,794,916,1710,213,444,660,1637,2686,4327,3053,3968,7020,68946,70873,139821,2357,2610,4968,74356,77451,151811
LGA14100,362,732,53,74,123,472,537,1009,74,166,244,92,156,244,64,186,249,230,508,734,245,385,635,5972,6087,12058,380,492,868,6597,6964,13559
LGA14170,2723,5197,245,206,450,3586,4319,7906,771,1474,2244,504,593,1097,110,119,233,1385,2186,3569,3783,5049,8828,81057,84765,165827,4325,3836,8165,89165,93650,182818
LGA14220,549,1057,68,56,122,671,757,1424,59,147,206,89,112,200,28,42,68,176,301,471,607,644,1245,7290,7594,14885,883,842,1724,8780,9080,17853
LGA14300,135,274,23,19,40,201,191,391,23,47,65,26,26,48,4,3,8,53,76,125,177,219,394,2462,2374,4834,1023,163,1188,3662,2756,6415
LGA14350,837,1721,71,84,158,1210,1232,2444,148,311,456,177,173,345,20,40,61,345,524,863,1468,1451,2920,12020,12562,24586,1935,1253,3188,15423,15266,30688
LGA14400,805,1597,58,45,105,978,1015,1988,121,253,375,148,215,364,15,27,48,284,495,777,568,653,1221,10148,10724,20876,508,469,978,11224,11846,23074
LGA14500,3549,6679,109,173,280,3699,4456,8150,594,1173,1773,956,1080,2040,109,224,329,1659,2477,4138,1979,2861,4834,56279,59628,115908,1595,1735,3329,59853,64224,124076
LGA14550,251,499,35,30,61,329,345,675,21,49,78,46,54,98,20,36,56,87,139,228,372,323,697,3807,3913,7722,469,473,945,4648,4709,9359
LGA14600,162,300,22,18,35,205,217,412,27,63,93,37,44,87,10,12,26,74,119,199,185,171,357,2509,2499,5005,357,378,729,3051,3048,6094
LGA14650,6137,11617,370,439,807,7164,8453,15618,996,2073,3071,1204,1557,2761,191,278,472,2391,3908,6305,7348,8101,15456,92514,97047,189564,4444,4384,8830,104306,109532,213845
LGA14700,771,1494,34,54,84,845,981,1824,96,186,283,115,194,311,27,104,130,238,484,725,462,617,1083,18131,18710,36842,711,802,1515,19304,20129,39438
LGA14750,290,535,17,20,39,311,390,710,43,96,139,53,73,121,6,12,21,102,181,284,338,375,712,4817,4957,9776,492,470,961,5647,5802,11452
LGA14850,1056,2006,82,94,172,1192,1434,2620,159,361,523,194,248,450,39,72,108,392,681,1081,1492,1647,3133,18577,19223,37804,1690,1704,3391,21759,22574,44334
LGA14870,633,1258,58,63,115,815,857,1666,82,186,263,103,141,242,7,18,30,192,345,534,767,817,1582,8708,8796,17499,1053,703,1757,10528,10316,20842
LGA14900,2242,4518,381,397,779,3802,4243,8048,523,1021,1542,389,414,807,261,332,590,1173,1767,2943,7154,8118,15269,101146,101568,202714,7861,7598,15455,116161,117284,233446
LGA14920,217,422,32,28,60,286,314,600,24,43,67,38,54,95,7,22,28,69,119,189,257,250,506,3080,3082,6164,456,424,881,3793,3756,7551
LGA14950,93,190,8,8,15,127,125,248,20,47,66,24,22,44,3,9,8,47,78,125,111,128,241,1396,1411,2807,143,132,271,1650,1671,3319
LGA15050,1746,3268,82,114,191,1985,2358,4334,209,524,737,272,357,628,44,85,128,525,966,1494,2931,3103,6042,39061,41347,80407,1919,1863,3781,43911,46313,90226
LGA15240,3943,7921,335,372,707,5189,5348,10533,623,1144,1764,798,975,1769,135,218,354,1556,2337,3884,4226,4488,8714,39462,41606,81074,3399,3395,6794,47087,49489,96579
LGA15270,682,1339,70,75,145,866,917,1782,87,179,262,120,146,270,18,49,64,225,374,598,791,764,1553,11119,11061,22177,1035,942,1982,12945,12767,25713
LGA15300,225,456,56,54,113,348,331,690,25,38,65,39,50,93,13,24,40,77,112,199,306,262,570,4720,4802,9523,1352,1306,2653,6378,6370,12751
LGA15350,1007,1829,48,79,132,953,1256,2216,144,291,431,190,258,451,10,26,38,344,575,916,367,624,993,12179,14132,26310,489,540,1032,13035,15296,28329
LGA15520,452,937,56,63,116,611,613,1223,42,78,120,98,106,206,34,37,76,174,221,401,346,361,711,5544,5612,11155,517,471,988,6407,6444,12850
LGA15560,75,156,10,11,27,110,106,214,12,18,29,18,12,39,8,4,13,38,34,76,96,92,188,1481,1361,2839,173,149,325,1750,1602,3353
LGA15650,287,575,29,20,54,356,384,746,25,80,103,48,70,123,13,16,26,86,166,256,471,440,914,7100,7006,14107,833,503,1336,8404,7949,16357
LGA15700,725,1450,55,56,118,953,994,1953,119,231,356,142,164,309,22,36,53,283,431,713,944,954,1903,8155,8677,16828,842,837,1672,9941,10468,20407
LGA15750,305,571,28,26,54,365,418,787,51,108,161,49,66,116,8,8,23,108,182,303,368,397,764,5307,5257,10564,725,649,1373,6400,6303,12703
LGA15800,166,310,16,21,33,203,239,437,32,73,108,35,44,76,6,9,14,73,126,203,207,235,438,2329,2384,4715,282,260,539,2818,2879,5698
LGA15850,171,343,24,32,65,235,232,473,10,23,36,40,51,88,26,27,53,76,101,173,164,135,306,2602,2575,5181,448,432,880,3214,3142,6360
LGA15900,3395,6299,225,315,545,4021,4937,8967,743,1570,2312,651,928,1578,144,381,527,1538,2879,4421,4975,5785,10752,73767,76060,149831,4235,4051,8289,82977,85896,168873
LGA15950,1713,3169,118,141,256,1741,2106,3848,143,314,463,266,338,609,56,103,153,465,755,1226,702,1011,1713,30245,33829,64074,1492,1666,3162,32439,36506,68950
LGA15990,7013,13219,351,461,809,7561,8941,16501,1053,2194,3247,1462,1865,3328,231,434,668,2746,4493,7243,4398,5756,10154,119791,123912,243699,4740,4959,9696,128929,134627,263554
LGA16100,155,316,28,23,53,222,210,429,16,30,51,26,29,53,0,5,9,42,64,107,146,159,308,2338,2213,4551,427,290,720,2911,2662,5580
LGA16150,1014,1865,70,77,149,1132,1378,2511,163,304,465,198,269,469,40,71,118,401,644,1049,1325,1373,2706,18591,19709,38299,1265,1249,2510,21181,22331,43512
LGA16200,383,706,28,38,62,449,549,995,75,131,209,70,118,187,16,29,46,161,278,438,508,548,1053,6072,6144,12220,572,513,1084,7152,7205,14361
LGA16260,3573,6985,213,326,537,4536,5405,9948,723,1351,2073,797,853,1649,150,193,342,1670,2397,4067,4690,5843,10535,116449,115822,232272,7591,6331,13923,128730,127996,256729
LGA16350,2797,5542,297,381,679,3829,4330,8164,380,864,1240,427,515,944,155,375,529,962,1754,2713,5952,6086,12041,94527,97108,191637,7097,6886,13981,107576,110080,217664
LGA16380,3531,6743,195,228,423,4100,4583,8690,491,1005,1497,771,838,1611,111,196,309,1373,2039,3417,3482,3711,7187,36005,39329,75332,2089,2149,4238,41576,45189,86762
LGA16400,2502,5006,226,232,460,3233,3331,6564,275,518,795,388,447,836,84,153,237,747,1118,1860,2728,2725,5453,32263,33507,65770,2071,1982,4055,37062,38214,75276
LGA16490,924,1820,55,81,138,1170,1306,2475,139,253,396,151,165,313,23,42,60,313,460,777,1310,1471,2776,28886,28413,57296,1668,1554,3223,31864,31438,63304
LGA16550,2638,4961,275,261,535,3126,3778,6904,510,924,1436,577,675,1255,247,441,681,1334,2040,3371,2401,3126,5527,58353,62002,120351,4628,3743,8375,65382,68871,134252
LGA16610,683,1356,74,75,156,902,949,1857,122,219,336,153,185,337,34,50,86,309,454,765,933,926,1863,9521,9903,19423,1177,1100,2282,11631,11929,23565
LGA16700,2171,4085,131,175,311,2579,3260,5836,562,1008,1570,513,659,1171,119,241,360,1194,1908,3111,2583,3502,6086,57713,59790,117505,2739,2787,5525,63035,66079,129123
LGA16900,1609,3099,150,165,324,2059,2391,4452,256,484,735,287,313,601,196,170,362,739,967,1695,2598,2793,5392,32724,34336,67060,1946,1880,3819,37268,39009,76271
LGA16950,3642,7391,271,277,551,4852,4971,9829,557,1047,1606,766,869,1637,97,164,258,1420,2080,3504,4295,4484,8783,45235,47013,92245,4193,3306,7500,53723,54803,108531
LGA17000,360,755,38,35,69,524,511,1033,70,120,188,65,82,146,8,6,19,143,208,353,647,675,1324,11105,10581,21687,906,662,1563,12658,11918,24577
LGA17040,507,1046,53,46,95,683,669,1349,78,145,222,110,101,212,15,31,46,203,277,483,519,544,1055,9632,9192,18819,1022,765,1792,11173,10501,21666
LGA17080,411,877,55,53,105,602,543,1141,53,138,197,83,87,173,11,19,32,147,244,398,445,466,909,6327,6374,12702,730,556,1287,7502,7396,14891
LGA17100,573,1140,39,47,86,796,921,1717,168,320,488,158,146,305,14,24,37,340,490,826,819,1134,1951,21160,19930,41087,1388,1170,2556,23367,22234,45593
LGA17150,5730,10877,307,430,738,6327,7529,13859,965,1830,2791,1234,1549,2788,255,606,859,2454,3985,6435,4639,5731,10369,103842,107643,211486,4078,4279,8354,112559,117653,230211
LGA17200,1999,4145,298,281,578,2999,2974,5972,351,592,944,386,418,810,97,179,278,834,1189,2037,2758,3056,5812,99455,91107,190562,8407,6857,15258,110620,101020,211632
LGA17310,1663,3072,140,191,336,1901,2279,4178,231,501,733,295,378,674,70,101,172,596,980,1579,2081,2124,4204,26515,27760,54276,2315,2278,4593,30911,32162,63070
LGA17350,215,415,15,20,38,256,280,530,37,72,107,48,68,115,5,17,15,90,157,236,220,224,447,2570,2684,5260,157,177,334,2947,3085,6034
LGA17400,229,465,21,25,47,315,316,633,26,71,102,49,50,92,8,13,21,83,134,211,267,283,552,2731,2858,5585,335,335,671,3333,3476,6810
LGA17420,3406,6835,157,143,297,4234,4492,8724,511,952,1460,551,564,1121,128,137,262,1190,1653,2845,3238,3873,7108,88739,90733,179471,2685,2619,5297,94662,97225,191876
LGA17550,3268,6265,270,333,605,3958,4516,8467,615,1102,1713,739,937,1673,174,283,450,1528,2322,3844,3432,3809,7241,39966,43335,83303,3407,3436,6848,46805,50580,97392
LGA17620,371,718,36,26,63,449,493,942,72,121,189,75,99,171,15,29,45,162,249,406,405,426,827,6214,6244,12457,497,451,945,7116,7121,14229
LGA17640,232,504,36,21,52,355,311,667,44,69,107,42,63,108,13,3,15,99,135,229,234,272,507,3695,3596,7289,385,334,720,4314,4202,8514
LGA17650,147,318,13,13,35,214,202,422,18,41,54,23,29,53,0,4,7,41,74,118,176,225,402,2506,2664,5167,197,199,402,2879,3088,5971
LGA17750,1404,2619,117,116,232,1599,1929,3524,234,501,733,297,398,691,47,100,139,578,999,1567,1869,2133,3998,29045,30737,59783,1972,1852,3826,32886,34722,67609
LGA17850,137,261,15,13,23,158,169,324,10,23,31,19,22,47,0,4,8,29,49,81,78,86,161,1297,1273,2568,144,141,287,1519,1500,3016
LGA17900,85,198,48,45,91,193,157,353,12,17,28,16,14,33,11,9,17,39,40,83,177,141,318,1791,1748,3541,696,705,1396,2664,2594,5253
LGA17950,70,139,17,22,36,105,106,212,3,14,20,12,24,34,0,26,29,15,64,87,63,68,129,1072,1070,2140,132,141,279,1267,1279,2550
LGA18020,275,584,74,69,143,455,423,873,50,93,145,55,68,123,35,38,69,140,199,345,363,353,712,3607,3615,7213,651,650,1299,4621,4618,9225
LGA18050,1117,2101,91,162,251,1258,1591,2849,173,377,553,243,289,536,100,198,298,516,864,1381,774,1177,1951,30438,31971,62407,2061,2185,4249,33273,35333,68605
LGA18100,133,271,18,12,25,180,166,354,21,43,63,34,28,66,6,3,8,61,74,143,145,139,281,1567,1499,3066,137,131,259,1849,1769,3608
LGA18200,144,340,22,20,43,250,208,464,14,52,71,30,28,56,0,7,13,44,87,136,207,207,413,3140,2944,6084,521,437,952,3868,3588,7453
LGA18250,1435,2737,60,98,161,1640,1969,3611,327,700,1023,339,428,766,50,111,164,716,1239,1954,1180,1774,2957,33918,35990,69907,1297,1455,2753,36395,39219,75613
LGA18350,2181,4176,140,176,315,2421,2748,5167,235,437,669,409,408,821,106,168,278,750,1013,1764,1337,1601,2940,22632,24397,47031,1338,1402,2740,25307,27400,52709
LGA18400,861,1790,105,109,212,1225,1242,2462,114,162,274,164,154,316,52,129,181,330,445,766,1304,1261,2564,24405,24357,48760,1317,1321,2642,27026,26939,53961
LGA18450,4961,9486,343,436,775,6097,7218,13310,990,1937,2930,980,1183,2156,200,464,663,2170,3584,5754,6604,7849,14458,94114,96092,190208,4899,5004,9903,105617,108945,214564
LGA18500,1740,3174,110,167,271,1721,2163,3876,195,359,559,368,415,779,118,272,385,681,1046,1724,646,904,1552,22972,26101,49070,1331,1539,2870,24949,28544,53496
LGA18710,354,706,33,38,73,460,479,935,54,109,164,65,81,148,12,20,27,131,210,338,449,478,926,7600,7902,15500,449,408,854,8498,8788,17281
LGA19399,23,45,0,3,6,27,26,55,3,0,5,8,4,12,4,0,4,15,4,20,13,4,19,472,437,911,45,49,93,530,490,1016
LGA19499,76,192,35,20,53,170,108,277,8,15,15,10,5,14,6,8,14,24,28,49,300,232,537,3791,3220,7010,2285,1546,3831,6376,4998,11371
LGA19799,0,0,0,0,0,0,0,0,0,0,0,0,0,0,0,0,0,0,0,0,0,0,0,0,0,0,0,0,0,0,0,0
LGA20110,429,825,33,50,86,493,591,1080,59,120,176,90,92,181,13,24,41,162,236,396,331,385,720,5775,5834,11607,463,450,909,6569,6669,13235
LGA20260,339,659,60,26,85,452,465,915,64,122,184,69,89,154,20,17,38,153,228,371,450,470,922,4703,4779,9490,1119,348,1471,6272,5597,11880
LGA20570,2725,4935,187,214,403,3029,3717,6743,454,962,1413,485,714,1197,93,171,263,1032,1847,2877,3980,4400,8382,47862,51732,99594,2896,2889,5785,54738,59021,113763
LGA20660,3062,5807,138,149,289,3481,4197,7678,587,1265,1844,624,737,1360,73,126,197,1284,2128,3400,3248,4178,7419,55929,58495,114421,2229,2168,4400,61406,64841,126236
LGA20740,1391,2783,118,119,240,1790,1854,3641,208,361,563,247,302,556,56,43,95,511,706,1218,1343,1564,2901,17177,18006,35180,1320,1389,2708,19840,20959,40789
LGA20830,1503,3035,113,120,235,1934,2007,3940,221,432,649,267,309,575,55,79,128,543,820,1359,1803,1976,3775,24536,25903,50441,1697,1719,3410,28036,29598,57626
LGA20910,2950,5492,153,197,347,3098,3839,6937,466,1193,1659,664,817,1482,100,182,279,1230,2192,3422,1816,2918,4734,44727,47994,92719,1832,2019,3854,48375,52931,101306
LGA21010,520,1036,48,70,116,662,726,1392,84,144,233,112,155,275,17,41,57,213,340,566,528,610,1136,5916,6257,12178,609,609,1218,7053,7476,14528
LGA21110,4169,7659,175,243,419,4340,5487,9829,800,1828,2628,927,1126,2054,95,190,281,1822,3144,4961,3011,4506,7516,74782,79989,154778,2722,2890,5609,80515,87385,167900
LGA21180,2701,5591,304,288,588,4645,5076,9714,775,1539,2321,483,470,948,132,265,395,1390,2274,3664,6820,8158,14975,83930,82892,166824,6744,6074,12813,97494,97124,194618
LGA21270,194,388,26,29,52,267,282,547,32,81,108,52,64,115,17,40,58,101,185,286,238,280,517,2654,2468,5118,297,248,548,3189,2996,6178
LGA21370,1185,2350,134,134,274,1570,1633,3201,196,329,525,259,300,558,58,134,193,513,763,1273,1433,1437,2864,16281,16834,33106,1397,1363,2760,19111,19634,38735
LGA21450,1725,3394,127,156,283,2205,2424,4640,254,479,738,293,321,610,53,102,149,600,902,1494,2766,2963,5730,52420,53814,106229,3087,3147,6237,58273,59924,118194
LGA21610,3981,7816,291,352,639,5466,6244,11711,729,1593,2320,730,862,1595,103,189,295,1562,2644,4207,8845,10147,18994,163930,164085,328011,9261,8965,18233,182036,183197,365239
LGA21670,523,1069,55,42,100,712,712,1433,79,144,225,106,124,232,21,28,47,206,296,501,670,725,1396,5451,5638,11092,522,470,984,6643,6833,13483
LGA21750,637,1254,53,53,109,806,838,1651,96,225,319,122,157,279,20,36,52,238,418,651,725,808,1531,9695,9680,19378,803,716,1520,11223,11204,22423
LGA21830,542,1020,40,47,81,615,710,1322,68,144,213,120,131,251,26,36,61,214,311,517,540,563,1110,6974,6912,13885,603,525,1132,8117,8000,16115
LGA21890,2375,4458,181,201,388,3212,4141,7356,849,1516,2364,570,657,1230,121,233,352,1540,2406,3949,4198,5662,9855,64566,67446,132012,3401,3305,6706,72165,76413,148570
LGA22110,1803,3678,191,176,366,2467,2412,4873,220,378,599,344,362,702,78,133,212,642,873,1516,1881,1868,3755,20171,21005,41181,1895,1886,3781,23947,24759,48715
LGA22170,2827,5318,194,252,448,3269,3971,7236,464,1027,1491,549,702,1242,100,186,276,1113,1915,3017,4119,4893,9014,60129,62649,122784,3781,3692,7480,68029,71234,139281
LGA22250,414,818,28,44,71,527,545,1068,50,105,152,104,108,216,17,21,37,171,234,409,399,389,788,4481,4563,9045,438,409,847,5318,5361,10683
LGA22310,2817,5172,133,208,349,3131,4084,7220,659,1457,2115,659,907,1567,79,216,296,1397,2580,3979,2934,4218,7161,66696,69552,136246,2594,2915,5507,72224,76685,148908
LGA22410,565,1149,62,51,113,763,782,1545,97,189,282,108,141,251,16,39,56,221,369,594,738,824,1566,8579,8622,17203,728,658,1385,10045,10104,20152
LGA22490,341,760,32,24,55,545,465,1007,43,105,147,50,53,104,4,5,14,97,163,258,700,634,1334,11405,10982,22390,676,591,1263,12781,12207,24985
LGA22620,2891,5541,235,273,503,3531,3968,7499,497,953,1449,570,688,1254,146,248,392,1213,1889,3097,4191,4447,8639,51071,54565,105637,3625,3572,7195,58887,62584,121470
LGA22670,2462,4966,215,231,446,3813,4293,8102,750,1366,2117,505,578,1083,88,114,197,1343,2058,3400,5096,6377,11467,70170,67165,137333,5026,4378,9403,80292,77920,158208
LGA22750,6541,12266,470,566,1038,7587,9113,16706,1067,2305,3374,1323,1529,2851,222,401,626,2612,4235,6844,8134,9596,17726,115972,122971,238942,7749,6633,14383,131855,139200,271057
LGA22830,1523,2986,176,176,347,2040,2218,4255,268,547,816,317,363,675,64,96,162,649,1006,1649,2366,2565,4932,28775,29285,58058,2881,2530,5413,34022,34380,68409
LGA22910,495,992,59,60,118,650,664,1311,66,134,198,82,108,188,35,43,79,183,285,467,499,548,1050,7000,7230,14232,649,671,1319,8148,8449,16604
LGA22980,218,408,20,26,47,250,284,537,43,72,112,59,63,121,20,29,49,122,164,282,215,256,470,2459,2397,4853,179,186,368,2853,2839,5698
LGA23110,1580,3027,88,105,194,2036,2509,4548,416,838,1255,341,410,749,34,65,104,791,1313,2115,2504,3312,5812,39900,41192,81091,2296,2126,4421,44700,46630,91322
LGA23190,594,1099,43,50,86,649,782,1425,95,212,305,130,165,296,21,28,49,246,405,656,570,709,1279,8842,9173,18017,602,532,1134,10014,10414,20429
LGA23270,2289,4651,194,244,438,3721,4168,7891,526,980,1506,392,392,787,72,105,180,990,1477,2473,7983,8914,16898,106769,106120,212889,7258,6859,14113,122010,121893,243901
LGA23350,442,932,45,33,81,660,576,1232,59,146,206,75,85,160,11,19,31,145,250,394,480,515,1000,7430,7787,15214,672,480,1150,8582,8782,17368
LGA23430,3707,6852,212,236,453,4253,5283,9541,709,1568,2273,819,1053,1867,102,154,255,1630,2775,4401,3942,5376,9311,69790,73178,142969,2927,2922,5850,76659,81476,158129
LGA23670,3415,6474,203,224,426,4055,4853,8898,596,1302,1894,640,723,1368,102,178,277,1338,2203,3540,4050,5114,9170,71162,73297,144461,2725,2752,5479,77937,81163,159103
LGA23810,1822,3548,185,203,391,2391,2670,5066,310,643,954,347,402,749,102,148,247,759,1193,1947,3093,3386,6479,31800,33212,65009,2922,2907,5826,37815,39505,77318
LGA23940,212,464,46,36,87,351,302,651,32,72,108,67,68,137,22,40,64,121,180,308,286,303,584,3222,3132,6358,417,400,817,3925,3835,7759
LGA24130,1087,2298,99,84,187,1537,1462,2999,173,308,485,160,190,348,29,35,67,362,533,893,1271,1349,2614,22745,23437,46189,1329,1327,2654,25345,26113,51458
LGA24210,3943,7570,178,215,391,4620,5529,10148,902,1568,2474,906,891,1798,124,170,294,1932,2629,4558,3233,4567,7804,55101,57694,112786,1989,2118,4109,60323,64379,124700
LGA24250,291,607,21,25,49,384,366,762,34,76,112,47,63,110,9,6,14,90,145,239,289,251,537,4339,4526,8864,389,387,781,5017,5164,10178
LGA24330,774,1509,80,87,170,1195,1475,2669,275,531,803,193,241,428,37,78,120,505,850,1348,1958,2568,4523,38246,37769,76016,2506,2170,4673,42710,42507,85209
LGA24410,2690,4960,143,209,353,2877,3698,6580,458,952,1410,511,677,1189,85,203,286,1054,1832,2883,3008,3834,6847,50733,53456,104190,1950,2058,4010,55691,59348,115043
LGA24600,1100,2246,143,103,249,1551,1584,3141,211,430,643,183,208,386,67,91,156,461,729,1188,1530,1938,3468,66927,67609,134535,5974,5646,11618,74431,75193,149615
LGA24650,1252,2626,148,133,279,2154,2168,4321,215,423,638,173,225,399,59,61,117,447,709,1154,4617,4880,9496,77830,79538,157371,6832,5260,12089,89279,89678,178960
LGA24780,1237,2446,135,123,259,1670,1834,3505,258,553,808,254,340,591,55,67,122,567,960,1526,2028,2249,4277,23654,24472,48126,2354,2209,4566,28036,28930,56972
LGA24850,757,1541,79,75,152,1079,1113,2186,111,238,358,138,171,315,11,47,60,260,456,730,1474,1498,2970,21857,21548,43400,1596,1496,3092,24927,24542,49460
LGA24900,978,2017,108,91,199,1399,1339,2735,157,300,459,240,254,498,37,53,94,434,607,1050,1179,1212,2390,12918,13015,25932,1136,1065,2199,15233,15292,30522
LGA24970,4551,8645,288,303,592,5536,6731,12266,1156,2069,3230,1151,1281,2429,205,340,544,2512,3690,6204,4603,6374,10973,85878,85213,171089,4367,3970,8336,94848,95557,190397
LGA25060,2418,4611,145,179,322,3045,3865,6913,702,1340,2046,505,575,1083,65,91,153,1272,2006,3274,3063,4310,7375,53633,55849,109486,2488,2504,4989,59184,62663,121851
LGA25150,679,1335,52,57,108,895,967,1861,93,227,322,118,153,269,10,18,35,221,398,628,1127,1229,2353,16504,16818,33319,1010,944,1958,18641,18991,37632
LGA25250,2455,4477,187,226,416,3157,4421,7581,1045,1901,2943,608,758,1369,137,234,371,1790,2893,4682,4583,6482,11067,74837,77490,152328,4022,3935,7955,83442,87907,171357
LGA25340,6393,12295,440,528,969,7381,8453,15833,918,1642,2555,1387,1466,2848,258,363,618,2563,3471,6029,4723,5807,10533,72334,76599,148934,4622,4867,9487,81679,87273,168948
LGA25430,697,1362,74,101,174,830,926,1755,69,112,181,123,141,269,69,133,205,261,386,644,519,563,1083,8376,8764,17138,1208,822,2032,10103,10149,20253
LGA25490,413,831,31,35,74,528,532,1062,58,138,191,80,75,150,6,27,39,144,240,381,413,457,870,7604,7770,15372,580,551,1129,8597,8778,17374
LGA25620,409,918,57,38,99,659,541,1204,58,97,156,76,86,161,16,14,29,150,197,346,444,477,915,6660,6281,12938,725,626,1342,7829,7384,15197
LGA25710,1135,2312,64,66,134,1452,1455,2909,146,319,461,166,184,346,32,40,73,344,543,880,1203,1313,2523,28932,29530,58465,969,948,1908,31104,31791,62895
LGA25810,373,729,66,59,122,500,522,1022,35,77,118,81,88,167,36,68,104,152,233,384,432,438,872,4972,5020,9994,579,500,1082,5983,5958,11948
LGA25900,1520,3066,184,187,373,2056,2210,4268,259,445,706,255,283,543,80,144,225,594,872,1468,1656,2070,3721,44584,46782,91365,3466,3387,6857,49706,52239,101942
LGA25990,204,432,36,27,61,318,280,602,28,65,92,45,29,77,16,12,24,89,106,195,298,297,593,3086,3034,6122,617,337,958,4001,3668,7671
LGA26080,236,424,25,15,44,233,275,512,25,45,69,46,44,93,9,0,12,80,89,175,74,103,178,1357,1527,2883,120,99,216,1551,1729,3276
LGA26170,932,1893,82,92,179,1232,1226,2454,150,255,399,163,221,374,39,32,73,352,508,857,909,1054,1962,13170,13396,26572,1042,1007,2045,15121,15457,30577
LGA26260,537,1030,43,49,88,635,725,1349,75,183,256,110,163,274,18,34,53,203,380,585,517,622,1137,7118,7342,14455,491,497,990,8126,8461,16588
LGA26350,2504,4673,168,169,341,2720,3347,6073,435,878,1313,499,653,1155,93,179,274,1027,1710,2749,1589,2423,4014,45754,49625,95382,2551,2755,5305,49894,54803,104703
LGA26430,396,809,51,43,91,539,528,1068,74,126,204,88,99,186,21,27,39,183,252,433,398,409,811,4759,4855,9621,529,501,1030,5686,5765,11455
LGA26490,845,1668,65,65,133,1029,1071,2099,98,224,323,146,176,323,44,52,92,288,452,738,657,749,1409,16916,17339,34250,1035,1006,2035,18608,19094,37694
LGA26610,521,968,49,47,97,604,715,1321,86,178,262,108,147,259,23,53,79,217,378,597,596,671,1265,9179,9066,18250,975,919,1887,10750,10656,21403
LGA26670,195,410,27,22,50,278,252,533,29,61,88,48,45,88,13,29,40,90,135,217,184,213,394,2691,2592,5285,296,257,547,3171,3062,6223
LGA26700,934,1782,66,87,153,1105,1271,2379,150,312,463,189,227,414,32,44,71,371,583,952,1031,1179,2215,12514,13360,25876,836,883,1717,14381,15422,29808
LGA26730,998,1808,63,93,155,1042,1322,2362,153,325,478,194,269,461,35,82,115,382,676,1065,1068,1265,2333,14949,16097,31041,1028,1007,2032,17045,18369,35406
LGA26810,1204,2322,100,102,196,1492,1610,3105,170,298,465,204,267,466,44,57,106,418,622,1038,1666,1575,3236,18874,19462,38340,2456,1608,4062,22996,22645,45639
LGA26890,118,240,11,20,31,152,168,319,16,38,60,28,44,70,6,5,15,50,87,141,122,143,267,1726,1678,3408,160,170,325,2008,1991,4006
LGA26980,4392,7953,212,281,491,4560,6070,10629,867,1731,2593,1032,1323,2358,167,349,516,2066,3403,5471,3889,5484,9374,74785,78661,153445,3244,3278,6528,81918,87423,169346
LGA27070,2735,5463,279,323,609,4186,4819,9006,709,1279,1988,454,430,883,147,311,457,1310,2020,3332,6593,7828,14419,101704,102343,204044,5537,5389,10929,113834,115560,229396
LGA27170,938,1702,57,70,124,1045,1292,2334,136,256,393,176,217,388,19,47,61,331,520,846,1590,1547,3131,18371,19538,37915,1107,1092,2200,21068,22177,43253
LGA27260,2027,3976,177,188,363,2843,3219,6061,328,751,1074,263,314,577,74,133,203,665,1198,1852,5832,6257,12089,131709,129921,261632,9904,8381,18286,147445,144559,292011
LGA27350,1174,2231,72,100,175,1418,1777,3199,236,522,761,196,224,418,43,46,89,475,792,1268,1464,2078,3544,39964,41702,81668,2565,2344,4905,43993,46124,90114
LGA27450,3341,6613,214,173,391,4132,4419,8550,457,883,1337,558,621,1183,71,87,155,1086,1591,2677,3986,4445,8430,69996,71470,141469,3204,2954,6163,77186,78869,156068
LGA27630,242,460,31,35,65,290,325,616,47,66,112,62,70,128,18,27,46,127,163,297,318,293,611,2768,2680,5440,241,256,500,3327,3229,6556
LGA29399,0,9,0,5,6,8,5,16,0,5,5,0,0,4,0,0,0,0,5,3,6,4,12,367,335,700,125,120,247,498,459,955
LGA29499,45,102,25,5,27,98,64,152,4,7,9,3,9,10,8,8,11,15,24,29,287,252,536,2640,2271,4909,2243,1398,3641,5170,3921,9089
LGA29799,0,0,0,0,0,0,0,0,0,0,0,0,0,0,0,0,0,0,0,0,0,0,0,11,0,13,24,3,27,35,3,38
LGA30250,0,3,0,0,0,0,0,5,0,0,0,0,0,0,0,0,0,0,0,0,30,22,53,456,498,952,44,55,101,530,575,1101
LGA30300,78,151,11,12,22,105,109,214,12,10,21,18,17,33,11,7,18,41,34,74,98,90,188,1847,1850,3701,221,209,433,2166,2149,4320
LGA30370,275,560,56,55,107,403,401,802,30,62,94,49,73,120,12,41,50,91,176,266,316,283,599,6104,5922,12033,1042,839,1885,7462,7044,14513
LGA30410,78,147,16,14,31,102,107,214,13,13,22,10,17,27,0,8,4,23,38,60,66,63,124,1204,1201,2408,169,145,313,1439,1409,2849
LGA30450,3,14,0,0,0,8,3,17,0,0,0,0,0,0,0,0,0,0,0,0,8,4,11,135,130,266,18,21,34,161,155,308
LGA30760,42,111,11,9,23,87,68,161,6,10,17,15,8,20,7,12,20,28,30,56,63,56,119,800,827,1627,82,78,154,945,961,1905
LGA30900,4,12,0,0,0,4,4,14,0,0,0,0,0,0,0,0,0,0,0,0,0,5,3,188,197,384,43,28,70,231,230,458
LGA31000,20590,38611,1158,1385,2543,23675,28608,52286,3689,7877,11564,3801,5157,8963,663,1310,1969,8153,14344,22497,25587,31090,56680,555408,574432,1129843,30596,25702,56297,611591,631224,1242825
LGA31750,0,7,0,0,0,6,0,10,0,0,0,0,0,0,0,0,0,0,0,0,0,3,3,178,139,321,11,0,16,189,142,337
LGA31820,3121,6277,229,240,472,4290,4374,8662,467,847,1315,600,638,1233,73,98,167,1140,1583,2720,4786,4690,9478,40566,42667,83230,3445,3061,6503,48797,50418,99215
LGA31900,485,937,49,50,95,621,658,1288,69,173,239,96,119,215,17,26,48,182,318,497,526,575,1097,7111,6940,14047,853,695,1548,8490,8210,16692
LGA31950,6,11,3,0,3,13,6,9,0,3,3,0,0,0,0,0,0,0,3,3,7,4,13,184,134,319,51,30,83,242,168,419
LGA32080,2573,5210,302,308,603,3677,3800,7477,424,804,1226,468,472,939,132,170,296,1024,1446,2457,4488,4472,8963,69946,73151,143098,7902,6975,14879,82336,84598,166943
LGA32250,18,54,11,6,20,50,30,85,0,0,0,4,6,4,0,0,4,4,6,11,24,35,54,928,854,1783,152,103,251,1104,992,2090
LGA32260,685,1446,85,74,163,1034,976,2009,149,225,372,139,154,294,30,34,64,318,413,738,1010,970,1980,12329,11851,24176,1645,1353,2997,14984,14174,29157
LGA32270,263,560,57,53,112,394,377,772,25,38,68,34,38,73,17,29,48,76,105,190,514,440,950,12053,11551,23600,1964,1318,3282,14531,13309,27836
LGA32310,241,526,53,32,84,425,366,793,48,74,122,52,57,110,12,12,26,112,143,258,370,378,749,4651,4818,9468,857,727,1580,5878,5923,11794
LGA32330,3,6,0,0,0,3,3,16,3,0,3,0,0,0,0,0,0,3,0,5,31,19,51,524,564,1088,29,30,61,584,613,1194
LGA32450,25,62,10,7,20,56,45,99,0,15,13,0,5,8,4,0,4,4,20,25,49,47,95,1656,1304,2968,352,226,582,2057,1577,3644
LGA32500,55,162,18,13,27,152,87,229,4,8,8,4,3,13,0,3,3,8,14,24,97,77,172,1856,1659,3509,467,354,824,2420,2090,4511
LGA32600,0,0,0,0,0,3,0,9,0,0,0,0,0,0,0,0,0,0,0,0,8,0,7,108,109,217,26,15,42,142,124,266
LGA32750,0,4,0,0,0,0,0,4,0,0,0,0,0,0,0,0,0,0,0,0,4,4,6,105,96,204,32,22,55,141,122,266
LGA32770,0,4,0,0,0,4,0,6,0,0,4,0,0,0,0,0,0,0,0,4,21,17,34,640,631,1265,36,41,80,697,689,1387
LGA32810,246,531,49,31,81,406,339,744,29,42,76,47,39,84,18,8,23,94,89,184,345,262,609,5155,5130,10278,771,679,1444,6271,6071,12337
LGA33100,18,36,9,3,7,35,26,55,0,3,3,0,6,4,0,0,0,0,9,7,15,16,31,318,272,591,48,47,94,381,335,714
LGA33200,38,87,6,3,12,57,47,113,3,9,10,6,7,14,0,7,10,9,23,31,20,38,64,620,624,1248,88,103,192,728,765,1500
LGA33220,3758,7630,353,400,748,5383,5394,10778,528,927,1458,648,737,1379,139,247,384,1315,1911,3229,6168,5832,11996,43876,47395,91276,4298,3473,7762,54342,56700,111032
LGA33360,826,1694,94,89,184,1186,1212,2390,132,206,342,132,121,253,29,52,85,293,379,679,1895,1766,3663,27746,27486,55233,2580,2044,4624,32221,31296,63515
LGA33430,13531,26381,1084,1256,2343,17145,18811,35953,2045,4079,6121,2497,2747,5245,533,910,1440,5075,7736,12805,16371,17864,34233,267580,284346,551931,19474,19444,38926,303425,321654,625087
LGA33610,251,487,37,22,62,329,336,666,42,66,110,60,63,118,8,7,8,110,136,241,288,286,573,4376,4409,8788,508,440,950,5172,5135,10310
LGA33620,1427,2933,135,124,254,2118,2045,4151,245,370,624,228,258,481,36,62,100,509,690,1204,2665,2504,5171,21724,22575,44297,2015,1762,3774,26404,26841,53242
LGA33800,387,775,30,33,70,507,535,1043,85,147,238,93,95,187,19,17,33,197,259,454,439,463,901,4643,4501,9140,481,404,879,5563,5368,10920
LGA33830,6,12,0,4,4,4,10,13,7,0,7,0,3,4,0,0,0,7,3,6,17,10,25,448,429,875,39,34,74,504,473,976
LGA33960,2911,5478,212,297,504,3636,4348,7982,394,786,1178,485,608,1090,100,210,308,979,1604,2575,7563,7508,15072,97892,101763,199660,7767,6711,14479,113222,115982,229208
LGA33980,122,268,33,24,55,210,174,379,17,31,48,20,23,42,12,8,15,49,62,100,263,220,489,8949,7999,16940,3171,1443,4615,12383,9662,22046
LGA34420,0,0,0,6,7,0,6,12,0,0,0,0,0,0,0,0,0,0,0,0,15,15,28,414,451,865,96,95,185,525,561,1079
LGA34530,888,1791,82,95,173,1205,1235,2434,121,223,348,150,156,309,43,52,97,314,431,753,1120,1113,2235,16540,16732,33275,2594,1296,3891,20254,19141,39398
LGA34570,3,6,0,0,4,0,6,12,0,0,0,0,0,0,0,0,0,0,0,6,3,7,9,286,253,543,48,43,90,337,303,640
LGA34580,755,1591,77,56,137,1144,1093,2239,118,230,349,128,129,261,25,26,48,271,385,660,1645,1507,3148,17325,17684,35011,1415,1523,2943,20385,20714,41101
LGA34590,4643,9216,360,473,836,6565,7207,13776,779,1544,2323,653,716,1366,143,279,418,1575,2539,4118,11201,11734,22933,147001,151240,298239,12115,11802,23928,170317,174776,345098
LGA34710,55,111,9,5,13,77,84,163,19,19,41,14,23,43,6,3,4,39,45,88,96,86,183,1468,1533,3001,239,223,468,1803,1842,3647
LGA34770,2037,3995,223,220,444,2677,2886,5576,353,654,1005,347,427,776,92,106,196,792,1187,1979,3032,3039,6071,51778,52578,104354,6388,4875,11265,61198,60492,121691
LGA34800,8,20,0,0,3,16,8,26,0,5,5,0,3,3,0,0,0,0,8,5,9,12,23,328,308,642,114,52,170,451,372,836
LGA34830,0,3,0,0,0,3,0,7,0,0,0,0,0,0,0,0,0,0,0,0,12,7,20,165,175,339,41,37,72,218,219,432
LGA34860,243,483,32,51,78,310,346,654,26,46,67,43,59,102,12,47,61,81,152,229,248,268,513,5405,5422,10828,747,741,1481,6400,6431,12825
LGA34880,547,1137,88,60,150,813,776,1596,103,124,225,104,91,198,21,23,41,228,238,470,623,649,1270,9065,8988,18047,2401,1138,3535,12089,10775,22858
LGA35010,10054,19409,619,698,1320,12662,14060,26718,1481,2890,4368,1586,1781,3363,286,493,776,3353,5164,8506,16676,17063,33740,203177,215335,418514,12982,11099,24081,232835,243497,476340
LGA35250,7,15,0,4,4,9,16,24,0,6,6,0,0,0,0,0,0,0,6,0,12,25,35,416,438,859,63,68,133,491,531,1025
LGA35300,134,309,24,28,53,244,227,473,21,31,56,24,17,38,7,13,19,52,61,114,296,311,609,8303,7941,16237,1058,819,1877,9657,9071,18727
LGA35600,90,149,15,3,20,94,115,209,24,36,57,14,21,35,11,8,20,49,65,111,127,124,245,1537,1693,3231,251,245,492,1915,2062,3971
LGA35670,4,8,0,0,0,0,8,7,0,0,0,0,0,0,0,0,0,0,0,0,8,9,14,336,343,677,91,93,186,435,445,883
LGA35740,1947,3977,154,178,331,2514,2521,5032,208,419,630,361,382,746,77,168,241,646,969,1611,1461,1716,3176,24084,25524,49605,1796,1722,3511,27341,28962,56298
LGA35760,291,638,47,38,85,485,425,915,56,76,135,57,61,119,14,19,32,127,156,291,438,375,810,4065,4040,8105,593,558,1150,5096,4973,10068
LGA35780,5,5,4,4,3,13,13,23,0,0,3,0,0,0,0,0,0,0,0,3,25,27,51,1116,1213,2330,211,192,400,1352,1432,2781
LGA35790,4,15,0,0,0,7,8,19,0,0,0,0,0,0,0,0,0,0,0,0,33,35,70,918,990,1903,62,69,127,1013,1094,2098
LGA35800,31,83,3,6,5,58,46,110,5,10,14,5,10,13,3,0,4,13,20,33,46,55,103,732,748,1478,51,50,100,829,853,1679
LGA36070,0,5,0,0,0,4,4,9,0,0,0,0,0,0,0,0,0,0,0,0,16,13,24,246,264,508,51,29,81,313,306,611
LGA36150,6,18,0,0,0,13,9,28,4,3,3,0,0,4,0,0,0,4,3,13,20,14,31,312,305,614,21,24,48,353,343,698
LGA36250,4115,7887,239,268,505,4933,5520,10448,592,1279,1868,756,821,1583,125,218,346,1473,2318,3799,5081,5508,10591,69450,72926,142374,3197,3061,6259,77728,81495,159222
LGA36300,7,15,11,3,12,25,13,34,0,3,3,0,0,0,0,3,4,0,6,6,10,11,22,311,305,615,71,54,129,392,370,761
LGA36370,1576,2941,139,156,290,1953,2398,4352,315,649,969,315,355,671,70,75,142,700,1079,1776,2985,3196,6180,33925,35518,69444,3577,2762,6342,40487,41476,81968
LGA36510,1121,2297,112,97,207,1525,1500,3029,144,262,399,217,220,434,59,75,132,420,557,971,1460,1451,2912,18123,18833,36954,1685,1434,3118,21268,21718,42984
LGA36580,549,1176,66,69,138,862,774,1639,60,98,159,77,84,161,17,21,35,154,203,351,1104,972,2072,10585,10614,21197,960,825,1788,12649,12411,25057
LGA36630,908,1922,136,110,244,1432,1296,2732,138,244,380,184,182,363,27,47,72,349,473,820,1689,1599,3287,13216,13441,26659,1591,1459,3046,16496,16499,32996
LGA36660,1103,2269,114,116,224,1516,1555,3068,164,304,471,214,230,444,37,54,96,415,588,1004,1380,1498,2881,15020,15554,30574,1458,1384,2839,17858,18436,36290
LGA36720,9619,18391,620,691,1312,11372,12797,24171,1537,2747,4289,1857,2030,3893,333,555,886,3727,5332,9058,10091,11123,21211,145027,157614,302650,9550,9142,18683,164668,177879,342541
LGA36820,763,1594,99,98,196,1098,1056,2153,111,180,290,146,157,304,49,72,121,306,409,715,846,850,1698,10758,11153,21910,1354,1287,2638,12958,13290,26244
LGA36910,4382,8221,289,394,682,5147,6112,11264,686,1429,2116,817,1023,1840,157,270,424,1660,2722,4381,5758,6429,12181,73086,78259,151343,4980,4697,9678,83824,89385,173204
LGA36950,20,34,0,0,0,32,29,62,5,0,7,0,0,4,0,0,0,5,0,10,57,56,111,1510,1546,3055,140,118,251,1707,1720,3421
LGA36960,15,32,3,7,8,36,46,65,3,4,9,0,5,5,0,0,0,3,9,9,62,80,142,1825,1853,3672,157,145,306,2044,2078,4124
LGA37010,2964,5729,261,278,546,3886,4378,8268,425,937,1368,443,569,1010,96,172,268,964,1678,2647,5684,5686,11362,81243,84224,165472,9291,6646,15939,96218,96556,192768
LGA37300,10,13,3,0,7,13,14,31,0,6,4,5,0,5,0,0,0,5,6,10,40,41,84,1823,1672,3497,294,227,518,2157,1940,4100
LGA37310,679,1319,83,89,172,876,948,1827,90,187,280,117,143,261,33,46,82,240,376,625,1130,1054,2182,14131,14076,28210,1902,1546,3456,17163,16676,33843
LGA37340,557,1230,99,70,168,968,820,1789,83,163,247,101,122,220,20,18,37,204,303,503,959,918,1876,15709,15269,30973,2458,1849,4307,19126,18036,37152
LGA37400,22,59,9,10,18,47,39,87,0,0,3,6,5,12,0,3,3,6,8,19,19,26,45,438,463,905,89,92,178,546,581,1129
LGA37550,0,0,0,0,0,0,0,8,0,0,0,0,0,0,0,0,0,0,0,0,17,15,40,414,486,897,41,44,89,472,545,1019
LGA37570,0,3,0,0,0,3,0,8,0,0,0,0,0,0,0,0,0,0,0,0,0,4,5,102,123,226,25,24,51,127,151,276
LGA37600,15,22,4,0,3,11,21,31,0,3,3,0,0,0,0,0,0,0,3,5,39,46,86,1118,1167,2289,57,66,129,1214,1279,2505
LGA39499,118,340,38,17,62,281,158,444,5,9,19,9,7,16,5,3,11,19,19,44,421,371,793,5326,4993,10318,2113,1442,3558,7860,6806,14670
LGA39799,0,0,0,0,0,0,0,0,0,0,0,0,0,0,0,0,0,0,0,0,0,0,3,43,9,44,110,24,130,153,33,183
LGA40070,484,922,45,33,84,536,599,1140,59,134,192,73,90,161,23,54,73,155,278,425,409,443,850,11167,10936,22102,1195,879,2076,12771,12258,25026
LGA40120,960,1978,62,55,118,1203,1182,2391,110,212,321,181,203,388,24,33,56,315,448,768,748,792,1540,18614,18999,37610,918,816,1729,20280,20607,40879
LGA40150,144,290,18,15,34,212,201,405,20,34,52,22,16,35,7,4,15,49,54,98,342,246,593,4408,4175,8584,386,278,661,5136,4699,9835
LGA40220,1206,2483,76,70,146,1562,1559,3130,166,307,470,230,189,415,20,44,62,416,540,941,1053,1215,2270,12210,12795,25003,756,695,1458,14019,14705,28730
LGA40250,3,3,0,4,4,16,18,24,0,4,6,3,0,3,4,0,3,7,4,17,40,67,104,901,1046,1951,125,151,279,1066,1264,2333
LGA40310,724,1422,30,41,71,856,906,1760,100,213,310,145,167,310,15,36,48,260,416,671,706,757,1470,11128,11420,22555,517,527,1047,12351,12704,25066
LGA40430,105,213,11,17,24,151,161,309,15,36,54,16,28,47,0,3,9,31,67,107,132,145,276,1095,1041,2137,105,99,201,1332,1285,2619
LGA40520,288,544,16,26,45,338,409,748,60,106,165,79,86,166,7,16,33,146,208,358,429,484,915,4491,4485,8969,299,302,601,5219,5271,10484
LGA40700,1580,3010,44,63,108,1669,1959,3628,222,524,752,329,475,803,24,32,51,575,1031,1609,904,1293,2196,20539,22223,42764,548,530,1074,21991,24046,46030
LGA40910,1660,3010,55,106,161,1750,2354,4101,339,681,1025,380,395,773,48,87,138,767,1163,1929,1519,1988,3509,24174,25319,49491,903,896,1801,26596,28203,54800
LGA41010,71,156,3,4,5,101,89,192,11,13,19,11,11,25,0,3,3,22,27,53,72,62,132,1558,1515,3071,152,148,302,1782,1725,3505
LGA41060,2939,5519,135,144,282,3453,4292,7749,716,1456,2173,660,751,1414,48,98,151,1424,2305,3732,3723,4866,8586,53384,55338,108722,2296,2242,4539,59403,62446,121840
LGA41140,289,579,12,22,35,351,389,741,47,73,125,58,58,112,11,15,18,116,146,260,265,309,578,3994,4079,8073,270,269,538,4529,4657,9187
LGA41190,52,102,9,7,10,64,66,127,8,19,28,11,10,23,3,8,10,22,37,58,34,54,88,794,725,1523,78,61,136,906,840,1742
LGA41330,28,115,25,8,35,128,42,171,9,3,6,9,0,8,5,3,15,23,6,29,53,37,90,684,504,1188,167,129,298,904,670,1566
LGA41560,614,1230,55,53,109,795,801,1599,75,142,217,108,129,235,32,43,73,215,314,527,682,660,1344,6217,6484,12697,547,462,1009,7446,7606,15050
LGA41750,22,42,0,3,3,32,29,56,0,5,3,8,3,14,0,0,0,8,8,20,30,27,49,463,409,878,53,37,87,546,473,1014
LGA41830,58,105,14,8,18,81,81,149,9,19,24,14,3,18,0,0,3,23,22,52,68,64,137,650,695,1346,87,75,161,805,834,1646
LGA41960,46,82,7,3,16,49,52,103,7,11,16,6,3,11,0,5,5,13,19,35,47,38,83,547,519,1069,77,62,134,671,619,1293
LGA42030,760,1357,28,42,71,796,1057,1852,135,275,407,181,196,374,18,31,46,334,502,831,1045,1134,2177,10532,11266,21799,498,521,1022,12075,12921,24988
LGA42110,120,250,12,12,26,167,166,334,15,36,46,24,23,47,5,6,8,44,65,107,165,167,329,1739,1672,3416,157,165,321,2061,2004,4060
LGA42250,140,303,43,30,77,238,200,438,11,14,28,31,34,60,11,34,41,53,82,133,186,136,325,3609,3421,7032,951,329,1279,4746,3886,8636
LGA42600,1338,2496,62,75,131,1410,1696,3105,225,553,773,273,432,709,16,44,61,514,1029,1548,1033,1417,2448,16233,17546,33779,656,656,1312,17922,19619,37543
LGA42750,140,314,22,18,41,210,189,403,12,16,31,33,26,64,10,20,31,55,62,119,117,97,213,2187,2075,4258,230,194,422,2534,2366,4894
LGA43080,30,58,4,9,11,34,42,75,4,12,19,10,12,21,0,0,0,14,24,41,43,38,85,451,382,839,50,36,84,544,456,1007
LGA43220,31,64,4,6,11,41,37,82,9,11,20,9,8,16,0,6,5,18,25,39,27,26,55,471,436,912,35,37,75,533,499,1037
LGA43360,100,198,7,9,15,107,125,236,12,27,35,31,17,44,0,5,5,43,49,86,61,70,137,1042,1018,2064,69,57,129,1172,1145,2326
LGA43650,288,546,16,12,33,327,361,697,36,63,97,55,43,98,10,5,15,101,111,211,437,379,819,7120,7138,14256,381,331,715,7938,7848,15792
LGA43710,118,259,19,5,28,178,140,315,10,21,29,28,24,51,0,6,6,38,51,83,98,92,193,2650,2522,5165,376,177,551,3124,2791,5910
LGA43790,375,733,34,35,70,482,516,992,64,137,202,79,78,157,19,16,30,162,231,392,407,447,858,5052,4962,10015,422,370,793,5881,5779,11666
LGA44000,0,0,0,0,0,0,0,4,0,0,0,0,0,0,0,0,0,0,0,0,3,4,10,24,23,47,20,23,40,47,50,96
LGA44060,2241,4051,95,84,187,2330,2957,5294,425,1027,1455,510,653,1163,43,73,120,978,1753,2729,2754,3473,6225,41230,44214,85444,1637,1411,3052,45621,49098,94721
LGA44210,293,607,32,21,58,422,371,799,33,56,90,53,52,106,4,15,20,90,123,214,372,334,706,3893,3646,7537,596,332,926,4861,4312,9164
LGA44340,1909,3672,88,96,181,2186,2462,4648,369,726,1099,439,567,1009,51,56,111,859,1349,2220,1583,2046,3626,30402,31816,62223,903,867,1768,32888,34729,67617
LGA44550,866,1620,39,39,84,933,1101,2042,115,233,348,153,195,353,18,25,46,286,453,740,1002,1083,2084,17232,18229,35463,856,814,1671,19090,20126,39217
LGA44620,785,1400,55,76,133,827,1049,1874,117,239,357,155,189,344,32,75,107,304,503,802,1016,1004,2022,11183,12160,23343,741,770,1512,12940,13934,26878
LGA44830,100,202,15,11,30,133,133,271,11,24,40,17,20,38,0,0,0,28,44,83,102,109,205,1222,1190,2414,122,121,242,1446,1420,2862
LGA45040,613,1211,41,50,88,811,851,1664,94,199,293,132,140,274,19,29,53,245,368,615,902,965,1868,8820,9175,17996,1145,640,1783,10867,10780,21644
LGA45090,229,461,21,28,47,283,305,587,26,68,93,48,59,103,15,7,20,89,134,220,171,204,374,4005,3697,7700,331,279,610,4507,4180,8686
LGA45120,139,289,12,8,24,192,188,379,19,40,67,29,32,60,5,5,9,53,77,130,144,171,320,2019,1953,3967,143,126,270,2306,2250,4559
LGA45290,1145,1976,49,54,102,1065,1547,2611,218,503,725,262,319,578,30,46,74,510,868,1377,904,1286,2181,16481,17490,33972,683,651,1333,18068,19427,37487
LGA45340,4211,8127,227,272,500,5024,5679,10711,624,1243,1862,805,914,1718,119,192,311,1548,2349,3887,5828,6264,12095,76152,79546,155699,3809,3605,7410,85789,89415,175204
LGA45400,28,48,0,6,8,30,34,68,7,18,27,7,6,12,4,8,13,18,32,49,35,33,70,362,372,737,34,37,68,431,442,874
LGA45540,63,119,13,6,13,79,82,157,10,12,19,10,7,17,5,4,8,25,23,49,80,82,161,631,617,1241,111,123,234,822,822,1638
LGA45680,1406,2618,117,160,275,1758,2161,3912,247,507,753,286,340,626,72,120,190,605,967,1574,4212,4162,8373,41793,43048,84835,3065,2915,5980,49070,50125,99190
LGA45890,2312,4300,134,154,285,2743,3449,6188,534,1194,1725,475,658,1130,53,79,131,1062,1931,2988,4312,5038,9348,58127,58423,116553,3606,2894,6504,66045,66355,132400
LGA46090,271,555,27,28,57,397,400,799,37,82,120,46,62,107,10,12,24,93,156,250,414,445,866,5578,5735,11311,1152,503,1652,7144,6683,13829
LGA46300,375,708,25,38,59,452,508,959,68,134,208,83,105,190,18,18,36,169,257,432,462,477,940,6106,6419,12523,504,437,940,7072,7333,14404
LGA46450,530,996,25,39,66,634,747,1371,89,170,260,115,117,238,14,14,28,218,301,521,749,814,1560,7219,7414,14631,546,540,1090,8514,8768,17282
LGA46510,328,605,16,22,37,366,517,883,73,181,257,89,99,183,7,26,38,169,306,474,448,652,1098,10327,10142,20473,352,352,702,11127,11146,22272
LGA46670,237,481,15,28,49,314,363,682,38,85,124,53,76,127,9,10,19,100,171,275,308,380,690,4258,4161,8422,357,313,671,4923,4854,9783
LGA46860,64,112,0,6,10,56,78,141,4,11,12,8,7,17,4,0,4,16,18,30,22,34,58,700,709,1408,32,42,75,754,785,1542
LGA46970,0,8,0,0,5,5,0,14,0,0,0,0,0,0,0,0,0,0,0,3,25,24,44,1870,1580,3456,279,200,476,2174,1804,3976
LGA47140,2632,4956,147,188,335,3196,3937,7146,491,853,1342,485,555,1043,81,133,224,1057,1541,2607,5294,5660,10950,64396,64028,128424,3337,3099,6435,73027,72787,145806
LGA47290,56,118,4,5,4,75,80,146,13,24,29,16,15,25,3,3,3,32,42,69,53,57,110,892,809,1703,87,83,170,1032,949,1979
LGA47490,51,103,8,5,12,77,59,134,3,16,27,14,13,23,8,4,8,25,33,59,54,38,90,970,915,1890,90,94,177,1114,1047,2165
LGA47630,174,334,23,15,36,213,224,431,29,49,84,29,50,81,4,4,11,62,103,172,158,152,312,3147,2905,6052,282,240,528,3587,3297,6891
LGA47700,2821,5375,101,152,254,3155,3695,6842,404,784,1187,522,596,1116,66,115,182,992,1495,2482,2786,3227,6007,45438,46739,92170,1534,1458,2990,49758,51424,101174
LGA47800,166,366,22,19,41,258,231,486,18,39,54,31,39,69,5,6,14,54,84,142,177,187,362,2376,2187,4565,302,231,534,2855,2605,5463
LGA47910,124,228,15,7,27,133,151,289,16,41,60,22,29,56,0,3,6,38,73,117,81,121,197,1212,1226,2434,98,89,187,1391,1436,2817
LGA47980,1065,1945,49,58,109,1114,1477,2599,283,685,969,223,297,519,27,60,89,533,1042,1572,900,1506,2404,16874,18329,35203,505,529,1035,18279,20364,38641
LGA48050,965,1915,43,46,84,1149,1218,2363,128,286,407,226,231,458,17,23,42,371,540,909,695,887,1582,6564,7333,13904,318,336,650,7577,8556,16139
LGA48130,173,338,16,14,22,222,240,453,20,74,96,45,42,83,6,0,3,71,116,184,280,299,585,2961,2883,5844,185,167,352,3426,3349,6780
LGA48260,272,501,17,12,24,310,343,647,54,119,171,63,92,151,3,12,12,120,223,339,196,251,444,3404,3870,7275,159,140,305,3759,4261,8023
LGA48340,333,647,26,30,56,418,455,874,44,93,138,56,83,142,8,14,24,108,190,305,437,413,854,5146,5063,10207,430,392,827,6013,5868,11888
LGA48410,1487,2616,57,92,139,1496,2137,3626,424,887,1307,415,498,915,29,65,91,868,1450,2317,1700,2388,4084,27492,28065,55560,1096,958,2047,30288,31411,61699
LGA48540,546,988,32,58,97,605,820,1433,80,131,211,100,104,204,15,18,35,195,253,451,785,865,1651,9154,9013,18169,726,694,1421,10665,10572,21244
LGA48640,27,47,0,4,7,22,39,61,3,7,10,11,17,25,3,9,5,17,33,48,20,24,48,475,502,980,55,60,110,550,586,1136
LGA48750,210,460,17,8,35,303,262,575,23,43,76,40,54,93,5,4,6,68,101,174,169,219,393,2560,2544,5110,167,172,336,2896,2935,5834
LGA48830,455,1021,51,45,92,697,615,1306,64,106,169,112,123,230,11,22,30,187,251,427,445,456,898,5081,4791,9871,441,388,830,5967,5635,11598
LGA49399,22,60,8,6,13,54,36,88,3,5,8,7,3,12,0,4,4,10,12,25,47,48,96,1390,1035,2429,292,185,478,1729,1268,3006
LGA49499,16,47,7,6,4,40,25,64,4,3,3,3,7,6,0,0,0,7,10,11,105,101,205,1278,1098,2372,488,314,801,1871,1513,3377
LGA49799,0,0,0,0,0,0,0,0,0,0,0,0,0,0,0,0,0,0,0,0,0,0,0,6,0,6,5,0,5,11,0,12
LGA50080,1171,2176,76,80,157,1345,1547,2890,180,312,493,284,309,593,37,38,76,501,659,1164,1191,1273,2462,16396,17472,33871,1450,989,2434,19037,19734,38763
LGA50210,1231,2433,92,108,193,1590,1700,3289,158,267,419,216,242,464,53,70,117,427,579,1006,2157,2220,4373,41692,42999,84691,2756,2359,5123,46605,47578,94184
LGA50250,13,36,4,0,7,30,16,54,0,4,5,0,0,0,0,0,0,0,4,10,52,39,89,3346,2549,5893,899,511,1408,4297,3099,7391
LGA50280,283,605,17,15,30,372,362,746,43,81,126,66,77,139,11,16,20,120,174,286,285,301,579,7338,7464,14798,766,643,1409,8389,8408,16791
LGA50350,348,612,37,23,61,359,475,839,49,130,179,65,90,153,7,15,25,121,235,360,426,531,954,6871,7216,14091,503,386,888,7800,8133,15932
LGA50420,1411,2781,102,103,202,1817,2014,3832,264,614,878,281,321,595,57,103,162,602,1038,1634,1580,2079,3663,31019,31343,62360,1787,1474,3263,34386,34896,69283
LGA50490,663,1261,59,81,142,830,1000,1827,132,273,407,155,218,376,39,83,127,326,574,902,919,1124,2042,18839,18319,37152,1660,1405,3063,21418,20848,42257
LGA50560,54,121,15,4,18,99,69,165,10,7,16,13,12,29,4,4,9,27,23,58,65,51,115,686,696,1381,114,91,202,865,838,1694
LGA50630,31,67,4,5,9,42,39,86,0,6,5,6,8,11,0,0,0,6,14,20,26,30,60,769,723,1491,87,72,163,882,825,1705
LGA50770,54,116,8,14,23,83,78,158,4,7,12,10,11,21,3,0,0,17,18,35,46,38,86,774,780,1550,100,94,194,920,912,1834
LGA50840,163,329,13,14,28,210,213,426,27,28,52,18,22,43,0,5,8,45,55,104,152,159,318,2222,2307,4530,220,178,393,2594,2644,5238
LGA50910,35,57,0,0,5,34,50,90,11,16,29,11,5,17,0,0,0,22,21,41,40,55,91,383,363,747,50,46,91,473,464,929
LGA50980,87,193,28,20,49,157,138,289,12,19,29,22,8,29,9,8,20,43,35,75,223,214,440,6766,7269,14040,1267,1217,2480,8256,8700,16959
LGA51080,22,43,3,3,5,23,25,52,0,0,4,3,5,8,0,0,0,3,5,13,27,31,51,442,421,868,59,72,128,528,524,1046
LGA51120,28,53,9,10,19,28,42,72,3,3,5,10,7,14,0,5,9,13,15,26,23,20,52,404,377,783,78,73,152,505,470,979
LGA51190,856,1614,60,61,118,995,1153,2158,121,324,443,195,239,436,29,58,93,345,621,968,1011,1208,2220,13587,14588,28172,1596,993,2592,16194,16789,32987
LGA51260,1177,2331,92,101,197,1448,1516,2960,156,343,495,219,277,498,28,27,56,403,647,1045,977,1100,2072,17462,18684,36146,1307,1111,2421,19746,20895,40640
LGA51310,676,1292,21,28,54,742,862,1608,156,352,505,185,241,425,9,24,32,350,617,969,488,704,1187,13158,13664,26824,425,437,863,14071,14805,28876
LGA51330,1719,3282,74,119,191,1983,2311,4299,260,510,768,332,380,713,49,61,111,641,951,1591,1775,2064,3841,44001,43941,87936,2242,1836,4079,48018,47841,95860
LGA51400,290,565,21,13,38,352,349,701,24,36,55,28,37,65,7,4,13,59,77,136,387,328,715,7990,8546,16531,506,416,925,8883,9290,18175
LGA51470,6,26,0,9,6,19,15,33,0,0,0,3,3,6,0,0,0,3,3,11,11,10,25,238,208,444,42,40,82,291,258,552
LGA51540,73,161,17,19,36,126,119,241,10,20,30,21,16,33,8,5,8,39,41,70,96,112,210,2131,1976,4111,502,429,929,2729,2517,5251
LGA51610,11,42,4,0,3,39,14,53,3,3,6,3,0,3,0,0,0,6,3,9,32,19,48,670,634,1300,110,98,204,812,751,1556
LGA51680,106,236,14,14,25,160,142,309,10,16,33,18,19,36,3,3,9,31,38,77,132,145,275,2618,2586,5207,259,198,457,3009,2929,5930
LGA51710,11,27,0,3,3,20,14,32,0,0,4,5,0,5,0,0,0,5,0,4,16,17,25,646,565,1210,346,101,449,1008,683,1692
LGA51750,475,857,30,23,51,458,568,1030,59,161,219,109,149,258,18,30,51,186,340,529,219,330,547,4880,5302,10186,278,267,551,5377,5899,11284
LGA51820,1747,3421,134,149,287,2243,2496,4740,296,645,942,335,356,696,65,106,174,696,1107,1811,2420,2857,5278,52853,54693,107547,2909,2361,5264,58182,59911,118091
LGA51860,3,16,7,0,6,22,7,33,3,4,9,0,0,0,0,0,0,3,4,11,12,13,31,243,228,473,48,49,98,303,290,593
LGA51890,200,411,25,32,59,278,282,568,29,32,64,26,38,65,19,32,47,74,102,183,308,275,583,3777,3723,7495,388,345,730,4473,4343,8812
LGA51960,24,57,8,13,21,53,42,86,4,0,4,3,3,8,6,0,6,13,3,14,69,53,122,1364,1199,2564,447,344,790,1880,1596,3478
LGA52030,37,78,4,3,13,52,46,103,3,6,8,8,3,8,3,5,6,14,14,23,29,20,52,470,399,864,73,59,136,572,478,1055
LGA52100,33,62,0,0,6,33,37,75,3,10,11,16,11,28,0,0,3,19,21,42,17,27,44,456,447,903,25,33,58,498,507,1007
LGA52170,237,492,18,20,35,293,280,577,21,49,75,51,45,94,15,27,42,87,121,219,78,120,198,3664,3716,7382,201,184,385,3943,4020,7970
LGA52240,27,61,3,4,11,44,40,85,0,0,4,6,3,6,0,3,0,6,6,15,32,33,63,476,439,916,59,56,123,567,528,1100
LGA52310,17,46,4,3,10,34,29,61,0,3,3,10,0,13,0,0,0,10,3,12,30,21,55,401,361,763,44,40,80,475,422,902
LGA52380,5,10,3,0,3,11,5,11,0,0,0,0,0,0,0,0,0,0,0,0,5,5,12,115,54,172,17,13,32,137,72,215
LGA52450,20,53,0,5,5,33,31,64,0,0,3,8,11,19,0,3,3,8,14,27,23,22,45,602,544,1150,47,52,103,672,618,1302
LGA52520,24,38,0,7,10,17,39,63,0,3,7,10,15,23,0,0,6,10,18,36,19,27,47,587,531,1111,117,105,224,723,663,1379
LGA52590,95,215,11,11,22,139,123,265,4,12,18,17,24,38,4,3,6,25,39,65,64,75,135,1514,1364,2876,211,131,340,1789,1570,3355
LGA52660,358,650,33,50,86,388,505,900,38,77,119,83,76,159,34,40,69,155,193,347,382,391,770,6414,6614,13032,487,400,891,7283,7405,14686
LGA52730,201,433,24,19,44,281,259,542,16,42,61,41,38,81,6,9,19,63,89,155,131,170,299,2651,2762,5407,304,301,599,3086,3233,6310
LGA52800,31,59,7,13,22,51,61,119,9,14,22,0,0,6,0,4,4,9,18,29,121,127,247,2702,2710,5415,740,672,1411,3563,3509,7075
LGA52870,181,350,17,16,32,222,236,460,21,31,59,25,38,60,3,0,6,49,69,127,155,173,331,2671,2778,5441,217,169,383,3043,3120,6155
LGA52940,17,37,3,0,3,24,17,45,0,0,3,3,6,6,0,0,0,3,6,10,15,20,30,324,301,626,36,20,55,375,341,715
LGA53010,10,26,6,0,5,26,13,44,0,0,0,0,0,0,0,0,0,0,0,0,18,10,24,274,264,541,60,49,112,352,323,681
LGA53080,17,32,0,0,4,20,17,49,0,0,0,5,0,5,0,0,0,5,0,3,23,15,43,270,222,493,78,62,143,371,299,677
LGA53150,178,340,15,25,40,217,255,471,44,79,131,37,40,80,15,28,49,96,147,254,157,200,362,3365,3703,7067,195,194,386,3717,4097,7819
LGA53220,12,28,4,3,11,23,21,44,0,0,3,0,0,0,0,3,3,0,3,13,59,72,124,4435,2823,7263,1762,609,2376,6256,3504,9760
LGA53290,354,681,56,42,98,443,469,918,44,86,126,66,76,135,7,14,25,117,176,284,300,303,598,5917,5921,11844,777,668,1440,6994,6892,13883
LGA53360,36,78,3,3,3,54,48,101,0,4,9,3,9,9,3,0,3,6,13,16,43,31,71,1386,1305,2696,183,134,320,1612,1470,3085
LGA53430,750,1461,59,71,131,906,1024,1936,143,276,418,159,172,328,31,72,97,333,520,849,706,886,1598,13668,14576,28243,1135,960,2093,15509,16422,31930
LGA53570,150,369,22,19,36,270,196,462,16,20,33,27,21,47,4,6,7,47,47,88,135,127,259,2517,2345,4862,263,191,451,2915,2663,5576
LGA53640,9,24,5,0,0,25,13,34,3,3,5,0,0,3,0,0,0,3,3,8,35,30,70,558,481,1040,56,50,107,649,561,1215
LGA53710,23,48,8,6,13,34,33,68,5,6,5,8,5,15,0,0,3,13,11,24,22,23,41,410,400,813,60,52,108,492,475,955
LGA53780,1956,3754,118,160,278,2389,2778,5162,262,564,828,350,444,800,101,143,246,713,1151,1869,2830,3156,5987,56211,56436,112647,4448,3295,7744,63489,62887,126376
LGA53800,781,1511,92,94,192,1015,1125,2149,139,240,378,183,181,362,31,62,96,353,483,839,1019,1121,2136,16369,17059,33430,2119,1809,3928,19507,19989,39489
LGA53920,6,24,13,5,16,29,23,62,0,0,3,0,0,5,3,4,3,3,4,11,59,79,140,1484,1479,2966,245,227,468,1788,1785,3574
LGA53990,604,1159,38,50,91,713,763,1466,57,104,164,99,99,201,15,14,33,171,217,400,684,640,1319,12755,13020,25776,847,631,1479,14286,14291,28567
LGA54060,131,266,26,19,45,183,178,362,21,13,32,16,24,40,4,5,11,41,42,78,99,96,195,1506,1572,3080,226,183,403,1831,1851,3680
LGA54130,15,38,0,0,0,25,18,46,0,3,8,4,0,4,0,0,0,4,3,12,19,15,36,546,480,1024,55,52,106,620,547,1160
LGA54170,3186,6262,145,172,315,3729,4124,7853,413,899,1313,553,730,1276,81,115,193,1047,1744,2782,2836,3373,6213,73300,75071,148378,3061,2363,5417,79197,80807,160003
LGA54200,1463,2832,80,102,178,1684,1902,3593,189,343,538,313,343,658,42,59,100,544,745,1292,1279,1468,2752,26386,26992,53384,1435,1196,2632,29100,29656,58762
LGA54280,221,468,46,24,72,357,319,678,28,81,103,29,43,67,6,19,23,63,143,202,440,465,908,13084,12033,25122,1917,1363,3276,15441,13861,29306
LGA54310,43,78,12,3,21,74,60,135,0,5,9,0,0,4,0,0,0,0,5,12,192,142,332,9547,8536,18085,2291,1487,3778,12030,10165,22199
LGA54340,87,166,9,8,15,117,122,232,15,29,42,20,30,53,4,5,7,39,64,100,101,111,208,1750,1667,3418,231,192,430,2082,1970,4057
LGA54410,28,62,5,5,10,50,54,114,4,17,19,6,12,21,4,6,5,14,35,46,63,67,130,452,431,886,69,57,128,584,555,1138
LGA54480,4,12,0,0,0,11,4,19,0,0,0,0,0,0,0,0,0,0,0,0,4,5,10,238,194,424,33,23,59,275,222,491
LGA54550,59,109,6,9,16,70,80,150,11,10,29,6,17,25,0,0,3,17,27,54,46,44,93,844,807,1657,82,68,152,972,919,1901
LGA54620,14,41,0,3,5,24,22,51,0,4,9,5,0,9,3,3,6,8,7,18,23,17,41,381,320,704,57,49,102,461,386,847
LGA54690,7,22,0,0,0,15,7,27,0,0,5,0,0,3,0,0,0,0,0,6,10,6,18,189,149,336,13,4,14,212,159,361
LGA54760,10,33,0,3,4,27,18,43,0,3,3,6,3,4,0,0,0,6,6,11,10,18,21,341,316,658,44,39,90,395,373,769
LGA54830,456,903,25,38,66,625,689,1314,81,129,211,82,98,172,14,11,29,177,238,416,1102,1077,2175,19799,20203,40003,2585,1100,3687,23486,22380,45867
LGA54900,24,52,0,4,7,26,31,67,0,4,4,3,4,6,0,0,0,3,8,13,14,18,26,623,527,1144,48,40,83,685,585,1265
LGA54970,4,7,0,0,0,7,4,11,0,0,0,0,0,5,0,0,0,0,0,5,10,14,25,540,299,839,366,107,470,916,420,1333
LGA55040,5,13,3,0,5,6,8,26,3,0,5,0,0,0,0,0,0,3,0,3,21,9,30,593,456,1048,370,139,505,984,604,1588
LGA55110,3112,6058,229,265,496,3794,4053,7848,377,689,1063,618,690,1309,112,224,337,1107,1603,2707,2865,3092,5954,37598,41349,78949,2916,2490,5406,43379,46931,90306
LGA55180,230,492,18,20,40,339,313,647,40,70,108,56,42,95,12,5,18,108,117,221,266,322,584,3946,3863,7808,360,344,707,4572,4529,9093
LGA55250,8,21,5,0,4,19,11,31,0,0,0,0,0,0,0,0,0,0,0,0,7,14,16,529,355,889,179,114,295,715,483,1200
LGA55320,2775,5297,137,153,290,3082,3595,6676,479,1085,1561,663,851,1516,111,158,263,1253,2094,3336,2012,2853,4868,45566,49149,94713,2064,1877,3944,49642,53879,103523
LGA55390,0,6,0,0,4,9,0,11,0,0,0,0,0,0,0,0,0,0,0,0,7,4,13,260,106,358,130,19,153,397,129,524
LGA55460,50,116,17,4,16,89,73,160,5,19,18,23,17,42,3,0,5,31,36,65,74,99,177,1328,1245,2575,195,168,365,1597,1512,3119
LGA55530,15,27,7,0,8,16,15,34,0,0,0,4,0,4,0,0,0,4,0,9,7,8,12,184,151,333,38,31,65,229,190,407
LGA55600,54,112,6,9,12,77,78,149,7,14,24,8,20,24,3,5,8,18,39,57,54,55,107,962,934,1895,143,142,290,1159,1131,2292
LGA55670,11,21,3,4,10,14,20,36,0,0,3,5,0,10,3,3,8,8,3,18,23,14,33,248,242,494,65,66,136,336,322,660
LGA55740,246,475,27,22,49,283,307,594,42,49,92,32,49,81,4,29,35,78,127,211,209,194,403,3878,4375,8254,266,241,511,4353,4810,9169
LGA55810,3,12,9,0,10,22,8,23,0,0,0,0,0,3,0,0,0,0,0,9,9,9,23,171,144,314,180,135,311,360,288,653
LGA55880,8,14,0,0,0,9,8,20,0,9,13,6,4,8,0,0,0,6,13,16,8,18,31,208,178,386,25,15,44,241,211,459
LGA55950,22,35,3,3,7,20,25,46,0,0,0,3,0,6,3,0,4,6,0,11,12,10,20,263,229,489,43,31,73,318,270,579
LGA56090,964,1902,80,77,157,1187,1245,2428,116,189,305,155,184,345,42,85,124,313,458,775,848,882,1731,16597,17138,33730,2889,812,3705,20334,18832,39166
LGA56160,0,0,0,0,0,0,0,0,0,0,0,0,0,0,0,0,0,0,0,0,4,6,6,46,41,84,3,9,11,53,56,101
LGA56230,541,1121,36,47,81,732,701,1433,67,97,162,121,97,219,12,11,23,200,205,409,597,549,1153,7656,7940,15595,719,597,1315,8972,9086,18068
LGA56300,54,114,11,8,26,80,68,151,4,7,9,7,3,11,0,3,3,11,13,30,33,36,72,649,611,1264,104,103,210,786,750,1538
LGA56370,27,55,8,7,13,38,40,68,6,11,12,9,15,21,3,6,13,18,32,41,13,17,26,336,309,641,72,51,124,421,377,787
LGA56460,118,234,11,8,22,156,172,326,23,56,81,31,33,68,0,7,12,54,96,159,128,182,307,1978,2012,3993,246,232,479,2352,2426,4779
LGA56580,634,1242,35,48,78,717,787,1499,85,175,263,155,181,330,21,37,61,261,393,650,367,465,826,10185,10399,20581,368,354,728,10920,11218,22132
LGA56620,0,3,0,3,3,3,11,14,0,0,0,0,0,0,0,0,0,0,0,3,28,44,64,538,583,1124,89,74,167,655,701,1358
LGA56730,250,498,27,39,70,344,361,706,37,72,106,46,55,104,10,20,30,93,147,237,335,379,717,4510,4709,9214,897,530,1427,5742,5618,11358
LGA56790,88,207,20,14,38,157,120,282,16,23,38,18,12,35,4,7,14,38,42,86,95,92,192,1377,1229,2602,239,200,434,1711,1521,3227
LGA56860,8,3,3,0,3,8,8,14,5,0,3,0,0,0,0,0,0,5,0,4,11,7,15,98,84,185,25,23,50,134,114,255
LGA56930,52,96,3,8,9,53,64,114,9,9,13,12,17,32,4,0,4,25,26,41,20,24,45,629,860,1489,31,32,59,680,916,1597
LGA57000,7,17,7,0,4,20,7,26,0,0,3,0,6,10,4,0,4,4,6,11,3,5,7,249,177,430,134,54,188,386,236,629
LGA57080,322,717,40,27,75,485,414,901,43,74,116,64,63,124,11,14,25,118,151,268,286,329,624,13038,12008,25048,1668,1126,2799,14992,13463,28463
LGA57140,36,79,3,10,7,51,62,107,3,5,7,7,4,13,0,0,4,10,9,23,36,42,77,471,431,909,22,27,48,529,500,1037
LGA57210,114,254,15,10,25,188,156,352,23,32,54,28,34,60,6,3,11,57,69,117,172,185,354,2263,2183,4447,339,251,591,2774,2619,5388
LGA57280,25,63,7,12,20,58,57,111,6,9,14,7,6,12,3,3,4,16,18,33,153,165,322,6739,6208,12946,1337,1078,2417,8229,7451,15684
LGA57350,28,58,5,10,18,44,41,81,6,13,15,9,7,16,5,4,6,20,24,39,23,28,54,307,350,661,124,123,244,454,501,961
LGA57420,55,99,8,6,7,57,70,126,4,12,12,10,3,16,0,0,0,14,15,32,40,46,89,946,843,1784,112,94,205,1098,983,2085
LGA57490,2393,4611,196,220,418,2943,3266,6210,313,541,849,433,499,930,114,191,300,860,1231,2083,3444,3468,6912,58967,61662,120628,4674,3457,8132,67085,68587,135678
LGA57630,0,9,3,0,3,11,0,15,0,0,0,0,0,0,0,0,0,0,0,0,0,5,3,39,31,67,26,9,41,65,45,109
LGA57700,312,694,34,28,62,498,455,955,49,84,137,48,50,104,8,5,12,105,139,249,574,577,1151,14288,14874,29162,1202,656,1861,16064,16107,32173
LGA57770,14,40,12,6,11,39,20,63,0,0,0,0,3,0,0,5,5,0,8,8,21,9,33,416,412,831,87,83,166,524,504,1031
LGA57840,1008,1874,85,111,196,1124,1381,2503,168,382,554,205,267,469,66,138,205,439,787,1233,754,1068,1826,19356,19994,39352,1131,1102,2233,21241,22164,43405
LGA57910,5231,9510,303,361,666,5541,7100,12645,965,1918,2882,1105,1471,2570,170,269,437,2240,3658,5894,4776,6249,11031,99131,104898,204030,5956,5353,11311,109863,116500,226369
LGA57980,495,911,39,45,80,525,631,1153,57,135,187,81,121,205,20,30,50,158,286,439,264,376,639,7501,8257,15762,450,410,867,8215,9043,17267
LGA58050,1909,3750,141,149,290,2442,2753,5197,295,585,879,334,371,706,81,100,180,710,1056,1767,3442,3549,6998,68215,69633,137849,4332,3795,8128,75989,76977,152974
LGA58190,6,13,0,4,3,11,15,25,3,0,3,0,5,9,0,0,0,3,5,6,12,8,15,173,139,315,32,26,54,217,173,386
LGA58260,15,32,3,0,7,24,19,45,3,0,3,3,0,0,0,0,0,6,0,6,14,14,25,234,215,449,51,46,94,299,275,575
LGA58330,117,265,22,20,38,189,165,353,8,16,22,27,14,39,0,3,9,35,33,72,109,126,227,1955,1878,3837,307,230,535,2371,2234,4601
LGA58400,13,22,4,0,4,20,16,29,0,6,6,0,0,0,0,0,0,0,6,0,15,10,26,124,112,238,13,18,28,152,140,298
LGA58470,0,0,0,0,0,0,0,0,0,0,0,0,0,0,0,0,0,0,0,0,5,0,5,81,75,154,8,6,16,94,81,170
LGA58510,585,1068,60,112,170,709,918,1626,134,306,439,143,207,350,70,168,239,347,681,1022,817,931,1747,16299,16309,32607,1299,1235,2535,18415,18475,36889
LGA58540,22,38,4,0,3,28,27,50,8,0,8,0,3,0,0,0,0,8,3,12,16,17,33,354,314,667,48,53,101,418,384,802
LGA58570,398,780,47,38,84,553,642,1197,111,312,417,94,107,202,21,26,44,226,445,667,576,891,1467,16560,16534,33095,1103,873,1979,18239,18298,36537
LGA58610,47,115,4,10,14,79,70,152,7,11,22,10,15,22,0,4,8,17,30,47,43,57,105,751,705,1457,90,107,201,884,869,1761
LGA58680,21,37,6,3,11,25,24,48,0,0,0,3,3,7,0,0,0,3,3,9,3,8,18,232,195,427,53,43,91,288,246,535
LGA58760,3028,5836,173,232,409,3580,4218,7804,405,898,1304,534,548,1076,88,147,240,1027,1593,2623,4309,4905,9214,93152,97129,190286,5345,4275,9619,102806,106309,209111
LGA58820,99,214,14,18,35,153,152,305,11,25,42,25,19,39,10,18,29,46,62,106,96,141,242,1814,1818,3630,197,159,357,2107,2118,4234
LGA58890,14,40,0,3,3,26,20,46,0,4,4,8,6,11,0,0,3,8,10,24,13,10,22,352,302,649,47,48,100,412,360,773
LGA59030,8,17,0,4,4,13,12,19,0,0,0,4,3,4,0,0,3,4,3,6,6,4,8,107,110,212,16,17,28,129,131,248
LGA59100,22,41,9,7,11,32,32,57,0,3,4,6,3,7,0,4,3,6,10,18,14,17,30,294,270,564,60,42,103,368,329,690
LGA59170,30,57,4,5,9,39,39,65,0,0,0,9,6,10,0,0,0,9,6,17,23,15,33,448,428,873,55,58,110,526,501,1021
LGA59250,3,4,0,0,0,3,3,13,0,0,0,0,0,0,0,0,0,0,0,0,7,10,19,213,132,351,126,43,170,346,185,535
LGA59310,27,64,4,0,3,41,33,75,0,8,10,3,7,8,0,0,0,3,15,20,35,38,72,602,525,1126,60,41,95,697,604,1297
LGA59320,8,13,0,6,4,6,14,22,0,0,0,4,0,3,0,0,0,4,0,3,7,7,16,207,180,386,20,24,50,234,211,448
LGA59330,25,53,4,0,3,32,25,65,0,0,0,0,0,3,0,0,3,0,0,9,18,13,28,209,190,399,21,24,45,248,227,470
LGA59340,26,80,10,12,27,73,51,136,4,6,9,0,0,4,0,11,13,4,17,25,101,90,193,2906,3038,5942,695,654,1348,3702,3782,7477
LGA59350,0,5,0,0,4,6,0,7,0,0,4,0,0,0,0,0,0,0,0,4,4,3,3,120,63,182,118,34,152,242,100,340
LGA59360,13,38,5,0,3,31,19,50,4,9,5,5,3,10,0,3,7,9,15,21,18,24,38,560,362,928,158,55,210,736,441,1173
LGA59370,137,283,18,29,44,194,181,369,11,31,42,25,26,54,9,0,12,45,57,108,100,100,197,1465,1502,2966,169,126,295,1734,1728,3459
LGA59499,21,86,47,16,63,111,41,155,5,5,8,4,0,4,10,12,15,19,17,30,135,107,236,2288,2040,4327,2222,1277,3492,4645,3424,8055
LGA59799,0,0,0,0,0,0,0,0,0,0,0,0,0,0,0,0,0,0,0,0,0,0,0,260,38,297,196,25,218,456,63,514
LGA60210,227,469,38,15,50,347,304,643,37,42,81,29,32,62,8,8,18,74,82,155,338,275,619,2845,2830,5676,277,204,476,3460,3309,6770
LGA60410,258,505,30,28,58,358,396,757,32,63,91,32,40,70,5,7,12,69,110,176,729,703,1435,7901,8491,16392,577,592,1169,9207,9786,18995
LGA60610,461,917,27,32,63,590,633,1223,66,150,207,99,127,222,10,6,24,175,283,450,733,825,1559,8372,8944,17321,507,537,1041,9612,10306,19918
LGA60810,746,1393,51,56,105,845,993,1834,88,191,279,150,168,321,19,33,51,257,392,646,823,875,1699,9545,10306,19858,614,588,1204,10982,11769,22760
LGA61010,58,139,8,4,12,100,73,166,3,3,10,5,4,12,0,0,6,8,7,32,104,83,189,1122,965,2088,145,101,249,1371,1149,2520
LGA61210,175,348,18,23,44,235,239,473,21,40,64,41,43,88,7,7,20,69,90,170,224,212,434,3571,3418,6990,375,316,694,4170,3946,8117
LGA61410,1753,3199,112,111,228,1862,2301,4175,246,573,823,328,403,730,52,70,122,626,1046,1673,1760,2124,3882,26448,28098,54545,1776,1326,3103,29984,31548,61531
LGA61510,210,432,15,28,47,297,323,631,36,60,96,34,52,84,9,8,21,79,120,197,466,422,892,4661,4668,9326,374,352,727,5501,5442,10942
LGA61610,751,1471,69,64,138,934,1044,1984,111,221,330,122,192,313,35,43,79,268,456,717,1055,1171,2234,10869,11736,22607,658,652,1309,12582,13559,26150
LGA61810,203,388,14,25,43,247,281,529,33,68,105,41,50,90,8,18,23,82,136,217,253,265,514,2888,2934,5815,242,254,499,3383,3453,6829
LGA62010,37,82,0,0,6,52,44,107,5,6,16,4,5,6,0,0,0,9,11,20,28,34,67,407,380,788,31,37,67,466,451,922
LGA62210,197,396,18,6,22,266,265,535,29,48,74,44,38,74,5,9,10,78,95,163,353,321,674,2952,2968,5926,243,189,436,3548,3478,7033
LGA62410,181,395,20,17,38,277,238,513,32,24,57,39,37,70,3,8,11,74,69,134,190,174,366,2199,2093,4292,186,167,354,2575,2434,5012
LGA62610,1190,2083,88,102,186,1244,1720,2965,206,397,604,236,298,537,37,59,93,479,754,1238,1779,2022,3800,21869,22305,44170,1212,1220,2439,24860,25547,50411
LGA62810,1235,2329,70,75,142,1385,1636,3018,203,477,684,234,329,564,24,59,77,461,865,1331,1049,1497,2548,24493,25593,50086,1253,1183,2439,26795,28273,55077
LGA63010,399,854,43,47,90,586,554,1140,48,96,138,66,68,129,28,36,68,142,200,333,591,621,1209,7884,7938,15824,629,609,1231,9104,9168,18259
LGA63210,153,313,15,21,38,219,202,425,16,25,44,27,25,50,5,4,10,48,54,105,252,204,455,2857,2774,5632,279,238,521,3388,3216,6603
LGA63410,46,96,4,0,12,61,55,122,10,11,16,8,11,20,0,0,0,18,22,33,36,28,63,733,654,1386,79,83,160,848,765,1617
LGA63610,1008,1977,50,69,122,1216,1333,2553,117,243,369,185,220,405,13,25,38,315,488,810,973,1095,2071,17765,18867,36633,673,707,1380,19411,20669,40082
LGA63810,403,780,25,26,48,503,556,1063,57,115,171,75,79,148,15,7,22,147,201,339,457,507,962,5236,5569,10805,350,304,657,6043,6380,12420
LGA64010,1704,3220,96,116,215,1987,2360,4348,270,619,891,330,452,781,46,77,122,646,1148,1793,2339,2691,5028,29922,31447,61373,1922,1732,3654,34183,35870,70055
LGA64210,648,1233,42,45,83,750,844,1590,81,166,244,113,131,244,0,18,20,194,315,503,676,739,1414,8982,9345,18332,472,492,960,10130,10576,20709
LGA64610,417,778,20,27,49,471,526,994,50,74,121,87,76,166,13,10,21,150,160,311,457,434,894,5966,6148,12115,385,356,739,6808,6938,13745
LGA64810,352,688,26,17,46,446,488,936,57,98,158,74,57,133,3,11,8,134,166,300,534,578,1116,7202,7421,14628,493,501,992,8229,8500,16734
LGA65010,109,269,15,15,26,210,163,367,7,31,36,18,22,41,5,4,7,30,57,86,248,255,503,2905,2729,5631,283,246,528,3436,3230,6662
LGA65210,77,174,19,17,28,134,110,240,3,3,8,22,20,48,3,3,6,28,26,58,115,93,210,1110,1032,2141,129,114,242,1354,1239,2593
LGA65410,457,862,30,34,70,556,626,1179,55,92,152,70,106,176,12,19,33,137,217,364,611,607,1214,5903,6332,12233,443,407,852,6957,7346,14300
LGA65610,82,173,13,11,19,125,124,254,11,10,16,10,17,27,8,15,17,29,42,59,201,192,394,1777,1670,3447,233,193,425,2211,2055,4263
LGA65810,734,1439,48,66,119,873,973,1852,98,142,238,120,155,275,27,38,65,245,335,575,722,783,1507,11049,11409,22458,588,589,1178,12359,12781,25145
LGA69499,10,21,4,7,9,12,17,31,0,0,0,0,0,3,0,0,0,0,0,3,43,35,82,502,455,960,213,131,339,758,621,1377
LGA69799,0,0,0,0,0,0,0,0,0,0,0,0,0,0,0,0,0,0,0,0,0,0,0,9,0,11,3,0,3,12,0,19
LGA70200,217,408,23,32,57,274,333,604,28,72,99,19,39,58,5,12,19,52,123,176,483,516,999,11188,11834,23022,929,969,1896,12600,13319,25912
LGA70420,23,66,6,0,9,55,40,100,0,7,8,3,6,5,0,0,0,3,13,10,91,118,204,2672,2680,5353,417,337,756,3180,3135,6316
LGA70540,0,0,0,0,0,0,0,0,0,0,0,0,0,0,0,0,0,0,0,0,10,3,13,68,69,142,0,0,0,78,72,149
LGA70620,22,34,5,3,8,19,33,53,0,10,9,4,0,9,0,0,0,4,10,18,42,56,90,1537,1591,3124,227,145,371,1806,1792,3591
LGA70700,15,51,18,3,22,60,18,79,0,0,6,0,0,0,0,0,0,0,0,6,32,27,56,466,461,928,164,130,295,662,618,1276
LGA71000,817,1675,100,106,199,1215,1239,2449,113,186,303,118,75,195,29,48,84,260,309,578,1500,1430,2933,35057,35635,70694,3655,3251,6910,40212,40316,80530
LGA71150,0,3,0,0,0,0,0,3,0,0,0,0,0,0,0,0,0,0,0,0,0,0,0,153,114,271,10,3,17,163,117,293
LGA71300,14,35,0,0,0,24,36,71,4,0,6,4,0,5,0,0,0,8,0,12,176,203,381,3828,3912,7740,354,310,662,4358,4425,8778
LGA72200,56,136,23,13,31,135,94,223,9,17,27,4,9,8,3,0,4,16,26,46,165,157,325,3966,3822,7790,848,687,1528,4979,4666,9643
LGA72300,173,425,37,24,61,347,257,599,22,36,60,20,16,37,0,3,3,42,55,97,377,335,713,9159,8355,17511,2163,1018,3186,11699,9708,21411
LGA72330,16,31,0,0,4,19,34,60,0,4,7,0,4,7,0,0,0,0,8,14,72,131,206,2156,2243,4399,842,302,1149,3070,2676,5748
LGA72800,178,354,27,23,54,263,284,559,33,69,105,23,20,38,6,8,16,62,97,159,787,703,1487,15797,16431,32226,1854,1676,3530,18438,18810,37247
LGA73600,22,46,5,0,10,46,35,83,0,3,3,3,3,6,0,0,0,3,6,12,102,99,195,2724,2791,5512,467,320,780,3293,3210,6486
LGA74050,4,7,0,0,6,3,4,19,0,0,0,0,0,0,0,0,0,0,0,0,34,46,83,1042,1048,2093,75,95,171,1151,1189,2348
LGA74550,3,23,4,0,3,28,19,50,6,0,0,4,0,3,0,0,0,10,0,13,38,48,86,1215,1172,2386,185,153,339,1438,1373,2815
LGA74560,3,8,3,3,7,17,6,25,0,0,0,0,0,0,0,0,0,0,0,0,14,4,25,182,174,356,24,15,39,220,193,423
LGA74660,5,23,0,0,3,26,13,41,0,4,4,3,0,3,0,0,0,3,4,4,84,90,170,2845,2755,5598,269,238,505,3198,3083,6281
LGA74680,3,6,0,0,0,8,12,17,0,5,4,0,0,0,0,0,0,0,5,7,37,56,93,1327,1289,2614,124,136,261,1488,1481,2973
LGA79399,23,49,17,5,20,62,31,85,3,0,8,0,0,0,0,0,0,3,0,12,91,43,136,2703,2539,5242,800,630,1424,3594,3212,6802
LGA79499,10,27,10,5,17,31,15,49,0,0,0,4,0,3,0,0,0,4,0,7,56,42,99,1037,1010,2046,731,622,1355,1824,1674,3500
LGA79799,0,0,0,0,0,0,0,0,0,0,0,0,0,0,0,0,0,0,0,0,0,0,6,64,10,70,23,0,24,87,10,99
LGA89399,7739,14629,449,468,918,8786,10551,19340,1196,2318,3511,1475,1698,3173,192,297,493,2863,4313,7180,9243,11508,20749,204677,209178,413859,10098,9178,19280,224018,229864,453890
LGA89499,4,5,0,0,0,4,4,10,0,0,0,0,0,0,0,0,0,0,0,4,19,7,26,224,225,450,94,35,127,337,267,605
LGA89799,0,0,0,0,0,0,0,0,0,0,0,0,0,0,0,0,0,0,0,0,0,0,0,0,0,0,0,0,0,0,0,0
LGA99399,75,134,10,16,34,80,109,192,14,12,23,14,10,22,0,0,3,28,22,54,61,57,118,959,1071,2031,189,168,352,1209,1296,2494
LGA99499,0,0,0,0,0,0,0,0,0,0,0,0,0,0,0,0,0,0,0,0,0,0,0,3,4,9,3,0,3,6,4,11
LGA99799,0,0,0,0,0,0,0,0,0,0,0,0,0,0,0,0,0,0,0,0,0,0,0,0,0,0,0,0,0,0,0,0
