SA4_CODE_2021,CFNC_FI_H_MI_C11_Fam,CFNC_FI_H_MI_C11_Per,CFNC_FI_H_MI_C16_Fam,CFNC_FI_H_MI_C16_Per,CFNC_FI_H_MI_C21_Fam,CFNC_FI_H_MI_C21_Per,CFNC_FI_S_MI_C11_Fam,CFNC_FI_S_MI_C11_Per,CFNC_FI_S_MI_C16_Fam,CFNC_FI_S_MI_C16_Per,CFNC_FI_S_MI_C21_Fam,CFNC_FI_S_MI_C21_Per,CFNC_FI_L_MI_C11_Fam,CFNC_FI_L_MI_C11_Per,CFNC_FI_L_MI_C16_Fam,CFNC_FI_L_MI_C16_Per,CFNC_FI_L_MI_C21_Fam,CFNC_FI_L_MI_C21_Per,CF_CU15_DS_FI_H_MI_C11_Fam,CF_CU15_DS_FI_H_MI_C11_Per,CF_CU15_DS_FI_H_MI_C16_Fam,CF_CU15_DS_FI_H_MI_C16_Per,CF_CU15_DS_FI_H_MI_C21_Fam,CF_CU15_DS_FI_H_MI_C21_Per,CF_CU15_DS_FI_S_MI_C11_Fam,CF_CU15_DS_FI_S_MI_C11_Per,CF_CU15_DS_FI_S_MI_C16_Fam,CF_CU15_DS_FI_S_MI_C16_Per,CF_CU15_DS_FI_S_MI_C21_Fam,CF_CU15_DS_FI_S_MI_C21_Per,CF_CU15_DS_FI_L_MI_C11_Fam,CF_CU15_DS_FI_L_MI_C11_Per,CF_CU15_DS_FI_L_MI_C16_Fam,CF_CU15_DS_FI_L_MI_C16_Per,CF_CU15_DS_FI_L_MI_C21_Fam,CF_CU15_DS_FI_L_MI_C21_Per,CF_CU15noDS_FI_H_MI_C11_Fam,CF_CU15noDS_FI_H_MI_C11_Per,CF_CU15noDS_FI_H_MI_C16_Fam,CF_CU15noDS_FI_H_MI_C16_Per,CF_CU15noDS_FI_H_MI_C21_Fam,CF_CU15noDS_FI_H_MI_C21_Per,CF_CU15noDS_FI_S_MI_C11_Fam,CF_CU15noDS_FI_S_MI_C11_Per,CF_CU15noDS_FI_S_MI_C16_Fam,CF_CU15noDS_FI_S_MI_C16_Per,CF_CU15noDS_FI_S_MI_C21_Fam,CF_CU15noDS_FI_S_MI_C21_Per,CF_CU15noDS_FI_L_MI_C11_Fam,CF_CU15noDS_FI_L_MI_C11_Per,CF_CU15noDS_FI_L_MI_C16_Fam,CF_CU15noDS_FI_L_MI_C16_Per,CF_CU15noDS_FI_L_MI_C21_Fam,CF_CU15noDS_FI_L_MI_C21_Per,CFNCU15_DS_FI_H_MI_C11_Fam,CFNCU15_DS_FI_H_MI_C11_Per,CFNCU15_DS_FI_H_MI_C16_Fam,CFNCU15_DS_FI_H_MI_C16_Per,CFNCU15_DS_FI_H_MI_C21_Fam,CFNCU15_DS_FI_H_MI_C21_Per,CFNCU15_DS_FI_S_MI_C11_Fam,CFNCU15_DS_FI_S_MI_C11_Per,CFNCU15_DS_FI_S_MI_C16_Fam,CFNCU15_DS_FI_S_MI_C16_Per,CFNCU15_DS_FI_S_MI_C21_Fam,CFNCU15_DS_FI_S_MI_C21_Per,CFNCU15_DS_FI_L_MI_C11_Fam,CFNCU15_DS_FI_L_MI_C11_Per,CFNCU15_DS_FI_L_MI_C16_Fam,CFNCU15_DS_FI_L_MI_C16_Per,CFNCU15_DS_FI_L_MI_C21_Fam,CFNCU15_DS_FI_L_MI_C21_Per,CF_nonDC_FI_H_MI_C11_Fam,CF_nonDC_FI_H_MI_C11_Per,CF_nonDC_FI_H_MI_C16_Fam,CF_nonDC_FI_H_MI_C16_Per,CF_nonDC_FI_H_MI_C21_Fam,CF_nonDC_FI_H_MI_C21_Per,CF_nonDC_FI_S_MI_C11_Fam,CF_nonDC_FI_S_MI_C11_Per,CF_nonDC_FI_S_MI_C16_Fam,CF_nonDC_FI_S_MI_C16_Per,CF_nonDC_FI_S_MI_C21_Fam,CF_nonDC_FI_S_MI_C21_Per,CF_nonDC_FI_L_MI_C11_Fam,CF_nonDC_FI_L_MI_C11_Per,CF_nonDC_FI_L_MI_C16_Fam,CF_nonDC_FI_L_MI_C16_Per,CF_nonDC_FI_L_MI_C21_Fam,CF_nonDC_FI_L_MI_C21_Per,Tot_CF_FI_H_MI_C11_Fam,Tot_CF_FI_H_MI_C11_Per,Tot_CF_FI_H_MI_C16_Fam,Tot_CF_FI_H_MI_C16_Per,Tot_CF_FI_H_MI_C21_Fam,Tot_CF_FI_H_MI_C21_Per,Tot_CF_FI_S_MI_C11_Fam,Tot_CF_FI_S_MI_C11_Per,Tot_CF_FI_S_MI_C16_Fam,Tot_CF_FI_S_MI_C16_Per,Tot_CF_FI_S_MI_C21_Fam,Tot_CF_FI_S_MI_C21_Per,Tot_CF_FI_L_MI_C11_Fam,Tot_CF_FI_L_MI_C11_Per,Tot_CF_FI_L_MI_C16_Fam,Tot_CF_FI_L_MI_C16_Per,Tot_CF_FI_L_MI_C21_Fam,Tot_CF_FI_L_MI_C21_Per,Tot_CF_Tot_C11_Fam,Tot_CF_Tot_C11_Per,Tot_CF_Tot_C16_Fam,Tot_CF_Tot_C16_Per,Tot_CF_Tot_C21_Fam,Tot_CF_Tot_C21_Per
101,3887,17.3,4606,19.5,5990,21.6,9495,42.3,9184,38.9,9914,35.8,9070,40.4,9803,41.6,11822,42.6,458,17.3,473,19.1,572,21.8,592,22.6,466,18.9,532,20.2,1579,60.1,1532,62,1523,58,1944,16.4,2158,18.4,2593,19.2,2181,18.4,1996,17.1,2320,17.2,7712,65.1,7541,64.5,8590,63.6,494,20,553,22,636,24.2,620,24.9,518,20.7,564,21.4,1368,55.1,1436,57.3,1439,54.4,623,18,797,20.4,1010,22.6,1218,35.1,1290,33,1247,27.9,1621,46.9,1826,46.6,2224,49.6,7408,17.3,8584,19.4,10806,21.2,14103,32.9,13461,30.5,14577,28.6,21351,49.8,22141,50.1,25592,50.2,42862,100,44187,100,50974,100
102,4288,14.7,5135,17,7000,20,13210,45.4,12200,40.3,12561,35.9,11571,39.8,12937,42.7,15405,44.1,579,14.8,635,16.8,789,19.3,663,17,504,13.3,566,13.7,2655,68.2,2644,69.9,2751,67,2456,13.8,2873,15.5,3504,17.5,2524,14.1,2230,12.1,2590,12.9,12879,72.1,13387,72.4,13963,69.6,686,16.1,849,19.3,956,21,838,19.8,720,16.3,759,16.6,2718,64.1,2837,64.4,2833,62.4,958,15.6,1211,17.4,1470,19.8,1939,31.6,1956,28.2,1979,26.7,3247,52.8,3768,54.3,3974,53.5,8959,14.6,10696,16.8,13719,19.3,19173,31.3,17601,27.6,18444,25.9,33067,54,35569,55.7,38927,54.8,61204,100,63872,100,71090,100
103,2943,15.4,3394,17.5,4322,19.9,8571,44.7,8079,41.8,8250,37.9,7659,39.9,7882,40.7,9184,42.2,371,15.2,432,18.4,513,20.7,533,21.5,457,19.5,429,17.2,1562,63.3,1459,62.2,1543,62.1,1568,13.7,1797,15.7,1965,16.4,1894,16.5,1690,14.7,1745,14.6,8017,69.8,7976,69.6,8255,69,380,18,433,20.8,461,22,505,24.1,422,20.3,420,19.9,1219,57.9,1228,58.9,1222,58.1,532,16.9,591,17.3,701,19.6,1104,35.1,1133,33.1,1077,30.1,1508,48,1695,49.6,1804,50.3,5797,15.1,6642,17.2,7967,19,12609,32.9,11777,30.5,11921,28.4,19965,52,20235,52.3,22016,52.5,38375,100,38659,100,41903,100
104,2376,16.5,2816,19,3541,21,7007,48.6,6541,44.1,6842,40.5,5034,34.9,5484,37,6493,38.5,314,20.9,360,25.2,350,24.1,346,22.9,272,19,294,20.2,843,56.3,795,55.7,810,55.7,1319,19.7,1261,19.3,1549,21.4,1338,20,1068,16.5,1190,16.4,4021,60.2,4172,64.2,4496,62.2,346,23.7,345,25.8,355,27.2,364,24.8,269,19.9,264,20.1,752,51.5,727,54.3,696,52.7,372,18,490,20.7,588,23,815,39.4,824,35.1,886,34.4,883,42.6,1041,44.2,1091,42.6,4723,18.1,5268,19.9,6387,21.7,9865,37.8,8978,33.9,9474,32.2,11537,44.2,12226,46.2,13588,46.1,26129,100,26471,100,29443,100
105,1757,16.9,1942,18.9,2280,21.3,4887,46.9,4485,43.7,4277,40,3766,36.2,3834,37.4,4128,38.6,238,19.9,231,21.4,274,24.7,297,24.9,245,22.2,225,20,656,55.2,619,56.5,616,55.3,1148,18.8,1109,19.8,1219,20.8,1208,19.7,1011,18,1014,17.3,3777,61.5,3484,62.2,3645,62,186,18.9,237,24.7,229,25.2,300,30.7,228,24.1,224,24.2,495,50.5,485,51.2,460,50.6,284,16.3,343,19.6,379,21.9,711,40.9,647,37.1,602,34.7,741,42.8,759,43.4,753,43.4,3615,17.7,3864,19.6,4386,21.6,7404,36.2,6609,33.6,6340,31.2,9441,46.1,9190,46.7,9599,47.2,20463,100,19661,100,20327,100
106,2878,12.1,3832,15.3,5418,17.8,9803,41.2,9634,38.4,10765,35.3,11114,46.7,11614,46.3,14299,46.9,358,12,446,13.8,538,15.9,446,15,409,12.8,471,14,2188,73,2355,73.4,2374,70.1,1546,10.1,1990,12.9,2532,14.4,1840,12,1668,10.8,2088,11.9,11987,78,11791,76.3,12944,73.7,411,13.8,527,16.7,593,18.1,546,18.2,483,15.4,462,14,2038,68,2140,67.9,2226,67.9,649,13,799,15,1056,17.2,1406,28.4,1535,28.9,1540,25.2,2905,58.6,2984,56.1,3518,57.5,5846,11.7,7584,14.5,10140,16.7,14043,28,13730,26.3,15336,25.2,30227,60.3,30876,59.2,35362,58.1,50117,100,52187,100,60833,100
107,3357,13.4,4339,16.7,5993,19.2,11255,45,10289,39.6,10811,34.6,10380,41.5,11366,43.7,14452,46.2,488,13.4,556,15.7,678,17.5,548,15,481,13.5,550,14.3,2596,71.6,2519,70.8,2632,68.2,1917,11.5,2397,13.8,2970,15.6,2249,13.5,2086,12,2419,12.7,12509,75,12863,74.2,13682,71.7,638,14.9,859,18.7,883,19.2,773,18.1,613,13.3,755,16.2,2869,67.1,3122,68,2985,64.6,880,13.8,1106,16.1,1361,18.3,2133,33.6,2089,30.4,1894,25.5,3331,52.5,3671,53.5,4180,56.2,7269,13,9252,15.9,11890,17.9,16956,30.3,15555,26.7,16427,24.8,31684,56.7,33540,57.5,37931,57.3,55912,100,58345,100,66249,100
108,3719,15,4262,16.7,5839,19.9,12899,52.2,12417,48.5,12852,43.8,8105,32.8,8901,34.8,10618,36.2,452,21.5,502,23.1,542,25.2,484,23.1,433,20.1,422,19.4,1172,55.5,1222,56.8,1195,55.4,1867,20.1,1843,20.4,2197,22,1854,20,1526,16.8,1658,16.6,5570,59.9,5685,62.8,6138,61.5,467,22.6,477,24.8,574,28.4,539,26.2,423,22.2,467,23,1058,51.2,1020,53,981,48.6,515,16.7,755,21.5,932,22.6,1333,43.4,1353,38.3,1531,37.2,1224,39.9,1424,40.2,1657,40.2,7017,17,7845,18.6,10083,21.2,17110,41.5,16147,38.2,16918,35.5,17124,41.5,18247,43.2,20590,43.3,41258,100,42236,100,47597,100
109,1747,14.8,2080,17.5,2596,19,5394,45.8,4978,41.8,5508,40.2,4635,39.4,4851,40.7,5592,40.8,223,15.8,226,17.7,258,18.9,311,21.9,255,20,273,20.1,881,62.3,792,62.3,838,61,924,15.1,957,15.5,1120,16.9,1095,17.9,1005,16.3,1113,16.7,4089,66.9,4220,68.3,4409,66.4,256,20.5,240,18.9,265,21.1,332,26.6,291,23.2,292,23.3,662,53,734,57.9,695,55.5,262,16.3,324,19,419,20.8,605,37.3,593,35,624,31.1,748,46.4,781,46,960,48.1,3412,15.4,3820,17.1,4660,18.7,7732,34.9,7125,31.9,7810,31.3,11013,49.7,11368,50.9,12499,50.1,22154,100,22318,100,24969,100
110,2811,15.9,3061,17.4,3887,20.3,8252,46.7,7648,43.4,7789,40.6,6599,37.4,6909,39.2,7517,39.2,399,19.8,379,19.7,463,23.2,461,22.8,404,20.9,441,22.1,1154,57.5,1138,59.4,1081,54.6,1660,17,1666,17.7,1885,19.6,1963,20.1,1646,17.4,1597,16.7,6131,62.9,6129,64.9,6105,63.7,374,20.9,352,21.5,420,25,479,26.6,391,24,387,23,944,52.5,900,54.5,871,52.1,466,16.5,532,18.7,586,20.6,1124,39.9,1060,37.2,943,33.1,1230,43.6,1254,44.1,1318,46.3,5712,16.8,5992,17.9,7238,20.5,12280,36.1,11145,33.3,11156,31.6,16060,47.2,16323,48.8,16894,47.9,34047,100,33460,100,35289,100
111,4873,14.7,6266,18.4,8289,20.8,14001,42.2,12758,37.4,13356,33.6,14269,43,15085,44.2,18123,45.6,531,14,652,16.4,762,17.6,572,15,538,13.6,682,15.8,2691,70.9,2774,70,2882,66.7,2476,12.6,3267,15.9,3846,16.7,2818,14.3,2469,12,3133,13.6,14341,73,14850,72.1,16093,69.8,720,15.2,949,19.8,1000,19.2,901,19,753,15.6,842,16.1,3113,65.8,3109,64.6,3373,64.6,1051,15.2,1367,18.6,1521,19.6,2229,32.2,2040,27.9,1944,25,3644,52.6,3921,53.5,4296,55.4,9659,14.2,12496,17.7,15414,19.2,20517,30.1,18566,26.2,19952,24.9,38060,55.8,39742,56.1,44769,55.9,68231,100,70803,100,80137,100
112,3939,16.6,4632,19.1,5852,21.3,11159,47.1,10355,42.7,10828,39.3,8567,36.2,9281,38.2,10856,39.4,555,21.2,535,22,553,22.3,596,23,488,20,497,20.2,1457,55.8,1415,58,1420,57.5,2092,17.8,2199,18.7,2606,19.9,2156,18.3,1847,15.7,2027,15.4,7517,63.9,7717,65.6,8492,64.7,569,22.4,608,23.9,671,26.2,667,26,542,21.3,544,21.3,1319,51.6,1401,54.8,1339,52.5,656,18.5,837,20.8,1109,23.8,1374,38.9,1403,34.8,1514,32.4,1509,42.7,1786,44.4,2045,43.8,7807,17.7,8815,19.6,10793,21.4,15949,36.1,14632,32.5,15406,30.6,20367,46.2,21601,47.9,24153,48,44124,100,45048,100,50350,100
113,2027,14.1,2313,16,3021,18.8,6515,45.5,6067,42,6135,38.1,5769,40.3,6046,41.9,6935,43.1,338,17,371,19.6,395,19.7,448,22.9,367,19.4,439,21.7,1187,60,1159,61,1183,58.6,1262,14,1382,15.8,1651,17.5,1589,17.7,1488,16.9,1556,16.5,6156,68.4,5905,67.3,6211,65.9,297,17.7,316,19.4,341,20.3,426,25.2,358,22.4,390,23.3,960,57.1,937,58.2,949,56.4,365,15,428,16.3,573,20,949,38.8,913,35,855,29.7,1130,46.2,1275,48.8,1445,50.3,4281,14.6,4813,16.4,5986,18.7,9926,33.8,9197,31.4,9373,29.2,15200,51.7,15327,52.2,16722,52.1,29410,100,29332,100,32075,100
114,2073,13.1,2666,15.4,3914,19,7733,48.7,7634,44.2,8150,39.6,6087,38.3,6980,40.4,8503,41.4,263,16.7,262,18,317,19.4,290,18.5,250,17.2,302,18.5,1011,64.9,941,64.7,1024,62.1,968,14.1,1145,16,1411,17.2,1169,17,1063,14.8,1213,14.8,4748,68.9,4963,69.2,5608,68.1,304,18.9,271,18.6,375,22.9,363,22.5,288,19.5,319,19.5,943,58.6,902,61.9,947,57.6,359,16.1,480,18.3,636,21.4,822,36.5,882,33.7,920,31.1,1068,47.4,1262,48,1408,47.5,3970,14.1,4828,16.1,6653,19,10370,36.8,10112,33.7,10910,31.1,13854,49.1,15046,50.2,17483,49.9,28202,100,29990,100,35044,100
115,2654,16.5,3165,18.3,4491,20.3,5879,36.6,5916,34.2,7378,33.3,7547,46.9,8204,47.5,10284,46.4,447,10.8,594,13.5,775,15.2,766,18.6,654,14.9,881,17.3,2904,70.6,3134,71.6,3443,67.5,1823,11.6,2471,14.4,3312,15.6,2503,15.9,2329,13.5,3428,16.1,11415,72.5,12369,72.1,14518,68.3,833,14.5,1020,16.8,1365,19,1256,21.7,1034,17,1259,17.5,3688,63.9,4030,66.2,4570,63.5,996,16.5,1331,19.1,1573,19.9,1709,28.3,1743,25.1,1990,25.1,3346,55.3,3867,55.7,4337,54.9,6756,14.1,8572,16.5,11512,18.1,12112,25.4,11670,22.5,14934,23.5,28893,60.5,31604,61,37152,58.4,47763,100,51845,100,63598,100
116,3359,17.7,3997,19.7,5315,21,7343,38.8,7132,35.1,8481,33.5,8231,43.5,9196,45.2,11496,45.5,858,17.3,1039,18.8,1296,19.5,1000,20.1,850,15.4,951,14.3,3107,62.6,3630,65.8,4411,66.2,3565,15.5,4295,16.3,5458,16.3,3683,16,3452,13.1,4731,14.2,15773,68.5,18545,70.5,23226,69.5,1067,20.7,1424,22.8,1645,22.8,1153,22.3,1130,18.1,1245,17.3,2945,57,3701,59.1,4319,59.9,1317,18.1,1779,20.9,2133,22.3,2452,33.6,2532,29.8,2647,27.7,3540,48.4,4186,49.3,4784,50,10168,17.1,12544,18.7,15840,19.3,15636,26.3,15101,22.6,18052,22,33596,56.6,39267,58.7,48223,58.7,59407,100,66910,100,82122,100
117,5071,21.4,6793,23.7,8867,25.1,8148,34.3,8116,28.3,9410,26.6,10513,44.3,13728,47.9,17033,48.2,208,18.5,275,21.2,324,20.8,262,23.4,228,17.6,313,20.1,652,58.1,798,61.2,924,59.1,1799,16.8,2453,19.3,2995,20.2,2088,19.5,2086,16.4,2654,17.9,6845,63.8,8158,64.3,9178,61.9,356,19.5,501,23.8,650,25,470,25.8,451,21.6,550,21.1,1000,54.7,1140,54.6,1401,53.9,471,17.1,506,18.2,671,22.6,1264,46,1072,38.4,1007,33.9,1015,36.9,1206,43.3,1287,43.4,7902,19.7,10525,22.2,13510,23.6,12228,30.5,11946,25.2,13931,24.3,20030,49.9,25032,52.7,29820,52.1,40162,100,47507,100,57255,100
118,4209,19.8,4797,21.5,5704,22.4,7736,36.4,6822,30.6,7292,28.7,9281,43.7,10716,48,12441,48.9,249,12.1,307,13,441,15.5,492,23.7,512,21.7,663,23.3,1318,64.2,1538,65.3,1745,61.2,1702,12,2303,14.9,2688,16.7,3134,22.1,2865,18.5,3382,21.1,9337,65.9,10314,66.6,9970,62.2,533,16.4,641,17.8,789,18.8,869,26.6,779,21.7,964,23,1858,57,2174,60.5,2446,58.2,577,17,680,19.2,671,19.2,1232,36.2,1101,30.9,1049,30.1,1586,46.7,1766,49.9,1770,50.7,7274,16.5,8728,18.4,10290,19.8,13448,30.5,12079,25.5,13354,25.7,23381,53,26520,56,28376,54.5,44110,100,47326,100,52016,100
119,6306,16.5,7693,18.9,9565,20.8,16900,44.2,15660,38.6,16895,36.8,15019,39.3,17253,42.5,19434,42.3,1215,16.1,1419,18,1634,19.5,1685,22.3,1349,17.1,1357,16.2,4641,61.5,5121,64.9,5389,64.3,5612,16.2,6403,17.2,6711,17.6,6008,17.3,5047,13.6,5576,14.6,23037,66.5,25781,69.3,25779,67.7,1684,18.6,2132,21.1,2464,22.6,2375,26.2,2069,20.4,2128,19.5,5000,55.2,5923,58.5,6309,57.9,2076,15.3,2561,18,3279,20.8,5828,42.9,5333,37.5,5506,34.9,5674,41.8,6324,44.5,6978,44.3,16894,16.4,20199,18.4,23658,19.9,32799,31.8,29458,26.8,31458,26.4,53378,51.8,60399,54.9,63900,53.7,103071,100,110063,100,119015,100
120,4618,20.1,5612,22.3,7319,24.4,8743,38,8001,31.8,8954,29.9,9631,41.9,11507,45.8,13686,45.7,399,15.2,454,16.6,603,19.1,586,22.3,514,18.8,646,20.4,1647,62.5,1775,64.6,1915,60.5,2432,14.2,3307,17.3,3787,19,3412,19.9,3112,16.2,3537,17.8,11296,65.9,12750,66.5,12601,63.2,840,19.9,1049,22.2,1170,22.2,994,23.6,986,21,1113,21.1,2381,56.5,2681,56.9,2985,56.7,827,16.5,1031,19.3,1207,21.8,2066,41.2,1878,35,1718,31,2121,42.3,2446,45.7,2614,47.2,9111,17.5,11456,20.1,14085,22.1,15814,30.4,14490,25.4,15968,25,27079,52.1,31166,54.6,33803,52.9,52005,100,57117,100,63860,100
121,6210,18.1,7604,20.9,9196,22.1,11601,33.7,10475,28.8,12180,29.2,16580,48.2,18327,50.3,20296,48.7,506,10.1,670,12.6,963,15.1,1069,21.5,912,17.2,1342,21.2,3406,68.4,3716,70.2,4043,63.7,2834,10.7,4377,14.6,5365,16.7,5140,19.4,4990,16.6,6130,19.1,18462,69.8,20669,68.8,20628,64.2,1080,13.7,1546,17.4,1851,18.4,1862,23.6,1666,18.8,2012,20,4941,62.6,5671,63.9,6174,61.5,1006,15.7,1337,19.7,1568,21.4,1990,31.1,1842,27.1,1902,25.9,3397,53.2,3618,53.2,3867,52.7,11633,14.5,15534,17.8,18936,19.4,21659,27,19881,22.7,23564,24.2,46776,58.4,52000,59.5,55011,56.4,80067,100,87419,100,97517,100
122,3980,18.5,4414,20.2,5325,20.9,7641,35.4,6721,30.7,7602,29.8,9952,46.1,10766,49.2,12594,49.3,334,11,510,14.7,605,14.8,565,18.5,507,14.7,782,18.9,2151,70.5,2432,70.5,2727,66.3,2071,11.5,2653,14,3151,16.3,3031,16.9,2804,14.8,3300,17.1,12816,71.5,13484,71.2,12906,66.7,595,14.5,760,16,1098,18.4,859,20.9,833,17.6,1086,18.1,2655,64.6,3157,66.5,3798,63.5,766,16.6,987,19.4,1086,20,1405,30.5,1243,24.5,1335,24.7,2437,52.9,2846,56.1,3005,55.4,7744,15.1,9323,17.2,11264,18.7,13507,26.3,12105,22.4,14104,23.4,30007,58.5,32683,60.4,35029,58,51260,100,54110,100,60399,100
123,2782,16.5,3564,18.8,4571,20.4,6163,36.5,6205,32.8,7161,31.9,7948,47,9144,48.3,10719,47.8,546,15.1,662,16.6,927,19.8,620,17.1,605,15.2,738,15.8,2456,67.8,2711,68.2,3011,64.4,2236,14,2860,15.6,3585,16.3,2377,14.9,2273,12.4,2834,12.9,11355,71.1,13187,72,15601,70.8,670,17.1,804,19.1,1004,21.8,759,19.3,686,16.3,769,16.8,2501,63.6,2720,64.6,2830,61.4,980,15.3,1291,18.4,1562,20.4,1789,27.9,1788,25.5,1918,25,3640,56.8,3925,56,4192,54.6,7215,15.4,9186,17.5,11649,19,11710,25,11557,22,13424,21.9,27901,59.6,31691,60.4,36352,59.2,46831,100,52430,100,61425,100
124,3843,17.1,4749,19.4,6104,21.3,7992,35.5,7689,31.5,8660,30.2,10673,47.4,11988,49.1,13889,48.5,572,13.6,666,16.4,780,17.2,657,15.6,562,13.7,703,15.5,2979,70.8,2838,69.8,3051,67.3,2666,14.1,2995,15.2,3594,16.2,2626,13.9,2363,12,2895,13,13588,72,14363,72.8,15703,70.8,756,17,908,19.6,1010,20.9,902,20.3,708,15.3,787,16.3,2793,62.7,3002,65.1,3027,62.8,1196,16.6,1439,18.6,1609,20.5,1977,27.5,1906,24.7,1813,23.1,4021,55.9,4377,56.7,4420,56.4,9040,15.8,10753,17.8,13100,19.2,14156,24.7,13217,21.8,14858,21.8,34048,59.5,36576,60.4,40087,58.9,57249,100,60551,100,68046,100
125,4910,17.1,5895,19.4,7922,21.8,11118,38.8,10414,34.2,12066,33.2,12647,44.1,14095,46.4,16309,44.9,901,16.4,1068,18.4,1217,18.4,1294,23.6,1046,18,1112,16.8,3295,59.9,3699,63.6,4289,64.8,4296,15.6,5400,16.3,5749,16.1,4825,17.6,4446,13.4,5099,14.3,18337,66.8,23324,70.3,24870,69.6,1223,18.3,1586,21.4,1806,22.6,1698,25.4,1486,20.1,1465,18.3,3765,56.3,4334,58.5,4728,59.1,1341,15.6,1868,19.6,2149,20.6,3542,41.3,3421,36,3607,34.6,3702,43.1,4224,44.4,4673,44.8,12674,16.5,15817,18.3,18845,19.4,22482,29.2,20810,24.1,23347,24.1,41742,54.3,49678,57.6,54871,56.5,76893,100,86303,100,97065,100
126,2568,19,3150,20.8,4278,22.3,5061,37.3,4941,32.7,5906,30.8,5928,43.7,7030,46.5,8975,46.8,273,12.6,356,15.4,478,18,421,19.5,392,17.1,441,16.7,1466,67.9,1554,67.5,1724,65.3,1523,13.8,2119,16.6,2611,17.5,1823,16.5,1882,14.7,2467,16.5,7717,69.7,8768,68.6,9849,66,624,16.8,782,19.3,954,21.6,828,22.3,745,18.4,849,19.3,2259,60.9,2523,62.2,2610,59.1,655,17.8,788,20,924,21.2,1204,32.4,1159,29.2,1227,28.2,1852,49.8,2018,50.8,2203,50.6,5651,16.5,7199,18.8,9245,20.3,9340,27.3,9125,23.9,10892,23.9,19225,56.2,21889,57.3,25354,55.7,34215,100,38212,100,45497,100
127,3083,15.1,3947,17.5,5661,20,9706,47.6,9515,42.1,11296,39.8,7620,37.3,9136,40.4,11395,40.2,1037,15.9,1274,17.8,1745,20.9,1704,26.2,1524,21.3,1629,19.5,3770,57.9,4353,60.9,4987,59.6,3673,15.8,4510,17.7,5611,18.1,4731,20.3,4200,16.5,4913,15.8,14842,63.9,16751,65.8,20468,66,1173,16.1,1580,19.4,2063,22.7,2204,30.3,1954,24,1993,21.9,3894,53.5,4616,56.6,5030,55.4,1518,14.4,2103,17.4,2879,19.9,4660,44.1,4869,40.1,5339,36.9,4401,41.6,5151,42.5,6255,43.2,10487,15.4,13412,17.8,17957,19.7,23010,33.8,22061,29.2,25163,27.6,34525,50.8,40002,53,48136,52.7,68026,100,75471,100,91255,100
128,3055,16.5,3569,19,4707,21,6941,37.5,6022,32.1,6885,30.7,8536,46.1,9162,48.8,10814,48.3,321,10.7,405,13.4,545,16,496,16.4,395,13,532,15.7,2193,72.9,2213,73.6,2320,68.3,1595,11,2152,14.1,2555,15.6,2023,13.9,1831,12,2385,14.6,10895,75.1,11300,74,11423,69.8,599,13.7,735,16.7,874,18.3,827,19,705,16.1,755,16,2935,67.3,2949,67.2,3119,65.7,878,15.5,1142,18.6,1183,19.1,1566,27.7,1351,21.9,1369,22.2,3207,56.8,3650,59.4,3629,58.7,6447,14,8000,16.8,9850,18.6,11859,25.7,10296,21.6,11932,22.5,27764,60.3,29266,61.5,31308,59,46063,100,47558,100,53098,100
197,0,0,0,0,0,0,0,0,0,0,0,0,0,0,0,0,0,0,0,0,0,0,0,0,0,0,0,0,0,0,0,0,0,0,0,0,0,0,0,0,0,0,0,0,0,0,0,0,0,0,0,0,0,0,0,0,0,0,0,0,0,0,0,0,0,0,0,0,0,0,0,0,0,0,0,0,0,0,0,0,0,0,0,0,0,0,0,0,0,0,0,0,0,0,0,0,0,0,0,0,0,0,0,0,0,0,0,0,0,0,0,0,0,0
199,0,0,0,0,0,0,0,0,0,0,0,0,0,0,0,0,0,0,0,0,0,0,0,0,0,0,0,0,0,0,0,0,0,0,0,0,0,0,0,0,0,0,0,0,0,0,0,0,0,0,0,0,0,0,0,0,0,0,0,0,0,0,0,0,0,0,0,0,0,0,0,0,0,0,0,0,0,0,0,0,0,0,0,0,0,0,0,0,0,0,0,0,0,0,0,0,0,0,0,0,0,0,0,0,0,0,0,0,0,0,0,0,0,0
201,2292,16.2,2729,18.3,3830,21.3,6165,43.5,5929,39.8,6638,36.9,5695,40.2,6236,41.9,7515,41.8,293,16.3,355,19.8,416,20.8,335,18.6,282,15.8,339,16.8,1171,65.1,1145,64.4,1255,62.4,1213,14.8,1398,16.2,1709,17.6,1247,15.3,1122,13,1251,12.9,5723,69.9,6100,70.8,6748,69.5,362,18.9,419,21.7,445,21.9,420,22.1,345,17.7,373,18.2,1119,58.9,1178,60.6,1221,59.8,388,16.1,433,16.8,666,22.2,860,35.7,857,33.2,860,28.7,1167,48.3,1295,50.1,1463,49.1,4549,16,5333,17.9,7066,20.3,9032,31.7,8535,28.6,9464,27.2,14875,52.3,15957,53.5,18202,52.4,28457,100,29823,100,34727,100
202,2265,16.4,2718,18.5,3743,21.3,5889,42.7,5749,39.2,6368,36.2,5632,40.8,6210,42.3,7459,42.5,312,17.1,314,17.8,361,18.4,356,19.6,341,19.3,375,18.9,1147,63.3,1105,62.8,1237,62.8,1160,14.6,1363,16,1757,18.2,1237,15.5,1182,13.9,1341,13.9,5559,69.9,5973,70.1,6559,67.9,324,16.8,402,21.3,467,22.6,452,23.3,384,20.4,405,19.4,1151,59.9,1102,58.3,1207,58,351,16,455,18.4,600,20.9,760,34.3,802,32.6,830,29,1101,49.7,1211,49,1435,50.1,4411,15.9,5249,17.9,6923,20.3,8691,31.4,8461,28.9,9320,27.3,14590,52.7,15602,53.2,17901,52.4,27690,100,29316,100,34143,100
203,3553,14.8,4611,17.8,6834,20.4,9983,41.5,9565,37,11533,34.3,10491,43.7,11708,45.2,15218,45.3,399,12.8,428,13.5,601,15.5,493,15.9,482,15.1,629,16.2,2216,71.3,2286,71.4,2638,68.3,1622,10.8,2366,14,3335,16,2026,13.5,2005,11.9,2709,13,11412,75.7,12470,74.1,14845,71.1,542,14.7,707,17.4,931,20.1,706,19.1,719,17.7,748,16.2,2446,66.2,2642,65,2930,63.6,631,13.6,824,16.7,1170,19.7,1441,31.2,1402,28.3,1613,27.1,2560,55.2,2726,55,3164,53.2,6750,13.4,8938,16.3,12865,18.7,14655,29,14177,25.8,17235,25,29125,57.6,31832,57.9,38796,56.3,50529,100,54947,100,68892,100
204,2710,15.9,3179,17.7,4262,19.9,7278,42.8,7310,40.6,8112,37.9,7023,41.3,7526,41.8,9023,42.2,322,16.2,344,18.4,401,20.1,406,20.5,335,17.8,360,18.1,1262,63.3,1194,63.8,1230,61.8,1219,13.9,1346,15,1693,17.2,1399,15.9,1292,14.4,1489,15.1,6176,70.2,6357,70.7,6678,67.7,357,17.2,360,18.7,451,21.9,522,25.2,398,20.6,387,18.9,1201,57.6,1175,60.7,1210,59.2,395,15.5,495,18,648,20.3,929,36.3,838,30.7,917,28.6,1235,48.2,1405,51.3,1635,51.1,5009,15.4,5726,17.1,7457,19.4,10539,32.5,10178,30.3,11265,29.3,16895,52.1,17652,52.6,19784,51.4,32439,100,33555,100,38505,100
205,3805,13.8,4545,15.7,6482,18.4,12530,45.3,12399,42.8,14118,40.1,11299,40.9,11999,41.5,14565,41.4,449,14.2,448,15.6,588,18.8,671,21.2,485,17.1,553,17.7,2035,64.5,1917,67.3,1996,63.5,1649,12.1,1976,14.4,2582,16.8,2151,15.8,1919,14,2157,14,9859,72.2,9811,71.6,10664,69.2,472,15,498,16.2,611,19.3,689,22,640,20.7,597,18.9,1982,63,1950,63.1,1947,61.7,573,13.8,729,16.1,1012,18.5,1448,35,1490,33.1,1669,30.4,2118,51.2,2284,50.8,2805,51.1,6940,13.4,8190,15.4,11275,18.1,17488,33.8,16936,31.9,19097,30.6,27294,52.8,27967,52.7,31979,51.3,51726,100,53095,100,62347,100
206,9910,20.6,13358,23.8,16924,25.7,16590,34.5,15861,28.3,17112,26,21580,44.9,26911,47.9,31844,48.3,471,15.8,580,16.8,753,19.1,691,23.1,651,18.8,771,19.4,1832,61.1,2224,64.4,2429,61.5,3166,13.5,4444,16.7,5479,19.3,4387,18.7,4255,16,5020,17.7,15898,67.8,17857,67.2,17847,63,845,17.2,1196,20.5,1471,21.1,1313,26.5,1176,20.2,1436,20.6,2788,56.3,3472,59.4,4072,58.3,766,14.1,939,17.2,1200,20.8,2534,46.4,2046,37.6,1871,32.4,2159,39.5,2465,45.2,2702,46.8,15165,17.9,20520,21.1,25831,23.3,25516,30,23993,24.6,26213,23.6,44255,52.1,52932,54.3,58890,53.1,84937,100,97436,100,110936,100
207,4725,16.5,5847,19.7,7313,21.1,11486,40,10318,34.7,11528,33.3,12474,43.5,13568,45.6,15807,45.6,515,10.4,681,13.8,911,16.2,1024,20.7,805,16.3,1072,19.2,3410,68.9,3436,69.8,3616,64.6,2486,11.8,3303,14.8,3961,17,3774,17.9,3513,15.7,4223,18.1,14836,70.3,15575,69.5,15086,64.8,1254,15.1,1579,17.6,1934,19.7,1883,22.6,1651,18.4,1917,19.5,5190,62.3,5725,64,5996,60.9,1060,14.7,1315,18.1,1498,19.2,2613,36.1,2247,30.9,2275,29.2,3560,49.2,3716,51.1,4035,51.7,10050,14.3,12729,17.4,15618,19.2,20775,29.6,18535,25.3,21025,25.9,39474,56.2,42018,57.3,44542,54.9,70297,100,73278,100,81180,100
208,5520,17.2,6932,20.6,8722,22.2,12080,37.6,10692,31.7,11802,30.1,14515,45.2,16069,47.7,18746,47.7,533,10.9,704,13.5,966,15.4,967,19.7,843,16.1,1173,18.6,3400,69.4,3695,70.5,4154,66,2960,11.4,3977,14.2,4726,16.3,4297,16.5,3892,13.9,4766,16.4,18820,72.2,20067,71.8,19535,67.3,1184,15.7,1461,17.4,1858,18.6,1629,21.6,1466,17.4,1806,18.2,4731,62.7,5477,65.2,6295,63.2,1062,15.8,1361,19.3,1540,20.3,2202,32.6,1971,28,1899,25.1,3480,51.6,3711,52.7,4142,54.6,11268,14.6,14436,17.5,17814,19.3,21173,27.4,18862,22.9,21447,23.3,44942,58.1,49020,59.5,52870,57.4,77392,100,82321,100,92130,100
209,5486,15.8,7022,18.3,9704,21.5,14364,41.3,14172,36.9,14859,32.9,14944,43,17197,44.8,20656,45.7,811,12.8,1017,15.7,1322,17.7,1187,18.7,1019,15.7,1156,15.4,4349,68.5,4447,68.6,4997,66.9,3648,12.4,5196,14.8,6612,16.5,4322,14.7,4474,12.7,5312,13.3,21366,72.8,25545,72.5,28069,70.2,1241,15.4,1616,18,1986,20.2,1650,20.5,1536,17.2,1597,16.2,5171,64.1,5788,64.8,6252,63.5,1655,14.2,2033,17.1,2375,18.5,4301,36.9,3806,32,3754,29.2,5703,48.9,6051,50.9,6712,52.3,12843,14.2,16888,16.7,21996,19.1,25821,28.6,24998,24.8,26678,23.1,51526,57.1,59024,58.5,66689,57.8,90190,100,100909,100,115362,100
210,3460,14.5,4542,17.5,6500,20.4,10593,44.3,9938,38.2,10914,34.3,9862,41.2,11515,44.3,14417,45.3,732,14,958,17.2,1298,19.4,1187,22.6,1063,19.1,1189,17.8,3326,63.4,3555,63.7,4206,62.9,2721,13,3799,15.1,5171,16.3,3531,16.8,3593,14.3,4451,14,14751,70.2,17779,70.6,22092,69.6,868,15.3,1187,18.4,1544,21.1,1357,23.8,1319,20.4,1405,19.1,3469,60.9,3955,61.2,4377,59.8,1080,13.5,1399,16.1,1905,18.9,3267,40.7,3075,35.5,3289,32.7,3672,45.8,4205,48.4,4871,48.4,8871,13.9,11883,16.5,16427,18.7,19936,31.2,18990,26.4,21245,24.2,35072,54.9,41001,57,49955,57,63876,100,71874,100,87625,100
211,6866,16.6,8169,19,10121,20.6,15305,37,14272,33.1,15909,32.4,19240,46.5,20661,47.9,23114,47,844,11.6,956,13.7,1152,16,1151,16,939,13.4,959,13.4,5241,72.4,5098,72.9,5057,70.6,3440,10.9,4454,13.4,5598,15.5,3920,12.4,3737,11.3,4580,12.7,24203,76.7,24998,75.3,25971,71.8,1491,14.8,1775,17.2,2043,19,1876,18.6,1633,15.8,1698,15.8,6700,66.6,6920,67,7001,65.2,1829,15,2230,17.6,2615,19.4,3410,28,3225,25.5,3208,23.8,6964,57.1,7200,56.9,7662,56.8,14468,14.1,17584,16.5,21528,18.5,25670,25,23799,22.4,26355,22.6,62346,60.8,64878,61.1,68810,59,102481,100,106267,100,116701,100
212,7760,15.1,9785,17.8,13210,20.1,21337,41.6,20620,37.5,23026,35,22249,43.3,24605,44.7,29549,44.9,1422,13.9,1897,17,2401,17.6,2008,19.7,1835,16.5,2103,15.4,6774,66.4,7401,66.5,9138,67,5656,12.5,7872,14.7,10153,16,6944,15.4,6969,13,8528,13.4,32545,72.1,38789,72.3,44892,70.6,1976,16,2818,19.6,3330,20.6,2899,23.4,2715,18.9,2905,18.1,7515,60.6,8840,61.5,9877,61.3,2296,14.8,3028,17.9,3872,19.8,5747,37.1,5489,32.5,5737,29.4,7462,48.1,8389,49.6,9909,50.8,19105,14.2,25401,16.8,32963,18.5,38940,28.9,37635,24.9,42304,23.7,76539,56.9,88025,58.3,103359,57.9,134584,100,151062,100,178622,100
213,7297,16.1,9434,18.8,12543,20.8,17761,39.2,17458,34.8,19899,32.9,20245,44.7,23344,46.5,27992,46.3,1178,14.3,1731,17.8,2384,19.6,1725,20.9,1576,16.2,1777,14.6,5332,64.8,6421,66,7998,65.8,5719,13,8471,15.4,11055,16.1,6815,15.5,7180,13,9051,13.2,31351,71.4,39484,71.6,48516,70.7,1481,15,2221,19.3,2929,21.8,2361,23.9,2213,19.3,2308,17.2,6042,61.1,7042,61.4,8187,61,1837,13.7,2524,17,3286,19.5,5191,38.7,5120,34.4,5198,30.9,6387,47.6,7238,48.6,8358,49.6,17515,14.5,24376,17.2,32202,18.8,33851,28,33548,23.7,38234,22.3,69355,57.5,83524,59,101053,58.9,120716,100,141445,100,171489,100
214,3791,14.6,4702,17.4,6061,19,10738,41.5,10130,37.5,11458,35.8,11345,43.8,12154,45,14438,45.2,401,12.8,473,14.5,616,17,500,16,491,15,545,15,2234,71.2,2290,70.5,2471,68,1827,11.4,2257,13.2,2780,15.1,2117,13.2,1931,11.3,2384,13,12161,75.5,12882,75.5,13230,71.9,595,15.3,729,17.8,818,18.3,763,19.5,696,17.1,763,17,2557,65.2,2659,65.1,2893,64.7,760,14.6,1001,17,1167,18.4,1515,29.1,1637,27.8,1706,26.9,2931,56.4,3248,55.2,3468,54.7,7380,13.6,9154,16,11436,17.7,15643,28.8,14881,26,16853,26,31223,57.6,33235,58,36500,56.3,54240,100,57272,100,64785,100
215,2317,14.9,2665,17.3,3215,19,7728,49.6,7247,47,7322,43.3,5521,35.5,5525,35.8,6365,37.7,360,17.5,355,19.8,350,20.8,534,25.9,431,24.1,372,22,1164,56.6,1002,56.1,972,57.3,1238,15.5,1209,16.4,1444,18.1,1549,19.3,1353,18.3,1377,17.3,5223,65.2,4836,65.3,5145,64.6,330,19.7,350,20.1,340,21.9,505,30.1,488,27.9,392,25.3,840,50.1,906,52,823,52.9,349,15.4,464,19.4,514,18.6,934,41.5,932,39.2,1006,36.5,968,43.1,981,41.4,1235,44.9,4592,15.5,5038,17.5,5857,19,11247,38.1,10448,36.4,10471,33.9,13716,46.4,13257,46.1,14540,47.1,29548,100,28740,100,30869,100
216,1894,15.1,2083,16.2,2811,19.1,6070,48.3,5873,45.7,6176,42.1,4604,36.6,4890,38.1,5693,38.8,284,16,313,18.4,350,21.2,472,26.8,385,22.7,348,21,1003,57.2,1004,59,958,57.7,1005,14.3,1076,15.8,1327,18.3,1312,18.6,1131,16.7,1128,15.6,4739,67.1,4581,67.5,4799,66.1,277,17.8,302,19.1,326,21,443,28.4,412,26.3,357,23,845,53.8,856,54.6,874,56,289,14.3,357,15.9,528,20.5,787,38.6,825,36.9,825,31.9,966,47.1,1055,47.2,1232,47.6,3752,15,4124,16.4,5345,19.3,9090,36.4,8632,34.3,8835,31.9,12157,48.6,12383,49.3,13556,48.9,24999,100,25139,100,27733,100
217,1748,14.3,2137,17,2759,18.9,5618,45.8,5424,43.2,5959,40.8,4888,39.9,5004,39.8,5879,40.3,236,13.9,236,15.9,257,17.3,448,25.9,327,22.3,326,21.8,1033,60.2,909,61.8,900,60.9,903,12.9,893,13.8,1095,16.3,1220,17.5,994,15.3,999,14.8,4838,69.5,4597,70.9,4632,68.9,265,16.8,237,15.4,287,19.3,438,27.7,380,25.2,332,22.5,879,55.5,897,59.4,864,58.2,274,14,329,16.1,453,18.8,774,39.7,712,34.5,764,31.7,899,46.3,1022,49.3,1190,49.5,3429,14,3831,15.9,4852,18.2,8495,34.7,7840,32.5,8371,31.4,12541,51.3,12426,51.6,13469,50.5,24462,100,24096,100,26689,100
297,0,0,0,0,0,0,0,0,0,0,0,0,0,0,0,0,0,0,0,0,0,0,0,0,0,0,0,0,0,0,0,0,0,0,0,0,0,0,0,0,0,0,0,0,0,0,0,0,0,0,0,0,0,0,0,0,0,0,0,0,0,0,0,0,0,0,0,0,0,0,0,0,0,0,0,0,0,0,0,0,0,0,0,0,0,0,0,0,0,0,0,0,0,0,0,0,0,0,0,0,0,0,0,0,0,0,0,0,0,0,0,0,0,0
299,0,0,0,0,0,0,0,0,0,0,0,0,0,0,0,0,0,0,0,0,0,0,0,0,0,0,0,0,0,0,0,0,0,0,0,0,0,0,0,0,0,0,0,0,0,0,0,0,0,0,0,0,0,0,0,0,0,0,0,0,0,0,0,0,0,0,0,0,0,0,0,0,0,0,0,0,0,0,0,0,0,0,0,0,0,0,0,0,0,0,0,0,0,0,0,0,0,0,0,0,0,0,0,0,0,0,0,0,0,0,0,0,0,0
301,3205,16,3942,18.6,5230,20.9,7723,38.5,7288,34.3,8409,33.6,9105,45.5,10002,47.1,11369,45.5,368,13,422,14.1,578,17.6,512,18.1,417,14.1,484,14.9,1950,68.9,2144,71.8,2213,67.5,1742,12.1,2112,14.6,2743,17.2,2143,14.9,1872,13,2270,14.3,10508,73,10472,72.4,10885,68.5,542,15.8,664,17.9,737,17.6,650,18.9,610,16.6,668,16.1,2238,65.3,2427,65.5,2763,66.3,686,15.5,895,18.5,1067,20.2,1284,28.8,1203,24.7,1326,25,2476,55.7,2761,56.8,2911,54.8,6548,14.5,8033,17,10349,19.3,12311,27.3,11400,24.1,13172,24.5,26283,58.2,27808,58.9,30144,56.2,45144,100,47243,100,53659,100
302,3296,18.3,4082,21.4,5088,23.5,6589,36.5,5992,31.4,6333,29.3,8153,45.2,8994,47.2,10209,47.2,347,16.7,417,18.5,539,20.1,349,16.8,328,14.6,419,15.9,1377,66.5,1505,66.9,1706,64,1786,14.8,2503,18.1,3165,20.1,1759,14.5,1788,12.9,2225,14.1,8566,70.7,9546,69,10361,65.8,426,16.1,646,21.9,779,22.4,524,19.8,511,17.4,563,16.2,1701,64.1,1780,60.7,2140,61.4,535,15.2,645,18,789,21.3,1113,31.7,989,27.8,947,25.7,1861,53.1,1927,54.2,1957,53,6386,16.6,8285,19.9,10353,21.9,10331,26.9,9611,23.1,10498,22.2,21659,56.4,23761,57,26373,55.8,38377,100,41660,100,47220,100
303,5203,19.1,6145,21.7,7697,23.7,9934,36.4,8829,31.2,9965,30.7,12160,44.5,13355,47.1,14762,45.5,586,15.3,736,17.8,932,19.1,797,21,705,17.2,858,17.7,2429,63.7,2675,65,3081,63.3,2860,14.1,4006,17.6,5035,18.9,3247,16.1,3275,14.4,4154,15.6,14116,69.8,15513,68.1,17492,65.6,887,16.9,1132,20.3,1394,22.2,1236,23.6,1006,18,1162,18.5,3117,59.5,3447,61.7,3734,59.3,908,16.2,1137,19.6,1361,20.9,1992,35.6,1817,31.3,1929,29.5,2694,48.2,2843,49.1,3235,49.6,10439,16.8,13157,19.7,16419,21.4,17212,27.7,15628,23.5,18064,23.5,34513,55.5,37839,56.8,42304,55.1,62169,100,66626,100,76790,100
304,2664,18.2,3160,21.1,3797,22.1,4781,32.6,4266,28.5,4862,28.3,7221,49.2,7544,50.4,8531,49.6,270,11.1,366,14.4,457,14.8,428,17.5,395,15.4,562,18,1744,71.5,1778,70.2,2085,67.2,1366,11.9,1861,15.2,2350,16.9,1696,14.8,1558,12.8,2147,15.5,8383,73.2,8805,72,9402,67.6,516,14.4,618,17.1,750,18.1,711,20,599,16.4,722,17.5,2336,65.6,2420,66.5,2670,64.5,456,15.4,561,18,637,19.3,776,26.3,715,22.9,772,23.2,1721,58.2,1846,59.1,1912,57.6,5273,15,6566,18,7997,19.2,8393,23.9,7529,20.6,9063,21.8,21409,61,22396,61.4,24601,59.1,35074,100,36493,100,41654,100
305,4215,20.4,5400,23.4,7379,24.5,6304,30.5,5846,25.4,7654,25.5,10165,49.2,11793,51.2,15042,50,190,10.6,286,13.9,424,15.5,394,22.1,418,20.3,582,21.2,1187,67.3,1348,65.8,1739,63.3,1437,12.3,2017,15.4,2579,16.7,2180,18.6,2106,16.2,2835,18.4,8093,69.1,8921,68.4,10003,64.9,354,14.4,525,17.2,749,18.1,631,25.4,574,18.7,875,21.1,1495,60.2,1956,64.1,2520,60.8,337,17,470,21.4,532,19.9,638,32.4,580,26.4,665,25,995,50.6,1150,52.2,1473,55.1,6527,16.9,8691,20,11664,21.2,10146,26.3,9527,22,12613,22.9,21940,56.8,25171,58,30783,55.9,38610,100,43384,100,55055,100
306,3589,17.4,4563,20.7,5638,22.6,8530,41.3,8124,36.9,8730,35,8525,41.3,9355,42.4,10567,42.4,425,18.9,507,20.8,572,21.4,474,21.2,489,20,543,20.4,1347,59.9,1449,59.2,1552,58.2,2139,16.6,2448,18.9,2682,20.2,2316,18,2067,16,2178,16.4,8418,65.4,8451,65.1,8392,63.3,368,18.6,428,20.2,551,23.3,517,25.8,466,22.3,485,20.6,1110,55.5,1207,57.5,1322,56.2,476,16.1,677,20.4,812,22.3,1101,37.2,1097,33,1131,31.2,1387,46.7,1553,46.7,1688,46.5,7006,17.2,8629,20.1,10249,21.9,12936,31.8,12255,28.6,13072,27.9,20787,51,22012,51.3,23528,50.2,40728,100,42893,100,46852,100
307,1751,13.8,2006,15.4,2476,17.9,6129,48.4,6040,46.3,6011,43.5,4794,37.8,4996,38.3,5325,38.5,242,16.7,256,17.9,281,19.6,345,23.5,300,21,285,19.6,883,59.9,871,61.1,885,60.9,1045,13.9,1032,14.6,1019,15.3,1407,18.6,1170,16.5,1038,15.6,5113,67.5,4880,68.9,4588,69.1,173,17.7,201,18.2,233,20.5,288,30.2,300,26.8,277,24.7,503,52.1,617,55,620,54.8,246,14,325,16.4,400,19.6,722,41.1,786,39.7,763,37.3,792,45,863,43.9,880,43.2,3462,14.2,3821,15.5,4409,17.6,8899,36.4,8593,34.9,8372,33.4,12081,49.4,12237,49.6,12298,49,24441,100,24646,100,25079,100
308,2276,12.1,3165,16.2,3829,17.9,6981,37.2,6651,34,7106,33.3,9531,50.7,9720,49.8,10424,48.8,256,10.8,305,12.5,359,14,345,14.6,339,13.8,401,15.6,1742,74.6,1813,73.7,1811,70.4,1249,8.9,1711,12.4,1737,13.1,1768,12.6,1539,11.2,1592,12,10941,78.4,10497,76.4,9897,74.8,192,10.2,326,15.9,338,15.5,340,17.7,321,15.7,329,15.4,1372,72.1,1400,68.4,1488,69.1,422,11.9,535,15.4,580,17,970,27.5,975,28.2,884,26,2134,60.6,1946,56.4,1938,57,4390,10.8,6038,14.6,6841,16,10396,25.7,9830,23.8,10315,24.1,25724,63.5,25384,61.5,25564,59.8,40514,100,41249,100,42724,100
309,8052,16.2,10252,19.1,13437,20.9,19844,40,18979,35.4,21704,33.8,21726,43.8,24355,45.4,29130,45.3,847,15.3,1029,16.9,1349,18.2,1087,19.5,962,15.8,1183,15.9,3626,65.2,4088,67.2,4905,66,4231,13.8,5256,15.4,6693,17.3,5096,16.6,4692,13.8,5736,14.8,21363,69.6,24086,70.8,26277,67.9,1029,16.5,1411,19,1894,21.5,1496,24.1,1456,19.6,1672,19,3691,59.4,4564,61.4,5236,59.5,1427,16.9,1827,18.5,2419,20.9,2863,33.9,2862,28.9,3162,27.4,4134,49.1,5187,52.5,5965,51.7,15585,15.5,19781,17.8,25796,19.7,30379,30.2,28950,26.1,33452,25.6,54544,54.3,62276,56.1,71511,54.7,100508,100,111010,100,130758,100
310,3771,16.4,4760,19.2,6464,21.7,8888,38.6,8577,34.6,9661,32.4,10370,45,11475,46.3,13646,45.8,620,16.8,812,19.3,1017,21,709,19.2,723,17.3,725,14.9,2364,64,2661,63.5,3106,64.1,2730,14.6,3598,17.4,4602,19.1,2825,15.1,2822,13.6,3346,13.9,13121,70.3,14295,69,16137,67,549,16.4,772,20.2,974,21.9,722,21.5,714,18.6,781,17.5,2094,62.1,2353,61.2,2699,60.6,716,14.4,1036,18.2,1437,21.9,1648,33.3,1762,31,1826,27.9,2596,52.3,2889,50.9,3281,50.1,8390,15.6,10976,18.5,14495,20.8,14792,27.5,14603,24.6,16337,23.4,30544,56.8,33685,56.8,38865,55.8,53733,100,59264,100,69699,100
311,3951,16.9,4641,18.7,6179,21.3,8750,37.4,8791,35.4,9659,33.3,10712,45.7,11379,45.9,13210,45.5,626,16.3,782,18.9,982,20,781,20.2,705,17,811,16.5,2444,63.5,2659,64.1,3120,63.5,2782,14.3,3389,16.7,4285,18.7,3102,15.9,2814,13.8,3089,13.5,13599,69.8,14133,69.5,15579,67.9,606,16.3,765,19.9,953,22.4,832,22.5,749,19.5,768,17.9,2268,61.2,2336,60.6,2546,59.7,927,15.1,1335,19.3,1525,20.9,1936,31.7,1956,28.3,2076,28.5,3250,53.2,3609,52.3,3693,50.6,8896,15.7,10910,18.2,13924,20.3,15405,27.2,15016,25,16409,24,32271,57,34117,56.8,38150,55.7,56573,100,60044,100,68479,100
312,1506,10.3,2194,14.7,2732,16.4,5199,35.5,5059,33.8,5367,32.2,7951,54.2,7728,51.6,8559,51.4,128,7.7,181,10.6,228,12.2,254,15.3,231,13.3,273,14.5,1298,77,1303,76.2,1373,73.3,717,6.5,1020,10.1,1078,10.6,1334,12,1164,11.5,1185,11.6,9050,81.5,7925,78.4,7927,77.8,124,8.8,193,12.4,206,12.7,256,18,253,16.3,261,15.7,1026,73.2,1085,71.2,1170,71.6,282,9.9,369,14.3,383,13.5,858,30,741,28.6,715,25.4,1710,60.1,1478,57.1,1723,61.1,2756,8.7,3957,12.8,4626,13.9,7901,24.9,7441,24.1,7792,23.5,21036,66.4,19515,63.1,20762,62.6,31697,100,30913,100,33176,100
313,3186,14.9,3996,17.2,5567,19.4,9305,43.5,9311,40.1,10758,37.5,8893,41.6,9932,42.7,12339,43,423,16.7,495,18.5,567,19,469,18.4,412,15.4,445,14.8,1655,64.9,1775,66.1,1979,66.2,1859,14.9,2130,16.8,2561,18.6,1916,15.4,1630,12.9,1845,13.4,8711,69.8,8913,70.3,9346,67.9,453,19,537,20.3,562,20.1,500,21.1,481,18.2,510,18.2,1426,59.9,1631,61.6,1725,61.7,622,15.3,830,17.8,1108,21.2,1280,31.6,1435,30.6,1472,28.2,2156,53.1,2416,51.6,2639,50.6,6542,15.3,7993,17.4,10362,19.4,13465,31.4,13271,28.9,15032,28.1,22836,53.3,24669,53.7,28026,52.5,42853,100,45933,100,53421,100
314,2691,18.1,3333,19.8,4307,21.8,5015,33.7,5195,30.9,5856,29.7,7178,48.2,8312,49.3,9564,48.5,386,14.6,457,16.4,622,18.4,400,15.1,350,12.6,518,15.3,1863,70.3,1988,71,2248,66.3,1741,12.9,2342,15.5,2969,17.9,1793,13.3,1811,12,2191,13.2,9956,73.8,10911,72.5,11477,69,410,15.2,607,19.4,762,20.5,485,18.2,462,14.7,561,15.1,1780,66.6,2072,65.9,2386,64.3,522,15.3,737,18.5,911,20.8,896,26.2,935,23.5,1061,24.2,2001,58.5,2303,57.9,2402,55,5743,15.5,7476,17.9,9580,20,8596,23.1,8754,20.9,10186,21.3,22783,61.4,25580,61.2,28072,58.7,37118,100,41813,100,47831,100
315,820,13.9,1017,17.6,1148,20,2389,40.5,2176,37.7,2120,36.8,2695,45.6,2587,44.7,2495,43.2,116,17,140,21.2,142,20.5,155,23.1,155,22.7,148,21.4,412,59.9,378,56.1,409,58.1,926,17.3,912,18.8,872,19.5,1178,22,981,20.2,940,21,3237,60.7,2956,61,2668,59.5,51,13.3,61,14.9,104,20.3,94,24.3,100,25.5,133,26.1,241,62.4,236,59.6,272,53.6,125,13.4,179,17.4,194,20.9,374,39.5,354,35.2,324,35.8,449,47.1,482,47.4,396,43.3,2046,15.4,2311,18.2,2466,19.9,4192,31.6,3768,29.6,3672,29.7,7031,53,6629,52.2,6231,50.4,13271,100,12705,100,12365,100
316,5412,15.5,6871,17.8,9437,19.9,15622,44.8,15212,39.3,17437,36.8,13870,39.7,16603,42.9,20453,43.2,582,16.9,640,16.7,848,18.4,689,20,652,17.1,762,16.5,2175,63.1,2520,66.2,2993,65.1,2602,14.5,3047,15.6,3972,17.6,2970,16.5,2716,13.9,3223,14.3,12387,69,13747,70.5,15418,68.2,640,18.2,806,20.3,1045,21,868,24.8,753,18.9,970,19.5,1993,57,2421,60.8,2967,59.6,763,16.4,1161,19.6,1446,20.8,1710,36.8,1811,30.5,1995,28.7,2175,46.8,2951,49.8,3516,50.5,9998,15.5,12523,17.4,16742,19.4,21854,33.9,21136,29.4,24389,28.2,32593,50.6,38247,53.2,45346,52.4,64450,100,71907,100,86473,100
317,2030,15.2,2636,18.4,3361,20.5,5510,41.3,5339,37.2,5839,35.5,5811,43.5,6382,44.5,7226,44,244,14.4,325,17.7,392,18.8,301,17.7,290,15.8,392,18.8,1161,68,1220,66.5,1300,62.4,1131,13.2,1360,15.6,1621,17.3,1363,15.9,1193,13.6,1414,15.1,6086,70.9,6169,70.7,6316,67.5,245,16.3,290,18.3,327,19,347,23.1,324,20.1,334,19.3,921,60.6,983,61.6,1058,61.7,299,13.9,441,18.5,533,21.2,709,33.2,678,28.5,690,27.7,1131,52.9,1270,53,1278,51.1,3956,14.5,5058,17.5,6236,19.4,8240,30.2,7821,27.1,8668,27,15105,55.3,16029,55.4,17182,53.5,27297,100,28911,100,32086,100
318,2881,15.1,3785,18.6,4619,20.7,6878,36,6954,34.2,7153,32,9356,48.9,9563,47.1,10555,47.3,305,12.5,445,17.9,493,19.3,451,18.7,429,17.2,445,17.5,1648,68.7,1617,64.9,1613,63.2,1710,13.1,2223,17.4,2346,18.7,1997,15.3,1808,14.1,1896,15.1,9387,71.7,8785,68.5,8308,66.2,337,14.3,484,19.5,533,22.1,498,21.4,457,18.6,455,18.9,1497,64.4,1523,61.9,1422,59,500,15.2,708,20,719,20.4,1001,30.5,997,28.2,890,25.3,1785,54.4,1830,51.8,1900,54.2,5720,14.2,7642,18.4,8703,20.1,10825,26.9,10642,25.6,10843,25,23681,58.9,23321,56,23800,54.9,40229,100,41606,100,43347,100
319,4739,14.6,5672,16.6,7446,19.1,16681,51.6,16320,47.9,17527,45.1,10927,33.8,12084,35.5,13907,35.8,626,22.1,668,23.9,731,24.8,633,22.2,528,19.1,542,18.4,1582,55.7,1586,57,1665,56.8,2835,20.1,2816,21.3,2826,21.5,2683,19,2265,17.1,2215,16.9,8616,61,8173,61.7,8082,61.6,494,21.9,569,24.1,662,26.2,586,25.9,590,24.9,522,20.5,1179,52.2,1203,51,1355,53.3,662,16.2,890,19.4,1193,22.4,1696,41.4,1815,39.6,1963,36.7,1733,42.4,1879,41,2184,40.9,9358,16.8,10616,18.6,12859,20.5,22271,40,21514,37.7,22770,36.2,24031,43.2,24921,43.7,27198,43.3,55664,100,57048,100,62825,100
397,0,0,0,0,0,100,0,0,0,0,0,0,0,0,0,0,0,0,0,0,0,0,0,0,0,0,0,0,0,0,0,0,0,0,0,0,0,0,0,0,0,0,0,0,0,0,0,0,0,0,0,0,0,0,0,0,0,0,0,0,0,0,0,0,0,0,0,0,0,0,0,0,0,0,0,0,0,0,0,0,0,0,0,0,0,0,0,0,0,0,0,0,0,0,0,100,0,0,0,0,0,0,0,0,0,0,0,0,0,0,0,0,0,100
399,0,0,0,0,0,0,0,0,0,0,0,0,0,0,0,0,0,0,0,0,0,0,0,0,0,0,0,0,0,0,0,0,0,0,0,0,0,0,0,0,0,0,0,0,0,0,0,0,0,0,0,0,0,0,0,0,0,0,0,0,0,0,0,0,0,0,0,0,0,0,0,0,0,0,0,0,0,0,0,0,0,0,0,0,0,0,0,0,0,0,0,0,0,0,0,0,0,0,0,0,0,0,0,0,0,0,0,0,0,0,0,0,0,0
401,4661,17.4,5562,20.4,7053,21.8,10007,37.5,9134,33.4,10011,31,12045,45.1,12636,46.2,15250,47.2,439,13,588,17,737,18.3,728,21.7,607,17.5,770,19,2196,65.2,2271,65.5,2533,62.7,2153,13.3,2794,16.5,3449,18.2,2666,16.4,2476,14.6,2877,15.2,11427,70.3,11711,69,12610,66.6,822,16.2,1087,19.5,1243,20.2,1148,22.6,1096,19.8,1243,20.3,3111,61.2,3376,60.7,3653,59.5,716,15.5,917,18.6,1128,19.9,1554,33.5,1437,29.1,1494,26.3,2369,51,2587,52.3,3048,53.8,8788,15.7,10954,18.8,13611,20.3,16105,28.7,14764,25.3,16387,24.4,31150,55.6,32584,55.9,37096,55.3,56046,100,58299,100,67097,100
402,5480,15.3,6637,18.2,7888,19.9,14820,41.3,13363,36.7,13826,34.9,15555,43.4,16397,45,17923,45.2,730,15.3,970,18.7,1170,19.6,1026,21.5,985,19,986,16.4,3011,63.2,3220,62.3,3839,64,3374,14.1,4439,17.2,5011,17.5,3779,15.8,3624,14,4061,14.2,16748,70.1,17771,68.8,19536,68.3,898,16.4,1223,20.4,1372,21.9,1251,22.8,1150,19.3,1195,19.1,3332,60.8,3610,60.3,3708,59,1155,14,1521,17.9,1990,21.2,2803,33.9,2595,30.5,2682,28.5,4314,52.2,4396,51.6,4727,50.3,11638,14.9,14788,18.1,17436,19.4,23676,30.2,21709,26.5,22746,25.3,42966,54.9,45388,55.4,49729,55.3,78272,100,81891,100,89912,100
403,5834,17.1,6850,19.7,8391,21.3,13113,38.4,11871,34.1,12920,32.8,15204,44.5,16055,46.2,18043,45.8,664,15.8,719,17.8,889,19.7,743,17.6,615,15.2,648,14.3,2815,66.6,2706,67,2976,66,2748,13.4,3696,17.3,4164,18.4,2954,14.4,2654,12.4,3087,13.6,14811,72.2,15002,70.3,15398,68,1000,17.8,1394,22.9,1369,22.2,1142,20.4,1048,17.2,1073,17.4,3463,61.8,3651,59.9,3719,60.4,1109,16.5,1469,21.6,1740,22,1962,29.1,1778,26.1,1989,25.2,3662,54.4,3565,52.3,4168,52.8,11352,15.9,14135,19.3,16547,20.5,19912,28,17966,24.6,19715,24.5,39957,56.1,40981,56.1,44305,55,71224,100,73075,100,80570,100
404,3284,16.2,4078,19.9,5234,22.1,8772,43.3,7499,36.6,7986,33.6,8190,40.4,8897,43.4,10518,44.3,363,15.6,418,19,535,21.6,487,20.9,409,18.6,416,16.8,1476,63.5,1390,62.4,1523,61.7,1709,14.5,2378,18.9,2607,18.6,1993,16.9,1700,13.5,1977,14.1,8063,68.6,8470,67.5,9417,67.3,554,18.1,776,21.8,879,23.1,762,25,735,20.7,688,18.2,1742,56.9,2050,57.5,2223,58.7,640,15.1,798,17.9,1020,20.5,1755,41.4,1542,34.6,1532,30.8,1842,43.5,2119,47.5,2420,48.7,6546,15.7,8449,19.5,10269,21,13772,33.1,11891,27.5,12596,25.7,21311,51.2,22918,53,26103,53.3,41624,100,43260,100,48968,100
405,1903,14.6,2106,15.8,2650,18.3,6479,49.6,6222,46.7,6279,43.3,4676,35.8,4989,37.5,5559,38.4,210,16.5,189,15.9,254,20,353,27.2,255,21.3,236,18.6,734,56.3,744,62.8,778,61.3,828,13.8,850,15.2,960,17.4,1081,18.1,912,16.4,857,15.6,4062,68,3820,68.5,3695,67,215,18.4,262,20.8,223,20.5,292,25.1,298,23.3,263,23.9,656,56.5,707,55.9,611,55.6,266,15.7,308,16.6,420,20,645,38.5,657,35.3,691,33,768,45.8,897,48,988,47,3423,14.8,3713,16,4513,18.4,8854,38.2,8343,35.9,8332,34,10898,47,11156,48.1,11633,47.5,23176,100,23205,100,24475,100
406,1106,13.8,1324,16.8,1498,18.2,3518,44,3314,41.9,3313,40.2,3377,42.2,3262,41.3,3435,41.7,150,16.7,136,16.9,155,18.3,199,21.4,151,18.7,180,21.1,564,61.9,532,64.4,510,60.6,623,12.5,648,14.7,664,15.6,867,17.5,748,16.9,755,17.7,3477,70,3027,68.4,2829,66.6,116,17.2,134,20.1,122,21,169,25,139,20.4,113,19.4,391,57.8,396,59.5,349,59.6,147,13.5,199,18.4,212,18.7,368,33.5,369,34.3,361,31.6,577,53,510,47.3,561,49.7,2141,13.7,2448,16.4,2650,17.6,5119,32.7,4722,31.7,4714,31.3,8389,53.6,7727,51.9,7692,51.1,15646,100,14903,100,15056,100
407,3111,14.5,3521,16,4436,18,10312,48.2,10171,46.3,10714,43.6,7968,37.3,8297,37.7,9434,38.4,375,18,361,18.6,449,21.6,489,23.7,411,21.1,397,18.9,1207,58.3,1178,60.3,1234,59.4,1422,14.5,1555,16.7,1593,17.2,1947,19.8,1513,16.2,1521,16.5,6467,65.7,6267,67.1,6121,66.3,326,18,391,20.4,388,21.5,502,27.9,477,24.9,414,23,975,54.1,1039,54.7,1002,55.5,448,17.4,542,18.5,682,20.4,1006,38.8,1049,35.7,1103,33.1,1134,43.8,1342,45.8,1548,46.5,5685,15.1,6368,16.7,7545,18.4,14258,37.8,13621,35.7,14144,34.5,17760,47.1,18124,47.6,19346,47.1,37700,100,38109,100,41030,100
497,0,0,0,0,0,0,0,0,0,0,0,0,0,0,0,0,0,0,0,0,0,0,0,0,0,0,0,0,0,0,0,0,0,0,0,0,0,0,0,0,0,0,0,0,0,0,0,0,0,0,0,0,0,0,0,0,0,0,0,0,0,0,0,0,0,0,0,0,0,0,0,0,0,0,0,0,0,0,0,0,0,0,0,0,0,0,0,0,0,0,0,0,0,0,0,0,0,0,0,0,0,0,0,0,0,0,0,0,0,0,0,0,0,0
499,0,0,0,0,0,0,0,0,0,0,0,0,0,0,0,0,0,0,0,0,0,0,0,0,0,0,0,0,0,0,0,0,0,0,0,0,0,0,0,0,0,0,0,0,0,0,0,0,0,0,0,0,0,0,0,0,0,0,0,0,0,0,0,0,0,0,0,0,0,0,0,0,0,0,0,0,0,0,0,0,0,0,0,0,0,0,0,0,0,0,0,0,0,0,0,0,0,0,0,0,0,0,0,0,0,0,0,0,0,0,0,0,0,0
501,1957,12.2,2689,15.1,3369,16.5,6369,39.7,6751,37.9,7508,36.8,7724,48.1,8380,47,9541,46.7,189,10.6,261,13.3,267,12.8,285,16.4,281,14.2,298,14.2,1280,72.9,1418,72.5,1525,73,824,8.2,1184,11.3,1279,12.1,1310,13,1242,11.9,1218,11.4,7958,78.8,8032,76.8,8131,76.5,165,11.1,275,15.2,286,15.3,295,20.3,306,17.1,301,15.9,1005,68.6,1215,67.7,1301,68.8,276,11.2,434,15.7,496,17,708,28.3,724,26.4,741,25.6,1506,60.5,1594,57.9,1666,57.4,3409,10.7,4841,13.9,5701,15,8971,28.2,9308,26.8,10063,26.5,19474,61.1,20639,59.3,22157,58.4,31858,100,34789,100,37919,100
502,976,10.2,1431,13.3,1803,14.6,4389,45.9,4440,41.3,4912,39.9,4191,43.8,4871,45.3,5605,45.5,84,10.4,138,14.5,134,13.3,125,15.2,95,9.6,97,9.9,612,74.4,749,76,770,76.8,405,9.5,573,12,571,11.4,504,11.8,475,10,493,9.9,3358,78.7,3723,78,3923,78.8,84,11,157,14.6,203,17.9,139,18.2,174,15.9,187,16.4,540,70.8,760,69.5,748,65.8,147,11.8,220,13.9,297,16.5,329,27.2,395,24.6,444,24.9,747,61,974,61.5,1047,58.6,1697,10.2,2528,13.2,2996,14.1,5491,33,5570,29.1,6135,28.9,9449,56.8,11075,57.8,12096,57,16631,100,19174,100,21229,100
503,2269,15.8,3242,20.6,3858,21.1,4839,33.7,4384,27.8,4978,27.3,7267,50.6,8114,51.6,9405,51.6,130,8.5,209,12.2,261,12.2,351,22.9,324,19,448,20.8,1049,68.5,1188,68.8,1428,67,785,9.2,1162,12.3,1459,13.8,1649,19.3,1537,16.2,1826,17.3,6097,71.5,6757,71.5,7286,68.9,261,10,426,15.5,492,15,623,24.2,544,19.7,697,21.1,1701,65.8,1789,64.9,2115,64,215,12.3,338,17.6,400,19.2,557,31.7,502,26.2,568,27.1,986,56,1076,56.2,1121,53.7,3663,12.7,5379,17,6472,17.8,8018,27.9,7291,23.1,8512,23.4,17103,59.4,18925,59.9,21355,58.8,28783,100,31597,100,36334,100
504,2997,15.6,4121,19,4909,20.2,6976,36.2,6806,31.3,7437,30.6,9279,48.2,10792,49.7,11988,49.3,297,11.1,456,14.9,515,15.5,493,18.4,419,13.8,469,14.2,1900,70.5,2175,71.3,2320,70.2,1390,9.9,2064,12.8,2444,13.4,1898,13.5,1848,11.4,2059,11.3,10766,76.6,12271,75.8,13686,75.3,450,14.8,644,17.7,688,17.6,649,21.5,625,17.2,642,16.6,1921,63.7,2369,65.1,2556,65.8,603,13.9,877,18.3,980,18.2,1332,30.7,1303,27.1,1387,25.7,2405,55.4,2623,54.6,3032,56.2,5728,13.2,8167,16.5,9526,17.3,11348,26.2,10998,22.3,11998,21.8,26265,60.6,30230,61.2,33576,60.9,43350,100,49391,100,55097,100
505,6388,15,8502,18.2,10167,19.5,15037,35.3,14455,31,15871,30.4,21143,49.7,23660,50.7,26202,50.2,670,10.4,991,13.9,1099,14.5,1141,17.6,1115,15.7,1101,14.5,4658,72,4996,70.4,5383,71,2991,9.2,4422,12.2,5354,13.7,4383,13.5,4114,11.4,4687,12,25077,77.3,27642,76.4,29068,74.3,1018,12.8,1559,16.7,1614,16.4,1540,19.3,1566,16.7,1580,16,5408,67.9,6226,66.6,6646,67.6,1264,13.3,1754,16.7,2152,18.2,2685,28.2,2618,24.9,2831,23.9,5559,58.5,6124,58.3,6847,57.9,12336,12.5,17233,15.7,20386,16.9,24789,25,23865,21.7,26076,21.6,61856,62.5,68646,62.5,74141,61.5,98977,100,109748,100,120605,100
506,5764,15,7805,18.8,9096,20,13582,35.3,12817,30.9,13814,30.3,19148,49.7,20923,50.4,22669,49.7,528,10.4,897,15.1,1058,15.3,870,17.3,846,14.2,888,12.9,3649,72.3,4199,70.7,4953,71.7,2642,10,4301,13.5,5008,14,3476,13.2,3581,11.2,3992,11.2,20190,76.7,23977,75.3,26789,74.9,749,13.1,1260,18.3,1382,18.1,1158,20.2,1102,16,1122,14.7,3829,66.7,4526,65.7,5161,67.3,1094,13.4,1557,17.7,1769,18.7,2274,27.8,2278,25.8,2404,25.4,4811,58.9,4978,56.5,5282,55.9,10775,12.9,15822,16.6,18320,17.4,21364,25.5,20622,21.7,22220,21.1,51632,61.6,58607,61.7,64856,61.5,83771,100,95047,100,105397,100
507,4262,13.7,6120,17.7,7449,18.7,11301,36.3,10927,31.6,12032,30.2,15610,50.1,17562,50.7,20339,51.1,451,10.5,651,13.3,721,13,623,14.4,574,11.7,692,12.4,3234,75.1,3671,75,4149,74.6,1973,8.7,3135,12,3779,13,2712,11.9,2662,10.2,3196,11,18054,79.4,20368,77.9,22063,76,590,11.2,1025,16.3,1075,16,997,18.9,974,15.5,1058,15.7,3697,69.9,4284,68.2,4607,68.3,802,12,1218,16,1414,16.7,1899,28.6,1867,24.5,2002,23.6,3943,59.3,4529,59.5,5061,59.7,8086,11.5,12150,15.3,14441,16.1,17534,25,17010,21.4,18973,21.2,44536,63.5,50418,63.4,56213,62.7,70159,100,79575,100,89631,100
509,2204,15.5,2418,16.2,2770,17.8,6533,45.9,6571,44,6500,41.7,5479,38.5,5952,39.8,6312,40.5,219,16.1,208,15.7,219,15.5,304,22.6,285,21.7,309,22.2,825,61.3,820,62.6,868,62.3,1084,13.8,954,13,946,13.8,1472,18.7,1266,17.3,1120,16.4,5299,67.5,5095,69.7,4767,69.8,143,15.2,199,18.7,199,17.8,293,30.4,272,25.1,284,25.1,520,54.4,603,56.2,647,57.1,261,14.1,348,16.8,353,16.5,694,37.8,731,35.7,715,33.8,888,48.2,981,47.6,1044,49.6,3912,14.9,4120,15.4,4482,16.6,9292,35.5,9127,34.2,8923,33,13017,49.6,13448,50.4,13642,50.4,26221,100,26699,100,27046,100
510,646,12.7,914,17,952,18.3,1467,28.7,1374,25.5,1348,26,3005,58.7,3098,57.5,2891,55.6,69,12.4,113,15.9,128,16.4,101,17.9,105,15,129,17.3,394,69.7,486,69.1,509,66.3,629,11.4,800,13.5,791,13.5,904,16.4,870,14.6,927,15.8,3995,72.3,4284,72,4179,70.8,20,6.8,64,14.6,61,14.3,75,22.1,84,19.5,65,15.2,253,71.1,290,65.9,295,70.5,75,9.5,129,17.9,120,16.8,227,29.5,192,26.3,192,26.1,464,61,398,55.8,422,57.1,1443,11.7,2025,15.3,2059,15.8,2778,22.5,2620,19.9,2672,20.5,8112,65.8,8564,64.8,8285,63.7,12331,100,13210,100,13008,100
511,1230,12.2,1566,15.5,1840,17.2,3799,37.7,3714,36.6,3725,34.8,5051,50.1,4852,47.9,5131,48,133,12.6,150,12.7,148,13.8,206,19.1,191,16.6,199,18.7,734,68.3,830,70.7,716,67.6,741,9.9,777,11.4,806,12.5,1115,14.9,900,13.1,814,12.7,5649,75.3,5156,75.5,4793,74.7,111,14,114,12.1,112,13.3,199,25.6,188,20.1,173,20.8,466,60.5,645,67.8,548,65.9,187,11.7,244,14.9,242,15.4,481,29.8,454,28,430,27.1,936,58.5,926,57.2,906,57.5,2404,11.4,2847,13.8,3145,15.3,5799,27.6,5445,26.3,5339,26,12839,61,12404,59.9,12096,58.8,21039,100,20701,100,20577,100
597,0,0,0,0,0,0,0,0,0,0,0,0,0,0,0,0,0,0,0,0,0,0,0,0,0,0,0,0,0,0,0,0,0,0,0,0,0,0,0,0,0,0,0,0,0,0,0,0,0,0,0,0,0,0,0,0,0,0,0,0,0,0,0,0,0,0,0,0,0,0,0,0,0,0,0,0,0,0,0,0,0,0,0,0,0,0,0,0,0,0,0,0,0,0,0,0,0,0,0,0,0,0,0,0,0,0,0,0,0,0,0,0,0,0
599,0,0,0,0,0,0,0,0,0,0,0,0,0,0,0,0,0,0,0,0,0,0,0,0,0,0,0,0,0,0,0,0,0,0,0,0,0,0,0,0,0,0,0,0,0,0,0,0,0,0,0,0,0,0,0,0,0,0,0,0,0,0,0,0,0,0,0,0,0,0,0,0,0,0,0,0,0,0,0,0,0,0,0,0,0,0,0,0,0,0,0,0,0,0,0,0,0,0,0,0,0,0,0,0,0,0,0,0,0,0,0,0,0,0
601,3854,18.9,4422,20.9,5853,22.9,7528,36.9,6821,32.3,7791,30.5,9014,44.2,9904,46.8,11880,46.5,455,18.7,454,18.9,587,21.5,463,19.1,433,17.9,441,16.1,1508,62.1,1522,63.1,1697,62.4,2040,16.5,2377,19,2878,20.1,2010,16.2,1749,14,2134,14.9,8335,67.3,8382,67,9338,65.1,564,18.9,706,23.7,720,23.9,621,20.9,533,17.9,569,18.8,1787,60.2,1737,58.4,1721,57.3,651,18,732,20,915,21.1,1094,30.3,1018,27.9,1185,27.3,1866,51.7,1906,52.2,2238,51.6,7562,18.1,8686,20.3,10955,21.9,11722,28,10553,24.7,12120,24.3,22513,53.9,23442,54.9,26875,53.8,41801,100,42678,100,49945,100
602,2424,16.6,2737,18.8,3668,21.2,6386,43.8,5875,40.3,6499,37.5,5765,39.6,5970,40.9,7176,41.4,314,18.6,350,21.9,336,20.4,294,17.3,262,16.5,279,16.8,1091,64.1,987,61.6,1044,62.8,1261,16,1306,17.9,1508,19,1266,16.1,1103,15.1,1170,14.7,5329,67.9,4901,67,5255,66.3,337,19.4,343,20.6,369,22.9,439,25,348,21,340,21.2,971,55.6,971,58.4,899,55.9,368,16.1,469,20.3,573,20.8,776,34.1,713,31.1,826,30.2,1134,49.8,1117,48.7,1347,49,4701,16.7,5203,18.9,6457,20.6,9154,32.5,8305,30.3,9113,29.1,14290,50.8,13948,50.8,15718,50.2,28140,100,27450,100,31284,100
603,805,18.5,869,19.1,1125,21,1936,44.5,1943,42.7,2125,39.7,1611,37,1734,38.1,2101,39.3,93,23.3,91,21.3,108,26,77,19.3,74,17.3,75,18.2,229,57.4,255,61.4,237,55.8,405,18.9,363,19.7,406,19.5,373,17.3,292,15.6,343,16.4,1376,63.8,1195,64.7,1327,64.1,76,21.8,80,22,94,22.7,92,25.1,92,24.7,90,21.9,187,53.1,202,53.3,227,55.4,109,18.8,114,18,179,21.2,238,40.9,237,37.3,279,33.1,238,40.3,286,44.7,389,45.7,1496,19,1523,19.4,1912,21,2712,34.6,2633,33.7,2909,32,3640,46.4,3669,46.9,4278,47,7850,100,7820,100,9094,100
604,1809,15.1,2050,17,2597,18.9,5508,46.1,5156,42.8,5465,39.7,4636,38.8,4843,40.2,5700,41.5,213,16.5,249,20.9,244,21.2,283,22,187,16,190,16.5,805,61.6,753,63.1,721,62.4,901,14.5,871,15.7,1029,17.7,1002,16.1,832,15,790,13.6,4312,69.4,3842,69.3,4009,68.8,216,18.7,249,20.5,247,21.3,258,22,241,20,231,19.8,695,59.3,715,59.6,691,58.9,282,14.9,338,18,408,19.9,678,35.4,558,29.7,545,26.6,951,49.7,984,52.3,1104,53.6,3431,15.2,3758,17.2,4531,18.9,7734,34.3,6978,31.9,7223,30.1,11399,50.5,11141,50.9,12226,51,22565,100,21867,100,23975,100
697,0,0,0,0,0,0,0,0,0,0,0,0,0,0,0,0,0,0,0,0,0,0,0,0,0,0,0,0,0,0,0,0,0,0,0,0,0,0,0,0,0,0,0,0,0,0,0,0,0,0,0,0,0,0,0,0,0,0,0,0,0,0,0,0,0,0,0,0,0,0,0,0,0,0,0,0,0,0,0,0,0,0,0,0,0,0,0,0,0,0,0,0,0,0,0,0,0,0,0,0,0,0,0,0,0,0,0,0,0,0,0,0,0,0
699,0,0,0,0,0,0,0,0,0,0,0,0,0,0,0,0,0,0,0,0,0,0,0,0,0,0,0,0,0,0,0,0,0,0,0,0,0,0,0,0,0,0,0,0,0,0,0,0,0,0,0,0,0,0,0,0,0,0,0,0,0,0,0,0,0,0,0,0,0,0,0,0,0,0,0,0,0,0,0,0,0,0,0,0,0,0,0,0,0,0,0,0,0,0,0,0,0,0,0,0,0,0,0,0,0,0,0,0,0,0,0,0,0,0
701,1866,20.2,2195,20.4,2852,25.5,2671,28.9,2518,23.4,2895,25.9,4715,50.9,6057,56.2,5451,48.7,191,16,255,17.9,359,23.4,272,22.6,244,16.9,292,19,744,61.5,936,65.2,889,57.6,1080,14.3,1348,14.7,1766,19.1,1390,18.4,1330,14.5,1543,16.7,5092,67.3,6507,70.8,5926,64.2,202,18.7,284,20.8,296,22.1,241,22.4,291,21.2,274,20.7,635,58.9,789,58,764,57.2,349,21,413,22.8,508,25.4,448,27.1,452,25.2,505,25.1,861,51.8,932,52,989,49.4,3698,17.8,4484,18.3,5783,22.8,5030,24.2,4840,19.7,5513,21.8,12046,58,15221,62,14014,55.4,20771,100,24544,100,25313,100
702,963,19.6,1091,22.1,1224,22.7,1865,38,1809,36.5,2147,39.8,2085,42.4,2051,41.4,2026,37.5,173,20.6,220,29.2,195,25.3,273,32.7,227,29.4,291,37.6,391,46.7,318,41.4,287,37.1,1334,21.6,1352,24.1,1321,23,1894,30.7,1734,30.9,2035,35.4,2936,47.6,2526,45,2394,41.7,81,20.4,69,17.8,89,22.3,99,25.8,129,33.5,149,37.3,205,53.7,188,48.7,164,40.5,159,19.7,194,23.8,218,21.6,319,38.8,303,36.7,413,41,342,41.6,321,39.5,379,37.5,2707,20.6,2935,23.4,3049,22.9,4455,34,4195,33.5,5027,37.8,5959,45.4,5409,43.1,5246,39.4,13119,100,12533,100,13317,100
797,0,0,0,0,0,0,0,0,0,0,0,0,0,0,0,0,0,0,0,0,0,0,0,0,0,0,0,0,0,0,0,0,0,0,0,0,0,0,0,0,0,0,0,0,0,0,0,0,0,0,0,0,0,0,0,0,0,0,0,0,0,0,0,0,0,0,0,0,0,0,0,0,0,0,0,0,0,0,0,0,0,0,0,0,0,0,0,0,0,0,0,0,0,0,0,0,0,0,0,0,0,0,0,0,0,0,0,0,0,0,0,0,0,0
799,0,0,0,0,0,0,0,0,0,0,0,0,0,0,0,0,0,0,0,0,0,0,0,0,0,0,0,0,0,0,0,0,0,0,0,0,0,0,0,0,0,0,0,0,0,0,0,0,0,0,0,0,0,0,0,0,0,0,0,0,0,0,0,0,0,0,0,0,0,0,0,0,0,0,0,0,0,0,0,0,0,0,0,0,0,0,0,0,0,0,0,0,0,0,0,0,0,0,0,0,0,0,0,0,0,0,0,0,0,0,0,0,0,0
801,6352,19.9,8067,23.3,10804,24.7,9283,29.1,8535,24.7,10541,24.1,16265,51,18001,52,22337,51.1,690,15.2,874,19.1,1201,21,1049,23.2,779,17,1160,20.3,2783,61.6,2920,63.9,3350,58.7,3577,15.1,5197,18.7,6391,19.7,4353,18.3,4397,15.8,5968,18.4,15843,66.6,18151,65.4,20077,61.9,1037,17.7,1354,21.7,1597,23.2,1337,22.8,1252,20.2,1392,20.3,3487,59.5,3616,58.1,3877,56.4,1140,18.9,1353,22.5,1668,23.5,1516,25.2,1388,23.1,1566,22,3358,55.9,3275,54.4,3877,54.5,12796,17.8,16846,21.3,21663,22.6,17536,24.3,16352,20.7,20633,21.5,41736,57.9,45959,58.1,53523,55.9,72069,100,79159,100,95814,100
897,0,0,0,0,0,0,0,0,0,0,0,0,0,0,0,0,0,0,0,0,0,0,0,0,0,0,0,0,0,0,0,0,0,0,0,0,0,0,0,0,0,0,0,0,0,0,0,0,0,0,0,0,0,0,0,0,0,0,0,0,0,0,0,0,0,0,0,0,0,0,0,0,0,0,0,0,0,0,0,0,0,0,0,0,0,0,0,0,0,0,0,0,0,0,0,0,0,0,0,0,0,0,0,0,0,0,0,0,0,0,0,0,0,0
899,0,0,0,0,0,0,0,0,0,0,0,0,0,0,0,0,0,0,0,0,0,0,0,0,0,0,0,0,0,0,0,0,0,0,0,0,0,0,0,0,0,0,0,0,0,0,0,0,0,0,0,0,0,0,0,0,0,0,0,0,0,0,0,0,0,0,0,0,0,0,0,0,0,0,0,0,0,0,0,0,0,0,0,0,0,0,0,0,0,0,0,0,0,0,0,0,0,0,0,0,0,0,0,0,0,0,0,0,0,0,0,0,0,0
901,23,14,73,18.6,93,20.6,67,37.6,141,35.5,157,35.3,85,48.3,181,45.9,194,44.1,0,4.5,3,10.3,9,18.8,5,13.6,10,17.9,7,15.6,15,81.8,29,71.8,18,65.6,28,16.6,42,16.3,55,19.8,31,18.3,41,15.6,50,19.1,108,65.1,181,68.1,158,61.1,7,27.3,3,19.2,6,27.6,3,22.7,7,30.8,9,31,11,50,11,50,12,41.4,5,12.2,10,15.5,9,14.8,26,49,25,37.9,20,29.5,18,38.8,27,46.6,35,55.7,65,15,131,17.2,166,20.1,129,29.5,218,27.9,238,28.9,243,55.5,428,54.9,419,51,444,100,776,100,826,100
997,0,0,0,0,0,0,0,0,0,0,0,0,0,0,0,0,0,0,0,0,0,0,0,0,0,0,0,0,0,0,0,0,0,0,0,0,0,0,0,0,0,0,0,0,0,0,0,0,0,0,0,0,0,0,0,0,0,0,0,0,0,0,0,0,0,0,0,0,0,0,0,0,0,0,0,0,0,0,0,0,0,0,0,0,0,0,0,0,0,0,0,0,0,0,0,0,0,0,0,0,0,0,0,0,0,0,0,0,0,0,0,0,0,0
999,0,0,0,0,0,0,0,0,0,0,0,0,0,0,0,0,0,0,0,0,0,0,0,0,0,0,0,0,0,0,0,0,0,0,0,0,0,0,0,0,0,0,0,0,0,0,0,0,0,0,0,0,0,0,0,0,0,0,0,0,0,0,0,0,0,0,0,0,0,0,0,0,0,0,0,0,0,0,0,0,0,0,0,0,0,0,0,0,0,0,0,0,0,0,0,0,0,0,0,0,0,0,0,0,0,0,0,0,0,0,0,0,0,0
