SA4_CODE_2021,C21_SH_Tot_NPGH_6_mor,C21_SH_Tot_Tot,C21_SDRTHT_0b_s_a_b_NPGH_2,C21_SDRTHT_0b_s_a_b_NPGH_3,C21_SDRTHT_0b_s_a_b_NPGH_4,C21_SDRTHT_0b_s_a_b_NPGH_5,C21_SDRTHT_0b_s_a_b_NPGH_6mor,C21_SDRTHT_0b_s_a_b_Tot,C21_SDRTHT_1b_NPGH_2,C21_SDRTHT_1b_NPGH_3,C21_SDRTHT_1b_NPGH_4,C21_SDRTHT_1b_NPGH_5,C21_SDRTHT_1b_NPGH_6_mor,C21_SDRTHT_1b_Tot,C21_SDRTHT_2b_NPGH_2,C21_SDRTHT_2b_NPGH_3,C21_SDRTHT_2b_NPGH_4,C21_SDRTHT_2b_NPGH_5,C21_SDRTHT_2b_NPGH_6_mor,C21_SDRTHT_2b_Tot,C21_SDRTHT_3b_NPGH_2,C21_SDRTHT_3b_NPGH_3,C21_SDRTHT_3b_NPGH_4,C21_SDRTHT_3b_NPGH_5,C21_SDRTHT_3b_NPGH_6_mor,C21_SDRTHT_3b_Tot,C21_SDRTHT_4mb_NPGH_2,C21_SDRTHT_4mb_NPGH_3,C21_SDRTHT_4mb_NPGH_4,C21_SDRTHT_4mb_NPGH_5,C21_SDRTHT_4mb_NPGH_6_mor,C21_SDRTHT_4mb_Tot,C21_SDRTHT_NB_NS_NPGH_2,C21_SDRTHT_NB_NS_NPGH_3,C21_SDRTHT_NB_NS_NPGH_4,C21_SDRTHT_NB_NS_NPGH_5,C21_SDRTHT_NB_NS_NPGH_6_mor,C21_SDRTHT_NB_NS_Tot,C21_SDRTHT_Tot_NPGH_2,C21_SDRTHT_Tot_NPGH_3,C21_SDRTHT_Tot_NPGH_4,C21_SDRTHT_Tot_NPGH_5,C21_SDRTHT_Tot_NPGH_6_mor,C21_SDRTHT_Tot_Tot,C21_F_a_0b_s_a_b_NPGH_2,C21_F_a_0b_s_a_b_NPGH_3,C21_F_a_0b_s_a_b_NPGH_4,C21_F_a_0b_s_a_b_NPGH_5,C21_F_a_0b_s_a_b_NPGH_6_mor,C21_F_a_0b_s_a_b_Tot,C21_F_a_1b_NPGH_2,C21_F_a_1b_NPGH_3,C21_F_a_1b_NPGH_4,C21_F_a_1b_NPGH_5,C21_F_a_1b_NPGH_6_mor,C21_F_a_1b_Tot,C21_F_a_2b_NPGH_2,C21_F_a_2b_NPGH_3,C21_F_a_2b_NPGH_4,C21_F_a_2b_NPGH_5,C21_F_a_2b_NPGH_6_mor,C21_F_a_2b_Tot,C21_F_a_3b_NPGH_2,C21_F_a_3b_NPGH_3,C21_F_a_3b_NPGH_4,C21_F_a_3b_NPGH_5,C21_F_a_3b_NPGH_6_mor,C21_F_a_3b_Tot,C21_F_a_4mb_NPGH_2,C21_F_a_4mb_NPGH_3,C21_F_a_4mb_NPGH_4,C21_F_a_4mb_NPGH_5,C21_F_a_4mb_NPGH_6_mor,C21_F_a_4mb_Tot,C21_F_a_NB_NS_NPGH_2,C21_F_a_NB_NS_NPGH_3,C21_F_a_NB_NS_NPGH_4,C21_F_a_NB_NS_NPGH_5,C21_F_a_NB_NS_NPGH_6_mor,C21_F_a_NB_NS_Tot,C21_F_a_Tot_NPGH_2,C21_F_a_Tot_NPGH_3,C21_F_a_Tot_NPGH_4,C21_F_a_Tot_NPGH_5,C21_F_a_Tot_NPGH_6_mor,C21_F_a_Tot_Tot,C21_OD_0b_s_a_b_NPGH_2,C21_OD_0b_s_a_b_NPGH_3,C21_OD_0b_s_a_b_NPGH_4,C21_OD_0b_s_a_b_NPGH_5,C21_OD_0b_s_a_b_NPGH_6_mor,C21_OD_0b_s_a_b_Tot,C21_OD_1b_NPGH_2,C21_OD_1b_NPGH_3,C21_OD_1b_NPGH_4,C21_OD_1b_NPGH_5,C21_OD_1b_NPGH_6_mor,C21_OD_1b_Tot,C21_OD_2b_NPGH_2,C21_OD_2b_NPGH_3,C21_OD_2b_NPGH_4,C21_OD_2b_NPGH_5,C21_OD_2b_NPGH_6_mor,C21_OD_2b_Tot,C21_OD_3b_NPGH_2,C21_OD_3b_NPGH_3,C21_OD_3b_NPGH_4,C21_OD_3b_NPGH_5,C21_OD_3b_NPGH_6_mor,C21_OD_3b_Tot,C21_OD_4mb_NPGH_2,C21_OD_4mb_NPGH_3,C21_OD_4mb_NPGH_4,C21_OD_4mb_NPGH_5,C21_OD_4mb_NPGH_6_mor,C21_OD_4mb_Tot,C21_OD_NB_NS_NPGH_2,C21_OD_NB_NS_NPGH_3,C21_OD_NB_NS_NPGH_4,C21_OD_NB_NS_NPGH_5,C21_OD_NB_NS_NPGH_6_mor,C21_OD_NB_NS_Tot,C21_OD_Tot_NPGH_2,C21_OD_Tot_NPGH_3,C21_OD_Tot_NPGH_4,C21_OD_Tot_NPGH_5,C21_OD_Tot_NPGH_6_mor,C21_OD_Tot_Tot,C21_DS_NS_NPGH_2,C21_DS_NS_NPGH_3,C21_DS_NS_NPGH_4,C21_DS_NS_NPGH_5,C21_DS_NS_NPGH_6_mor,C21_DS_NS_Tot,C21_Tot_NPGH_2,C21_Tot_NPGH_3,C21_Tot_NPGH_4,C21_Tot_NPGH_5,C21_Tot_NPGH_6_mor,C21_Tot_Tot
101,18,1662,0,0,0,0,0,0,8,0,0,0,0,8,118,3,0,0,0,123,84,18,16,0,0,119,9,9,0,0,0,18,3,0,0,0,0,3,213,36,13,0,3,268,4,0,0,0,0,4,29,0,0,0,0,30,165,23,8,0,0,198,35,13,6,3,0,54,7,4,7,0,0,12,3,0,0,0,0,9,241,38,15,4,0,303,0,0,0,0,0,0,0,0,0,0,0,0,20,0,0,0,0,21,0,0,0,0,0,0,3,0,0,0,0,6,0,0,0,0,0,0,29,0,5,0,0,34,9,3,4,0,0,17,1871,261,100,18,29,2284
102,19,2816,3,0,0,0,0,3,8,0,0,0,0,8,167,6,0,0,0,177,208,34,7,0,0,248,17,10,6,0,0,27,11,0,0,0,0,11,416,49,9,0,0,472,0,0,0,0,0,0,10,0,0,0,0,10,285,14,5,0,0,305,93,53,4,0,0,155,15,4,0,0,0,13,12,4,0,0,0,17,412,78,8,0,0,498,0,0,0,0,0,0,5,0,0,0,0,5,25,0,0,0,0,25,12,4,0,0,0,14,0,0,0,0,0,0,3,0,0,0,0,6,49,3,0,0,0,50,9,0,0,0,0,5,3184,468,147,38,19,3845
103,8,1805,0,0,0,0,0,0,14,0,0,0,0,7,80,4,0,0,0,89,48,27,0,0,0,80,4,5,0,0,0,17,10,0,0,0,0,10,157,45,4,0,0,209,0,0,0,0,0,0,11,0,0,0,0,11,47,3,0,0,0,54,12,5,0,0,0,17,0,0,4,0,0,11,0,0,0,0,0,0,76,10,5,0,0,99,0,0,0,0,0,0,4,0,0,0,0,4,3,4,0,0,0,4,3,0,0,0,0,9,0,0,0,0,0,3,3,0,0,0,0,3,22,6,0,0,0,22,7,3,0,0,0,10,1721,303,80,30,6,2146
104,17,1484,0,0,0,0,0,0,10,0,0,0,0,7,100,6,0,0,0,103,68,22,0,0,0,97,4,5,3,0,0,14,3,0,0,0,0,3,186,29,6,0,0,228,0,0,0,0,0,0,18,0,0,0,0,20,101,9,4,0,0,112,28,8,0,0,0,43,7,0,0,0,0,7,6,0,0,0,0,5,161,20,7,3,0,185,4,0,0,0,0,8,0,0,0,0,0,4,11,0,0,0,0,11,10,0,0,0,0,10,0,0,0,0,3,6,0,0,0,0,3,3,28,0,3,0,3,37,7,0,0,0,0,7,1623,215,67,19,26,1943
105,11,1029,0,0,0,0,0,0,4,0,0,0,0,4,27,3,0,0,0,27,14,6,0,0,0,23,0,7,0,0,0,4,0,0,0,0,0,0,45,16,0,0,0,61,0,0,0,0,0,4,4,0,0,0,0,4,30,6,0,0,0,36,12,0,0,0,0,11,0,0,0,0,0,5,4,0,0,0,0,3,47,3,8,0,0,61,0,0,0,0,0,0,3,0,0,0,0,3,13,0,0,0,0,13,8,0,0,0,0,8,0,0,0,0,0,0,0,0,0,0,0,5,24,0,0,0,0,19,13,0,0,4,0,17,965,157,41,18,13,1193
106,14,2131,0,0,0,0,0,0,7,0,0,0,0,7,150,4,0,0,0,155,106,21,3,3,0,131,17,3,4,0,0,24,7,0,0,0,0,7,281,28,7,3,0,320,0,0,0,0,0,0,8,0,0,0,0,8,59,3,0,0,0,63,17,0,0,0,0,16,3,5,0,0,0,7,4,0,0,0,0,4,89,6,4,0,0,96,6,0,0,0,0,6,4,0,0,0,0,6,22,3,0,0,0,27,5,0,0,0,0,10,0,0,0,0,0,0,0,0,0,0,0,0,41,4,0,0,0,51,17,0,0,0,0,13,2196,295,72,29,16,2612
107,63,2220,0,0,0,0,0,0,13,0,0,0,0,13,188,5,0,0,0,191,209,136,22,0,0,376,6,19,29,7,0,63,9,0,0,0,0,7,421,168,53,6,0,654,0,0,0,0,0,3,46,0,0,0,0,43,865,64,5,0,0,931,116,240,28,8,0,385,6,6,15,9,0,40,14,4,0,0,0,20,1045,309,44,11,5,1418,0,0,0,0,0,0,4,0,0,0,0,4,22,4,0,0,0,24,3,7,0,0,0,6,0,0,5,0,0,12,0,0,0,0,0,0,34,6,5,0,0,48,0,5,0,0,0,9,2829,942,394,122,67,4347
108,15,2037,0,0,0,0,0,0,8,0,0,0,0,8,125,9,0,0,0,139,102,32,4,0,0,134,14,4,0,0,0,20,6,0,0,0,4,12,253,46,7,3,4,305,5,0,0,0,0,5,8,0,0,0,0,8,193,12,5,0,0,212,35,12,3,0,0,50,5,0,0,0,0,7,6,0,0,0,0,10,262,26,3,0,3,295,0,0,0,0,0,0,17,0,0,0,0,17,20,0,0,0,0,19,3,4,0,0,0,11,0,0,0,0,0,0,10,0,0,0,0,10,49,4,0,0,0,53,11,0,0,0,0,14,2309,277,74,32,20,2714
109,9,1095,0,0,0,0,0,0,13,0,0,0,0,13,141,10,0,0,0,154,35,9,3,0,0,46,3,0,0,0,0,6,10,0,0,0,0,8,199,20,4,0,0,229,0,0,0,0,0,0,3,0,0,0,0,3,23,3,0,0,0,20,0,0,0,0,0,0,0,0,0,0,0,0,0,0,0,0,0,0,25,3,0,0,0,28,0,0,0,0,0,0,0,0,0,0,0,0,0,0,0,0,0,0,0,0,0,0,0,0,0,0,0,0,0,0,0,0,0,0,0,0,8,0,0,0,0,8,7,0,4,0,0,12,1094,174,63,20,8,1362
110,16,1811,0,0,0,0,0,0,14,0,0,0,0,14,133,10,4,0,0,147,39,6,0,0,0,45,0,0,0,0,0,3,3,5,0,0,0,6,190,22,0,0,0,217,0,0,0,0,0,0,8,0,0,0,0,8,28,0,0,0,0,29,12,0,0,0,0,13,0,4,0,0,0,3,0,0,0,0,0,0,40,7,0,0,0,53,0,0,0,0,0,0,8,0,0,0,0,9,3,0,0,0,0,3,5,0,0,0,0,5,3,0,0,0,0,3,0,0,0,0,0,0,17,3,0,0,0,27,13,0,0,0,0,19,1685,270,110,33,18,2114
111,62,4397,3,0,0,0,0,3,17,0,0,0,0,19,440,30,0,0,0,469,302,330,40,6,0,680,20,30,42,20,3,120,13,0,0,0,0,15,797,396,83,21,8,1310,3,0,0,0,0,3,45,0,0,0,0,46,529,24,0,0,0,551,99,110,5,3,0,220,9,6,10,3,4,33,18,0,0,0,0,16,697,138,16,6,3,867,5,0,0,0,0,5,8,0,0,0,0,8,27,0,0,0,0,31,3,0,0,0,0,3,3,0,0,0,0,6,3,0,0,0,0,3,47,6,0,0,0,56,7,5,0,0,0,13,4351,1528,515,178,78,6640
112,36,3093,0,0,0,0,0,0,4,0,0,0,0,8,259,12,0,0,0,268,287,96,15,3,0,404,22,13,14,5,3,54,21,3,0,0,0,24,595,124,32,6,5,764,0,0,0,0,0,0,14,0,0,0,0,19,262,6,0,0,0,270,66,22,4,3,0,94,7,3,4,0,0,12,11,0,0,0,0,10,350,43,15,0,0,407,0,0,0,0,0,0,13,0,0,0,0,10,43,0,0,0,0,43,8,7,0,4,0,9,0,0,0,0,0,0,0,0,0,0,0,0,64,3,0,4,0,70,19,0,0,0,0,18,3271,716,242,89,43,4357
113,27,1433,0,0,0,0,0,0,3,0,0,0,0,3,53,3,0,0,0,52,20,11,0,0,0,36,0,0,0,0,0,0,5,0,0,0,0,5,86,17,0,0,0,100,3,0,0,0,0,3,10,5,0,0,0,8,128,19,0,0,0,147,7,11,5,0,0,28,0,4,0,0,0,4,5,0,0,0,0,8,151,33,9,0,0,197,0,0,0,0,0,0,0,0,0,0,0,0,14,3,0,0,0,17,3,0,0,0,0,3,0,3,0,0,3,6,4,0,0,0,0,3,19,11,0,0,0,32,8,0,0,0,0,8,1283,300,110,48,34,1772
114,10,1348,0,0,0,0,0,0,5,0,0,0,0,5,83,0,0,0,0,87,47,8,0,0,0,56,3,3,0,0,0,10,0,0,0,0,0,0,138,12,3,0,0,157,0,0,0,0,0,0,3,0,0,0,0,8,20,0,0,0,0,25,10,0,0,0,0,12,7,0,0,0,0,8,4,0,0,0,0,4,51,4,0,0,0,54,0,0,0,0,0,0,0,0,0,0,0,0,18,0,0,0,0,18,12,0,0,0,0,12,0,0,0,0,0,0,3,0,0,0,0,3,29,0,0,0,0,29,3,0,0,0,0,8,1334,163,61,22,11,1599
115,17,798,0,0,0,0,0,0,4,0,0,0,0,4,25,0,0,0,0,25,36,11,5,0,0,52,15,7,0,3,0,25,0,0,0,0,0,3,74,15,9,4,0,106,0,0,0,0,0,0,9,0,0,0,0,9,130,8,16,0,0,156,27,10,9,0,0,45,6,0,3,5,0,10,0,0,0,0,0,0,168,17,18,4,3,216,0,0,0,0,0,0,3,0,0,0,0,3,3,0,0,0,0,4,0,0,0,0,0,0,0,0,0,0,0,0,0,0,0,0,0,0,10,0,0,0,0,5,0,0,0,0,0,3,800,177,86,45,15,1127
116,50,2329,0,0,0,0,0,0,0,0,5,0,0,3,83,13,3,0,0,92,149,49,15,11,0,230,34,17,26,15,6,95,4,0,0,0,0,7,272,83,46,22,7,436,6,0,0,0,0,6,19,0,0,0,0,19,284,53,11,3,0,348,53,25,5,12,3,102,4,0,7,0,0,12,10,4,0,0,0,13,371,86,25,20,12,505,0,0,0,0,0,0,0,0,0,0,0,0,4,0,0,0,0,4,0,0,0,0,0,3,0,0,0,0,0,0,0,0,0,0,0,0,0,0,0,0,0,4,3,0,0,0,0,5,2205,607,274,126,64,3277
117,39,1010,3,0,0,0,0,5,49,4,4,0,0,56,794,61,7,5,0,868,515,1026,134,10,6,1685,125,218,581,166,53,1147,10,13,8,3,4,31,1507,1332,723,182,60,3795,89,10,0,0,0,103,842,45,7,5,4,906,5896,751,326,109,46,7137,568,1112,217,71,42,2015,37,47,80,27,9,208,112,41,25,11,10,196,7548,2009,665,226,113,10562,4,0,0,0,0,4,18,0,0,0,0,20,90,4,0,0,0,100,20,57,6,4,0,83,3,11,16,9,0,39,4,6,0,0,0,9,140,83,20,13,0,251,32,5,8,0,0,43,9604,3746,1625,484,208,15664
118,42,687,0,0,0,0,0,0,7,0,0,0,0,12,180,17,5,0,0,200,183,264,27,7,0,474,42,70,145,42,13,310,11,3,3,0,0,21,421,357,176,51,9,1018,27,0,0,0,0,27,157,7,4,0,0,164,3925,223,23,0,0,4173,425,1021,92,8,0,1559,39,41,74,18,7,186,59,16,10,0,0,83,4628,1310,206,34,12,6194,0,0,0,0,0,0,7,0,0,0,0,7,65,5,0,0,0,64,9,33,0,0,0,49,0,3,7,6,0,11,6,0,0,0,0,6,82,44,13,6,0,136,9,5,0,0,0,18,5445,1883,513,144,65,8049
119,147,2463,0,0,0,0,0,4,7,0,0,0,0,9,183,21,9,0,0,212,194,67,15,7,8,291,74,36,34,12,17,161,8,9,0,0,4,18,462,125,52,22,27,695,16,5,0,0,0,19,193,18,3,0,0,211,2636,700,293,74,16,3716,278,326,153,73,30,856,28,30,43,13,13,122,84,39,26,0,3,150,3225,1112,519,164,66,5086,0,0,0,0,0,0,6,0,0,0,0,6,43,5,0,0,0,51,15,10,0,0,0,26,7,0,3,3,0,18,4,0,0,0,0,4,78,20,9,3,3,105,27,16,8,0,0,51,5232,1727,874,331,239,8398
120,73,1280,6,0,0,0,0,6,20,0,0,0,0,18,261,26,5,6,0,298,148,159,24,4,6,342,30,37,71,11,11,162,11,3,0,0,0,12,474,227,94,27,15,839,27,5,0,0,0,32,242,10,6,0,0,256,2725,555,274,85,17,3656,318,464,153,66,23,1013,20,19,31,14,8,90,55,26,13,6,3,100,3387,1078,476,163,52,5149,3,0,0,0,0,3,6,0,0,0,0,6,59,10,0,0,0,74,20,23,5,0,0,44,4,3,10,0,0,16,0,5,0,0,0,3,91,40,15,4,0,154,16,3,5,0,0,26,4576,1651,778,291,146,7442
121,26,992,0,0,0,0,0,0,8,0,4,0,0,3,69,6,0,0,0,75,99,67,8,0,0,177,13,17,21,0,0,49,0,0,0,0,0,4,194,90,31,0,4,319,14,0,0,0,0,13,204,7,0,0,0,214,2197,167,46,5,3,2411,278,375,38,5,0,700,16,10,11,7,4,54,32,8,3,0,0,48,2744,567,104,17,6,3445,0,0,0,0,0,0,0,0,0,0,0,0,18,0,0,0,0,18,3,4,0,0,0,6,0,0,0,0,0,0,0,0,0,0,0,0,24,5,0,0,0,31,7,5,5,0,0,11,3583,856,238,79,35,4799
122,24,927,3,0,0,0,0,3,10,0,0,0,0,10,52,0,0,0,0,59,46,39,0,0,0,85,6,4,11,3,3,34,0,0,0,0,0,0,115,50,18,10,8,189,9,0,0,0,0,9,77,0,0,0,0,80,1230,91,19,4,0,1343,96,210,17,3,0,329,8,3,16,6,0,34,25,5,0,0,0,24,1451,308,52,11,0,1828,0,0,0,0,0,0,5,0,0,0,0,5,10,0,0,0,0,12,3,8,0,0,0,8,0,0,0,0,0,0,0,0,0,0,0,0,20,11,0,0,4,30,7,3,0,0,0,12,2141,571,176,70,26,2990
123,17,1535,0,0,0,0,0,0,7,0,0,0,0,8,110,3,0,0,0,117,98,17,6,0,0,111,11,6,4,0,0,21,5,0,0,0,0,11,232,25,5,0,5,263,0,0,0,0,0,0,4,0,0,0,0,8,93,5,0,0,0,94,30,4,0,0,0,32,0,0,0,0,0,3,0,0,0,0,0,0,120,14,0,0,0,137,0,0,0,0,0,0,0,0,0,0,0,0,5,0,0,0,0,5,0,0,0,0,0,0,0,0,0,0,0,0,0,0,0,0,0,0,5,0,0,0,0,5,4,0,0,0,0,6,1602,225,75,30,19,1953
124,19,2164,0,0,0,0,0,0,4,0,0,0,0,4,78,4,0,0,0,82,226,42,13,0,0,276,33,14,6,6,0,58,3,0,0,0,0,3,348,59,19,4,0,433,0,0,0,0,0,0,19,0,0,0,0,19,296,14,0,0,0,309,36,17,0,0,0,50,0,0,0,3,0,4,7,0,0,0,0,7,357,33,0,3,0,392,0,0,0,0,0,0,0,0,0,0,0,0,5,0,0,0,0,5,5,0,0,0,0,3,0,0,0,0,0,0,0,0,0,0,0,0,11,0,0,0,0,14,10,0,0,0,0,12,2514,337,112,32,18,3012
125,165,2442,0,4,0,0,0,4,20,0,0,4,0,28,151,27,4,0,0,190,231,103,62,17,13,428,65,45,59,23,26,220,14,6,4,3,3,34,491,178,136,47,43,898,13,3,0,0,0,18,245,19,4,4,0,273,2381,748,351,77,22,3581,289,358,174,107,55,980,20,18,29,9,10,89,60,39,29,10,3,147,3006,1189,592,218,96,5091,0,0,0,0,0,0,0,0,0,0,0,0,16,8,0,0,0,25,10,0,3,0,0,18,0,0,6,0,0,7,0,3,0,0,0,6,28,9,5,5,0,57,27,7,9,0,0,41,4802,1902,1061,462,309,8538
126,51,881,0,0,0,0,0,0,0,0,0,0,0,0,99,4,0,0,0,104,63,29,7,0,0,95,9,12,14,3,6,46,4,0,3,0,0,4,173,47,26,5,6,250,3,0,0,0,0,3,156,8,0,0,0,165,1098,123,27,0,0,1251,96,114,30,0,0,245,9,13,9,0,4,27,20,4,5,0,0,29,1383,258,65,7,5,1722,0,0,0,0,0,0,0,0,0,0,0,0,5,0,0,0,0,5,0,0,0,0,0,4,0,0,0,0,0,0,6,0,0,0,0,6,8,0,0,0,0,12,15,4,0,0,0,20,2050,493,202,77,59,2884
127,28,1697,0,0,0,0,0,0,13,0,0,0,0,16,97,8,0,0,0,101,121,28,8,6,0,163,25,8,3,0,0,42,4,0,0,0,0,13,261,39,15,12,3,332,11,0,0,0,0,12,36,3,0,0,0,40,478,50,12,0,0,543,59,34,4,5,0,102,5,9,0,0,0,18,26,3,0,0,0,33,615,101,24,9,0,747,0,0,0,0,0,0,0,0,0,0,0,0,3,0,0,0,0,3,0,0,0,0,0,3,0,0,0,0,0,0,0,0,0,0,0,0,5,0,0,0,0,6,15,0,0,0,0,14,2125,411,156,72,33,2794
128,3,599,0,0,0,0,0,0,0,0,0,0,0,0,56,0,0,0,0,61,99,28,5,0,0,121,8,8,4,0,0,17,4,0,0,0,0,0,169,28,10,0,0,209,6,0,0,0,0,6,26,0,0,0,0,26,723,26,0,0,0,752,73,50,4,0,0,129,0,0,3,0,0,5,15,4,0,0,0,24,843,84,6,0,0,938,0,0,0,0,0,0,3,0,0,0,0,3,18,0,0,0,0,18,3,3,0,0,0,5,0,5,0,0,0,5,0,0,0,0,0,0,21,7,0,0,0,30,4,0,0,0,0,4,1468,218,50,29,8,1774
197,0,0,0,0,0,0,0,0,0,0,0,0,0,0,0,0,0,0,0,0,0,0,0,0,0,0,0,0,0,0,0,0,0,0,0,0,0,0,0,0,0,0,0,0,0,0,0,0,0,0,0,0,0,0,0,0,0,0,0,0,0,0,0,0,0,0,0,0,0,0,0,0,0,0,0,0,0,0,0,0,0,0,0,0,0,0,0,0,0,0,0,0,0,0,0,0,0,0,0,0,0,0,0,0,0,0,0,0,0,0,0,0,0,0,0,0,0,0,0,0,0,0,0,0,0,0,0,0,0,0,0,0,0,0,0,0,0,0,0,0
199,0,0,0,0,0,0,0,0,0,0,0,0,0,0,0,0,0,0,0,0,0,0,0,0,0,0,0,0,0,0,0,0,0,0,0,0,0,0,0,0,0,0,0,0,0,0,0,0,0,0,0,0,0,0,0,0,0,0,0,0,0,0,0,0,0,0,0,0,0,0,0,0,0,0,0,0,0,0,0,0,0,0,0,0,0,0,0,0,0,0,0,0,0,0,0,0,0,0,0,0,0,0,0,0,0,0,0,0,0,0,0,0,0,0,0,0,0,0,0,0,0,0,0,0,0,0,0,0,0,0,0,0,0,0,0,0,0,0,0,0
201,26,1965,0,0,0,0,0,0,16,0,0,0,0,16,104,0,0,0,0,109,64,27,8,0,0,100,14,7,10,4,0,37,4,0,3,0,0,11,204,33,20,4,0,260,0,0,0,0,0,0,6,0,0,0,0,6,23,0,0,0,0,23,8,5,0,0,0,15,0,0,0,0,0,4,0,0,0,0,0,0,35,5,0,0,0,44,0,0,0,0,0,0,0,0,0,0,0,0,3,0,0,0,0,3,4,0,0,0,0,7,0,0,0,0,0,0,0,0,0,0,0,0,6,0,0,0,0,10,5,0,0,0,0,7,1742,360,130,34,25,2296
202,20,1799,0,0,0,0,0,0,0,0,0,0,0,0,96,5,0,0,0,99,51,22,3,0,0,81,0,0,3,6,0,11,0,0,0,0,0,0,152,34,3,4,0,194,0,0,0,0,0,0,3,0,0,0,0,3,3,0,0,0,0,10,0,0,0,0,0,0,0,0,0,0,0,0,0,0,0,0,0,0,10,0,0,0,0,14,0,0,0,0,0,0,0,0,0,0,0,0,0,0,0,0,0,7,3,0,0,0,0,5,4,0,0,0,0,4,0,0,0,0,0,0,11,3,0,0,0,11,3,3,0,0,0,8,1570,316,92,23,20,2025
203,77,3718,0,0,0,0,0,0,17,3,0,0,0,16,222,17,0,0,0,244,111,71,12,4,0,197,12,6,21,6,3,58,11,0,0,0,0,11,382,98,30,8,3,522,0,0,0,0,0,0,9,0,0,0,0,9,73,12,0,0,0,84,23,10,5,0,0,32,0,0,0,0,0,7,0,0,0,0,0,0,103,27,4,0,0,135,0,0,0,0,0,0,0,0,0,0,0,0,13,0,0,0,0,13,3,3,0,0,0,11,0,0,0,0,0,3,0,0,0,0,0,0,21,4,0,0,0,25,5,0,0,0,0,8,2790,937,464,134,83,4416
204,17,1514,0,0,0,0,0,0,6,0,0,0,0,7,95,3,0,0,0,103,25,8,0,0,0,30,0,0,3,0,0,3,4,0,0,0,0,8,135,11,3,0,0,149,0,0,0,0,0,0,0,0,0,0,0,0,10,0,0,0,0,14,4,0,0,0,0,5,0,0,0,0,3,4,0,0,0,0,0,0,20,4,0,0,3,24,0,0,0,0,0,0,0,0,0,0,0,0,6,0,0,0,0,6,5,0,0,0,0,3,0,0,0,0,0,0,0,0,0,0,0,0,20,0,0,0,0,17,3,0,3,0,0,11,1404,224,58,17,18,1718
205,23,2514,0,0,0,0,0,0,9,0,0,0,0,9,97,3,0,0,0,100,43,7,6,0,0,57,8,0,5,0,0,7,5,0,0,0,0,5,156,10,4,0,4,177,4,0,0,0,0,4,12,0,0,0,0,10,63,4,3,0,0,68,12,0,0,0,0,15,0,0,0,0,0,4,0,0,0,0,0,3,87,3,0,3,0,105,0,0,0,0,0,0,7,0,0,0,0,7,15,0,0,0,0,15,0,0,0,0,0,0,4,0,0,0,0,4,0,0,0,0,0,0,25,0,0,0,0,25,5,0,0,0,0,8,2389,296,75,29,30,2827
206,61,4260,6,0,0,0,0,12,56,10,3,0,0,70,2079,177,18,0,0,2270,947,2159,261,18,6,3388,131,254,703,226,64,1372,41,20,12,3,0,76,3253,2618,998,246,70,7185,36,0,0,0,0,40,881,36,4,0,0,928,10713,908,255,48,10,11935,813,1505,169,40,14,2537,41,39,105,15,13,207,173,52,9,4,0,242,12663,2539,553,106,31,15885,0,0,0,0,0,0,5,3,0,0,0,6,94,3,0,0,0,102,26,62,6,0,0,94,4,12,18,4,3,43,4,0,0,0,0,4,135,82,24,4,0,251,50,6,0,0,0,54,17649,6836,2436,558,160,27638
207,112,2446,0,0,0,0,0,3,9,0,0,0,0,8,416,33,3,0,0,451,279,239,36,11,5,569,65,50,94,21,7,238,8,6,0,0,0,18,776,331,139,29,8,1289,11,0,0,0,0,11,94,0,0,0,0,99,1305,115,31,3,0,1457,97,148,26,7,0,287,12,10,13,3,0,45,25,3,0,0,0,28,1538,292,77,13,6,1925,0,0,0,0,0,0,4,0,0,0,0,4,12,0,0,0,0,12,6,15,0,0,0,19,0,5,0,0,0,4,0,0,0,0,0,0,25,18,3,0,0,41,3,4,0,0,0,8,3442,1243,662,240,122,5709
208,44,1852,0,0,0,0,0,3,9,0,0,0,0,8,574,33,0,0,0,606,339,206,21,3,3,574,46,39,56,11,6,153,18,4,0,0,0,22,989,284,81,13,11,1374,8,0,0,0,0,8,104,3,5,0,0,114,1416,87,26,6,0,1547,141,160,23,5,0,336,12,8,16,10,0,47,26,7,0,0,0,33,1714,270,68,30,4,2084,0,0,0,0,0,0,0,0,0,0,0,4,40,0,0,0,0,41,8,9,5,0,0,19,0,0,4,3,0,10,0,0,0,0,0,5,53,15,8,3,0,75,3,0,0,0,0,4,3798,946,426,163,55,5393
209,115,4192,4,0,0,0,0,4,28,0,0,0,0,31,624,50,15,0,4,693,328,207,59,7,7,606,30,35,50,14,4,128,20,14,0,0,3,45,1027,313,130,27,12,1505,0,0,0,0,0,0,20,0,0,0,0,20,407,36,8,3,0,451,35,45,7,0,0,92,6,3,5,0,0,14,9,0,0,0,0,11,477,85,22,5,0,586,0,0,0,0,0,0,0,0,0,0,0,0,12,0,0,0,0,18,5,15,0,0,0,16,0,0,0,0,0,0,0,0,0,0,0,0,23,8,4,0,0,35,8,0,0,0,0,10,4069,1303,611,217,131,6326
210,57,2658,0,0,0,0,0,0,12,0,0,0,0,12,385,27,15,0,0,424,273,131,30,20,13,469,11,7,16,6,6,49,19,0,3,0,0,23,696,169,63,26,16,971,0,0,0,0,0,0,4,0,0,0,0,4,107,14,4,0,0,129,40,13,4,0,0,59,0,0,0,0,0,3,4,0,0,0,0,10,153,37,12,3,5,211,0,0,0,0,0,0,0,0,0,0,0,0,0,0,0,0,0,0,4,0,0,0,0,5,0,0,0,0,0,0,0,0,0,0,0,0,3,0,0,0,0,6,4,0,0,0,0,5,2583,674,345,167,77,3842
211,35,3570,3,0,0,0,0,3,8,0,0,0,0,13,285,19,0,0,0,314,202,65,18,3,0,291,28,15,13,4,6,65,7,0,0,0,0,11,544,109,32,6,6,690,0,0,0,0,0,0,10,0,0,0,0,10,112,7,0,0,0,120,23,0,0,0,0,28,0,0,0,0,0,0,0,0,0,0,0,0,147,10,4,0,0,154,0,0,0,0,0,0,0,0,0,0,0,0,3,0,0,0,0,3,0,0,0,0,0,4,0,0,0,0,0,0,0,0,0,0,0,0,5,0,0,0,0,7,3,3,0,0,0,8,3374,656,250,116,41,4438
212,232,7180,0,0,0,0,0,5,16,9,0,0,0,23,473,81,22,9,4,588,503,344,77,30,11,966,123,126,192,62,52,555,28,12,10,9,3,64,1147,580,307,103,67,2195,3,0,0,0,0,3,28,0,0,0,0,29,605,74,20,0,0,696,111,90,21,4,0,233,16,23,27,3,3,77,18,3,3,0,0,27,783,196,74,12,7,1071,0,0,0,0,0,0,0,0,0,0,0,0,4,0,0,0,0,6,0,0,0,0,0,0,0,6,0,0,0,6,0,0,0,0,0,0,10,6,0,0,0,13,12,5,8,0,0,21,6008,2336,1306,518,313,10484
213,196,7168,0,0,0,0,0,3,19,0,0,0,0,24,491,34,9,0,0,534,584,295,82,22,12,990,75,45,63,19,12,216,33,16,0,3,0,53,1201,388,160,51,22,1820,4,0,0,0,0,4,66,0,0,0,0,69,586,69,21,3,0,680,78,67,21,4,0,173,8,4,5,3,0,23,21,3,3,0,0,26,761,148,40,11,0,964,0,0,0,0,0,0,3,0,4,0,0,11,13,0,0,0,0,15,7,0,3,0,0,13,4,5,0,0,0,9,5,0,0,0,0,5,24,6,8,4,0,40,4,0,0,0,0,9,6349,2025,999,414,219,10006
214,12,2208,3,0,0,0,0,3,9,0,0,0,0,16,220,7,0,0,0,230,167,27,5,0,0,194,12,0,6,3,0,24,4,0,0,0,0,4,415,36,9,4,0,467,0,0,0,0,0,0,8,0,0,0,0,8,60,0,0,0,0,62,11,0,0,0,0,12,0,0,0,0,0,0,0,0,0,0,0,0,79,3,0,0,0,84,0,0,0,0,0,0,6,0,0,0,0,6,8,0,0,0,0,8,3,0,0,0,0,3,0,0,0,0,0,0,0,0,0,0,0,0,13,0,0,0,0,17,3,0,0,0,0,3,2311,340,70,38,13,2771
215,47,1571,0,0,0,0,0,0,9,0,0,0,0,9,58,6,0,0,0,66,38,9,3,0,0,48,0,0,0,0,0,0,3,0,0,0,0,3,111,14,8,0,0,136,0,0,0,0,0,0,8,0,0,0,0,11,48,13,6,0,0,61,10,0,0,0,0,7,0,0,0,0,0,0,0,0,0,0,0,0,61,11,4,0,0,81,4,0,0,0,0,4,7,4,4,0,0,11,8,0,0,0,0,8,3,7,0,0,0,8,0,0,9,0,0,15,0,0,0,0,0,0,21,9,15,0,0,47,27,0,0,0,0,26,1366,271,113,51,48,1858
216,25,1269,0,0,0,0,0,0,6,0,0,0,0,5,78,9,4,0,0,95,29,8,0,0,0,33,3,5,0,0,0,10,3,4,0,0,0,5,122,26,4,3,0,153,0,0,0,0,0,0,0,0,0,0,0,0,0,0,0,0,0,0,4,0,0,0,0,0,0,0,0,0,0,0,0,0,0,0,0,0,4,0,0,0,0,0,0,0,0,0,0,0,4,0,0,0,0,4,12,0,0,0,0,12,5,0,0,0,0,5,0,0,0,0,0,0,4,0,0,0,0,4,22,0,0,0,0,25,3,0,0,0,0,3,1105,226,81,25,26,1457
217,15,1197,0,0,0,0,0,0,3,0,0,0,0,3,66,0,3,0,0,67,12,12,0,0,0,22,5,0,0,0,0,9,5,0,0,0,0,7,89,12,4,0,0,105,0,0,0,0,0,0,4,0,0,0,0,5,20,0,0,0,0,23,8,0,0,0,0,5,0,0,0,0,0,0,0,0,0,0,0,0,28,0,0,0,0,31,0,0,0,0,0,0,5,0,0,0,0,5,0,0,0,0,0,0,8,0,0,0,0,5,0,3,0,0,0,4,0,0,0,0,0,0,11,5,0,0,0,15,0,0,0,0,0,0,1067,184,68,26,15,1359
297,0,0,0,0,0,0,0,0,0,0,0,0,0,0,0,0,0,0,0,0,0,0,0,0,0,0,0,0,0,0,0,0,0,0,0,0,0,0,0,0,0,0,0,0,0,0,0,0,0,0,0,0,0,0,0,0,0,0,0,0,0,0,0,0,0,0,0,0,0,0,0,0,0,0,0,0,0,0,0,0,0,0,0,0,0,0,0,0,0,0,0,0,0,0,0,0,0,0,0,0,0,0,0,0,0,0,0,0,0,0,0,0,0,0,0,0,0,0,0,0,0,0,0,0,0,0,0,0,0,0,0,0,0,0,0,0,0,0,0,0
299,0,0,0,0,0,0,0,0,0,0,0,0,0,0,0,0,0,0,0,0,0,0,0,0,0,0,0,0,0,0,0,0,0,0,0,0,0,0,0,0,0,0,0,0,0,0,0,0,0,0,0,0,0,0,0,0,0,0,0,0,0,0,0,0,0,0,0,0,0,0,0,0,0,0,0,0,0,0,0,0,0,0,0,0,0,0,0,0,0,0,0,0,0,0,0,0,0,0,0,0,0,0,0,0,0,0,0,0,0,0,0,0,0,0,0,0,0,0,0,0,0,0,0,0,0,0,0,0,0,0,0,0,0,0,0,0,0,0,0,0
301,8,1759,4,0,0,0,0,4,9,0,0,0,0,9,95,0,0,0,0,95,194,42,3,0,0,243,11,5,0,0,0,11,7,0,0,0,0,7,312,50,3,0,0,360,0,0,0,0,0,0,9,0,0,0,0,9,91,0,0,0,0,91,26,8,0,0,0,34,7,0,0,0,0,5,0,0,0,0,0,3,130,10,0,0,0,143,0,0,0,0,0,0,0,0,0,0,0,0,8,0,0,0,0,8,0,0,0,0,0,0,0,0,0,0,0,0,0,0,0,0,0,0,4,0,0,0,0,4,0,0,0,0,0,0,1868,303,76,15,8,2268
302,19,2012,0,0,0,0,0,0,9,0,0,0,0,5,143,7,0,0,0,154,279,121,17,7,4,421,25,25,15,0,0,65,8,10,0,0,0,16,471,157,31,3,6,667,7,0,0,0,0,7,37,0,0,0,0,40,742,48,16,0,0,805,112,73,11,4,0,200,6,6,4,0,0,17,16,7,0,0,0,18,920,134,29,4,0,1084,0,0,0,0,0,0,0,0,0,0,0,0,6,0,0,0,0,6,0,0,0,0,0,0,0,0,0,0,0,0,4,0,0,0,0,4,17,0,0,0,0,14,0,0,0,0,0,3,2834,689,189,52,28,3779
303,118,4351,0,0,0,0,0,0,17,0,0,0,0,22,242,13,0,0,0,256,545,447,77,15,10,1097,56,62,64,13,3,197,22,5,4,0,0,33,884,533,148,33,10,1609,6,0,0,0,0,7,78,5,0,0,0,79,1443,102,17,0,0,1562,209,232,32,6,3,479,13,15,3,4,0,42,28,3,4,0,0,43,1779,356,59,12,0,2212,0,0,0,0,0,0,6,0,0,0,0,9,13,0,0,0,0,13,3,0,0,0,0,6,0,0,0,0,0,0,0,0,0,0,0,0,21,4,0,0,0,20,15,0,0,0,0,17,4995,2017,774,292,132,8210
304,40,1469,0,0,0,0,0,0,7,0,0,0,0,7,61,3,0,0,0,62,89,67,4,3,0,162,7,8,9,0,0,22,0,0,0,0,0,0,158,72,14,6,0,252,0,0,0,0,0,0,19,3,0,0,0,20,877,49,4,0,0,933,109,218,16,3,0,346,15,14,22,5,0,54,7,3,0,0,0,15,1018,283,45,8,0,1360,0,0,0,0,0,0,0,0,0,0,0,0,0,0,0,0,0,0,0,0,0,0,0,0,0,0,0,0,0,0,0,0,0,0,0,0,0,0,0,0,0,6,5,6,0,0,0,8,2006,673,269,101,35,3094
305,82,3031,0,0,0,0,0,0,13,6,0,0,0,17,235,16,0,0,0,252,239,279,28,0,0,550,18,26,57,11,6,114,8,9,0,0,0,20,514,338,87,6,4,945,18,0,0,0,0,18,367,7,0,0,0,379,5534,382,71,14,0,5996,457,704,90,26,4,1280,25,30,47,19,0,123,84,9,3,0,0,105,6488,1136,216,57,3,7900,0,0,0,0,0,0,0,0,0,0,0,0,5,0,0,0,0,5,0,0,0,0,0,0,0,0,5,0,0,3,0,0,0,0,0,0,12,0,5,0,0,14,38,12,3,0,0,54,8211,2483,871,283,99,11938
306,24,2714,4,0,0,0,0,4,17,0,0,0,0,15,243,9,3,0,0,259,58,15,6,0,0,79,3,0,0,0,0,10,12,0,0,0,0,15,335,35,9,0,0,377,0,0,0,0,0,3,34,0,0,0,0,34,437,24,0,0,0,466,82,43,8,5,0,134,0,3,5,0,0,10,17,3,0,0,0,23,577,72,17,7,0,668,3,0,0,0,0,3,13,0,0,0,0,14,17,0,0,0,0,18,6,0,0,4,0,10,7,0,0,0,0,5,15,4,0,0,0,20,53,10,6,6,0,69,17,4,0,0,0,23,3083,518,167,57,31,3854
307,9,1138,0,0,0,0,0,0,0,0,0,0,0,0,43,3,0,0,0,46,25,8,3,0,0,36,6,0,0,0,0,9,0,0,0,0,0,0,84,19,3,0,0,104,0,0,0,0,0,0,0,0,0,0,0,0,0,0,0,0,0,0,0,0,0,0,0,4,0,0,0,0,0,0,0,0,0,0,0,0,10,0,0,0,0,9,4,0,0,0,0,4,5,0,0,0,0,5,0,0,0,0,0,8,0,0,0,0,0,4,0,0,0,0,0,0,0,0,0,0,0,0,10,4,0,0,0,20,6,0,0,0,0,8,1040,169,35,15,10,1274
308,11,1993,0,0,0,0,0,0,3,0,0,0,0,3,96,3,0,0,0,100,91,17,0,0,0,107,8,5,5,0,0,16,9,3,0,0,0,12,207,23,3,6,0,236,0,0,0,0,0,0,7,0,0,0,0,7,128,5,6,0,0,136,41,13,0,0,0,59,3,4,0,0,0,12,4,0,0,0,0,3,186,27,4,0,0,222,0,0,0,0,0,0,4,0,0,0,0,4,8,0,0,0,0,8,4,0,0,0,0,7,0,0,0,0,0,0,7,0,0,0,0,9,25,0,0,0,0,31,17,0,0,0,0,18,2075,323,73,13,8,2494
309,77,4770,3,0,0,0,0,6,28,0,0,0,0,27,784,38,4,0,0,824,1216,501,76,11,8,1806,135,79,68,11,7,299,51,20,11,0,4,80,2210,644,153,27,11,3045,16,4,0,0,0,18,162,5,0,0,0,163,2837,267,59,7,3,3177,341,318,62,16,5,738,19,24,31,4,7,81,61,11,0,3,0,83,3439,629,153,26,16,4260,4,0,0,0,0,4,12,0,0,0,0,12,24,4,0,0,0,29,3,0,0,0,0,4,0,0,0,0,0,0,0,0,0,0,0,0,40,3,0,0,0,47,36,8,0,0,0,46,8922,2211,748,178,102,12166
310,11,3442,0,0,0,0,0,0,12,0,0,0,0,14,112,0,0,0,0,108,318,81,8,3,0,418,33,16,9,0,0,61,10,6,5,0,0,16,495,104,19,5,0,615,0,0,0,0,0,0,6,0,0,0,0,6,43,0,0,0,0,43,13,7,0,0,0,20,3,0,0,0,0,3,0,0,0,0,0,0,62,9,0,0,0,72,0,0,0,0,0,0,3,0,0,0,0,3,5,0,0,0,0,7,0,0,0,0,0,0,0,0,0,0,0,0,4,0,0,0,0,4,21,0,0,0,0,21,11,0,0,0,0,14,3348,616,154,43,11,4167
311,20,3136,0,0,0,0,0,0,10,0,0,0,0,12,224,13,0,0,0,241,237,49,16,0,0,305,18,8,3,0,0,33,21,4,0,0,0,23,510,82,21,0,0,617,0,0,0,0,0,0,5,0,0,0,0,5,68,3,0,0,0,71,34,10,4,0,0,48,0,0,0,0,0,3,4,0,0,0,0,4,113,18,3,0,0,133,0,0,0,0,0,0,0,0,0,0,0,0,7,0,0,0,0,7,0,0,0,0,0,0,0,0,0,0,0,0,0,0,0,0,0,0,7,0,0,0,0,7,5,4,0,0,0,5,3103,576,159,46,20,3892
312,9,1553,4,0,0,0,0,4,5,0,0,0,0,5,129,17,0,0,0,152,97,29,0,0,0,131,5,5,0,0,3,18,12,0,0,0,0,12,257,54,8,0,3,318,0,0,0,0,0,0,11,0,0,0,0,6,87,12,0,0,0,93,39,10,0,0,0,52,0,0,6,0,0,0,9,0,0,0,0,9,141,20,3,0,0,168,0,0,0,0,0,4,3,0,0,0,0,9,8,0,0,0,0,8,5,0,0,0,0,7,4,0,0,0,0,3,4,6,0,0,0,4,27,4,0,0,0,30,18,6,0,0,0,28,1651,329,75,22,13,2096
313,26,2384,0,0,0,0,0,0,11,0,0,0,0,11,127,13,0,0,0,146,210,34,15,5,3,269,20,7,0,0,10,34,10,0,0,0,0,14,369,55,18,16,11,473,0,0,0,0,0,0,12,0,0,0,0,12,111,7,0,0,0,114,63,9,0,0,0,69,3,0,0,0,0,6,6,0,0,0,0,6,193,10,0,0,0,205,0,0,0,0,0,0,3,0,0,0,0,3,20,0,0,0,0,20,0,0,0,0,0,0,0,0,0,0,0,0,0,0,0,0,0,3,20,6,0,0,0,23,0,0,0,0,0,10,2536,363,108,52,39,3094
314,5,1367,0,0,0,0,0,0,5,0,0,0,0,5,86,6,0,0,0,84,352,57,5,0,0,410,29,6,0,0,0,33,6,0,3,0,0,3,469,62,11,0,0,541,0,0,0,0,0,0,0,0,0,0,0,0,34,0,0,0,0,38,19,5,0,0,0,19,0,0,0,0,0,4,0,0,0,0,0,4,55,7,4,0,0,72,0,0,0,0,0,0,0,0,0,0,0,0,0,0,0,0,0,0,0,0,0,0,0,0,0,0,0,0,0,0,0,0,0,0,0,0,5,0,0,0,0,3,0,0,0,0,0,0,1612,283,65,14,9,1985
315,0,578,0,0,0,0,0,0,3,0,0,0,0,4,76,0,0,0,0,78,17,3,0,0,0,26,0,0,0,0,0,3,3,0,0,0,0,3,106,7,0,0,0,117,0,0,0,0,0,0,0,0,0,0,0,0,25,0,0,0,0,25,9,3,0,0,0,11,3,0,0,0,0,4,0,0,0,0,0,0,37,4,0,0,0,45,6,0,0,0,0,4,5,0,0,0,0,5,0,0,0,0,0,0,5,0,0,0,0,3,3,0,0,0,0,3,3,0,0,0,0,5,17,0,0,0,0,22,18,0,0,0,4,20,635,115,18,11,0,785
316,18,3733,0,0,3,0,0,4,11,0,0,0,0,15,303,8,0,0,0,315,361,137,8,4,0,506,27,16,18,0,0,57,17,6,0,0,0,18,722,167,23,4,0,926,0,0,0,0,0,0,25,0,0,0,0,23,644,35,6,0,0,683,212,110,18,0,0,337,14,9,15,0,0,43,23,6,0,0,0,28,911,152,40,4,0,1114,5,0,0,0,0,5,4,0,0,0,0,3,15,0,0,0,0,15,0,0,0,0,0,0,7,0,0,0,0,6,3,0,0,0,0,0,31,4,0,0,0,33,12,3,0,0,0,14,4366,1006,342,74,25,5818
317,34,1543,0,0,0,0,0,0,8,0,0,0,0,8,174,14,0,0,0,184,143,40,8,3,0,189,10,5,6,0,3,20,3,0,0,0,0,0,334,53,11,6,4,409,0,0,0,0,0,0,0,0,0,0,0,0,65,4,0,0,0,68,28,12,0,0,0,39,3,7,0,0,0,12,0,0,0,0,0,0,94,21,3,0,0,124,3,0,0,0,0,3,0,0,0,0,0,0,0,0,0,0,0,0,6,0,0,0,0,5,3,0,0,0,0,4,0,0,0,0,0,0,5,0,0,0,0,8,0,0,0,0,0,0,1531,353,128,45,39,2088
318,14,2614,6,0,0,0,0,6,7,0,0,0,0,6,256,9,0,0,0,264,90,29,4,0,0,120,8,5,6,0,0,15,13,0,0,0,0,9,373,42,10,0,0,420,0,0,0,0,0,0,7,0,0,0,0,7,234,12,0,0,0,252,77,34,0,0,0,119,5,0,0,0,0,13,7,0,0,0,0,13,339,57,4,0,0,401,4,0,0,0,0,4,4,0,0,0,0,4,9,0,0,0,0,9,4,0,0,0,0,4,0,0,0,0,0,0,0,0,0,0,0,0,17,0,0,0,0,21,9,7,0,0,0,10,2654,581,176,44,11,3473
319,23,3559,0,0,0,0,0,0,3,0,0,0,0,3,130,11,3,0,0,140,97,12,9,0,0,120,9,7,4,0,0,15,10,3,0,0,0,12,247,27,12,0,0,295,0,0,0,0,0,0,15,0,0,0,0,15,82,10,0,0,0,94,26,9,0,3,0,38,4,3,0,0,0,7,3,0,0,0,0,3,135,18,0,3,0,159,5,0,0,0,0,8,13,0,0,0,0,10,35,0,0,0,0,35,3,0,0,0,0,10,6,0,0,0,0,5,5,0,0,0,0,5,67,6,0,0,0,72,14,0,0,0,0,20,3495,437,110,31,26,4099
397,0,0,0,0,0,0,0,0,0,0,0,0,0,0,0,0,0,0,0,0,0,0,0,0,0,0,0,0,0,0,0,0,0,0,0,0,0,0,0,0,0,0,0,0,0,0,0,0,0,0,0,0,0,0,0,0,0,0,0,0,0,0,0,0,0,0,0,0,0,0,0,0,0,0,0,0,0,0,0,0,0,0,0,0,0,0,0,0,0,0,0,0,0,0,0,0,0,0,0,0,0,0,0,0,0,0,0,0,0,0,0,0,0,0,0,0,0,0,0,0,0,0,0,0,0,0,0,0,0,0,0,0,0,0,0,0,0,0,0,0
399,0,0,0,0,0,0,0,0,0,0,0,0,0,0,0,0,0,0,0,0,0,0,0,0,0,0,0,0,0,0,0,0,0,0,0,0,0,0,0,0,0,0,0,0,0,0,0,0,0,0,0,0,0,0,0,0,0,0,0,0,0,0,0,0,0,0,0,0,0,0,0,0,0,0,0,0,0,0,0,0,0,0,0,0,0,0,0,0,0,0,0,0,0,0,0,0,0,0,0,0,0,0,0,0,0,0,0,0,0,0,0,0,0,0,0,0,0,0,0,0,0,0,0,0,0,0,0,0,0,0,0,0,0,0,0,0,0,0,0,0
401,59,2277,0,0,0,0,0,0,19,0,0,0,0,19,506,33,0,0,0,544,307,272,39,4,0,623,16,21,42,6,5,90,16,6,0,0,0,21,862,335,76,12,3,1298,10,0,0,0,0,10,73,0,0,0,0,75,986,133,10,4,0,1136,100,141,17,5,0,266,9,12,10,3,4,39,18,3,0,0,0,26,1200,288,42,9,4,1546,0,0,0,0,0,0,4,0,0,0,0,4,8,0,0,0,0,8,6,6,0,0,0,8,0,0,0,0,0,3,0,0,0,0,0,0,15,6,0,0,0,21,22,8,5,0,0,39,3472,1156,376,99,72,5175
402,84,4227,3,0,0,0,0,0,15,0,0,0,0,16,263,16,4,4,0,287,437,131,29,3,0,601,31,23,24,11,3,85,25,3,0,0,0,26,764,177,56,17,5,1020,0,0,0,0,0,0,12,0,0,0,0,12,198,19,7,0,0,221,27,12,8,0,0,43,0,0,0,0,0,0,3,3,0,0,0,7,241,32,11,0,0,286,0,0,0,0,0,0,4,0,0,0,0,4,0,0,0,0,0,0,0,0,0,0,0,3,0,0,0,0,0,0,0,0,0,0,0,0,11,3,0,0,0,17,16,0,0,0,0,20,4024,961,362,130,85,5564
403,41,3268,0,0,0,0,0,0,12,0,0,0,0,15,334,8,0,0,0,345,295,166,14,0,0,479,18,19,21,9,0,65,12,0,0,0,0,16,673,197,36,10,0,919,0,0,0,0,0,4,12,0,0,0,0,13,269,20,3,0,0,298,59,24,0,0,0,82,4,0,0,0,0,4,4,0,0,0,0,4,350,44,6,0,0,405,0,0,0,0,0,0,4,0,0,0,0,4,13,0,0,0,0,13,0,0,0,0,0,4,0,0,0,0,0,0,0,0,0,0,0,0,12,0,0,0,0,15,7,4,3,0,0,18,3320,909,257,92,41,4616
404,50,2627,4,4,0,0,0,8,22,0,0,0,0,22,429,24,0,0,0,454,347,221,31,3,0,603,27,24,31,7,7,95,6,4,0,0,4,15,844,269,62,9,6,1192,0,0,0,0,0,0,26,0,0,0,0,27,442,58,8,0,0,511,47,28,9,0,0,80,10,3,0,3,0,18,11,4,0,0,0,14,539,98,14,5,5,657,0,0,0,0,0,0,0,0,0,0,0,0,3,0,0,0,0,3,4,4,0,0,0,8,0,5,0,0,0,0,0,0,0,0,0,0,6,5,3,0,0,15,12,7,6,0,0,20,3011,1021,330,94,61,4515
405,5,901,0,0,0,0,0,0,0,0,0,0,0,0,16,0,0,0,0,16,24,0,0,0,0,25,3,0,0,0,0,0,0,0,0,0,0,0,42,0,0,0,0,47,0,0,0,0,0,0,0,0,0,0,0,0,10,0,0,0,0,10,4,0,0,0,0,4,0,0,0,0,0,0,0,0,0,0,0,0,12,0,0,0,0,12,0,0,0,0,0,0,3,10,5,0,0,15,5,0,0,0,0,7,5,0,0,0,0,5,0,0,0,0,0,0,3,0,0,0,0,9,20,10,5,0,0,36,4,0,0,0,0,9,888,81,24,3,5,996
406,4,586,0,0,0,0,0,0,4,0,0,0,0,4,35,0,0,0,0,32,98,14,3,0,0,119,4,0,8,0,0,16,3,0,0,0,0,4,148,18,7,0,0,174,0,0,0,0,0,0,3,0,0,0,0,3,28,0,0,0,0,35,5,0,0,0,0,4,0,0,0,0,0,0,0,0,0,0,0,0,41,6,0,0,0,44,0,0,0,0,0,0,0,0,0,0,0,0,4,0,0,0,0,5,0,0,0,0,0,5,4,0,0,0,0,4,4,6,0,0,0,18,11,9,0,0,0,23,8,0,0,0,0,10,704,93,26,6,6,843
407,18,1588,0,0,0,0,0,0,5,0,0,0,0,5,69,4,0,0,0,77,67,11,5,0,0,77,0,0,0,0,3,7,5,0,0,0,0,7,148,17,5,0,3,167,0,0,0,0,0,0,3,0,0,0,0,7,34,0,0,0,0,34,5,0,0,0,0,3,0,0,0,0,0,0,0,0,0,0,0,0,41,7,0,0,0,46,0,0,0,0,0,0,3,0,0,0,0,3,6,0,4,0,0,6,4,3,0,0,0,11,0,0,0,0,0,0,0,0,0,0,0,0,16,0,4,0,0,24,9,0,0,0,0,6,1526,194,62,28,25,1835
497,0,0,0,0,0,0,0,0,0,0,0,0,0,0,0,0,0,0,0,0,0,0,0,0,0,0,0,0,0,0,0,0,0,0,0,0,0,0,0,0,0,0,0,0,0,0,0,0,0,0,0,0,0,0,0,0,0,0,0,0,0,0,0,0,0,0,0,0,0,0,0,0,0,0,0,0,0,0,0,0,0,0,0,0,0,0,0,0,0,0,0,0,0,0,0,0,0,0,0,0,0,0,0,0,0,0,0,0,0,0,0,0,0,0,0,0,0,0,0,0,0,0,0,0,0,0,0,0,0,0,0,0,0,0,0,0,0,0,0,0
499,0,0,0,0,0,0,0,0,0,0,0,0,0,0,0,0,0,0,0,0,0,0,0,0,0,0,0,0,0,0,0,0,0,0,0,0,0,0,0,0,0,0,0,0,0,0,0,0,0,0,0,0,0,0,0,0,0,0,0,0,0,0,0,0,0,0,0,0,0,0,0,0,0,0,0,0,0,0,0,0,0,0,0,0,0,0,0,0,0,0,0,0,0,0,0,0,0,0,0,0,0,0,0,0,0,0,0,0,0,0,0,0,0,0,0,0,0,0,0,0,0,0,0,0,0,0,0,0,0,0,0,0,0,0,0,0,0,0,0,0
501,29,1643,0,0,0,0,0,0,0,0,0,0,0,3,51,0,0,0,0,52,75,17,5,0,0,97,5,0,3,0,0,9,5,0,0,0,0,5,145,21,3,0,0,173,0,0,0,0,0,0,0,0,0,0,0,0,15,0,0,0,0,18,8,0,0,0,0,9,5,0,0,0,0,5,0,0,0,0,0,0,28,0,0,0,0,32,0,0,0,0,0,0,0,0,0,0,0,0,5,0,0,0,0,5,0,0,0,0,0,0,0,3,15,0,0,10,0,0,0,0,0,0,20,3,15,0,0,30,8,0,0,0,0,10,1487,265,88,17,29,1882
502,0,817,0,0,0,0,0,0,5,0,0,0,0,5,35,0,0,0,0,32,53,4,0,0,0,56,4,0,0,0,0,8,0,0,0,0,0,0,99,6,0,0,0,105,0,0,0,0,0,0,0,0,0,0,0,0,10,4,0,0,0,15,10,6,0,0,0,12,0,0,0,0,0,0,0,0,0,0,0,0,23,3,0,0,0,31,0,0,0,0,0,0,0,0,0,0,0,0,0,0,0,0,0,0,0,0,0,0,0,0,0,0,0,0,0,0,0,0,0,0,0,0,4,0,0,0,0,4,0,0,0,0,0,0,802,114,25,11,0,957
503,14,1336,0,0,0,0,0,0,9,0,0,0,0,9,219,16,4,0,0,234,226,203,17,4,0,445,21,12,26,8,6,73,10,4,0,0,0,12,484,233,46,11,6,779,9,0,0,0,0,9,109,6,0,0,0,115,1329,90,15,0,3,1437,169,191,30,4,0,392,3,0,8,0,0,16,28,9,0,0,0,33,1648,293,49,9,3,2002,0,0,0,0,0,0,0,0,0,0,0,0,7,0,0,0,0,7,0,3,0,0,0,4,0,0,5,0,0,0,0,0,0,0,0,0,11,4,5,0,0,15,0,0,0,0,0,0,2739,953,344,65,24,4130
504,28,2446,0,0,0,0,0,0,8,0,0,0,0,8,187,12,0,0,0,198,218,60,14,0,0,292,27,17,9,0,3,52,9,10,3,0,0,25,446,93,24,6,3,564,0,0,0,0,0,0,9,0,0,0,0,14,137,3,0,0,0,139,33,5,0,0,0,46,0,0,0,0,0,0,0,0,0,0,0,0,185,17,0,0,0,202,0,0,0,0,0,0,0,0,0,0,0,0,0,0,0,0,0,0,0,0,0,0,0,0,0,0,0,0,0,0,0,0,0,0,0,0,6,0,0,0,0,6,4,0,0,0,0,6,2462,539,146,61,29,3232
505,37,4034,0,0,0,0,0,0,21,4,0,0,0,23,450,26,0,0,0,480,792,276,40,0,0,1106,58,56,50,16,11,191,20,5,3,0,0,29,1341,366,89,26,15,1835,0,0,0,0,0,0,24,0,0,0,0,24,273,16,0,0,0,294,46,25,0,0,0,68,4,0,4,0,0,8,10,0,0,0,0,10,348,38,4,0,0,393,0,0,0,0,0,0,0,0,0,0,0,0,0,0,0,0,0,0,0,6,0,0,0,3,0,0,0,0,0,0,0,0,0,0,0,0,10,6,0,0,0,15,0,0,0,0,0,5,4577,1199,363,96,51,6281
506,93,5363,0,0,0,0,0,0,23,0,0,0,0,28,382,35,0,0,0,413,630,285,32,9,0,960,74,104,93,42,31,346,28,7,5,0,0,39,1140,420,140,49,31,1783,0,0,0,0,0,0,27,0,0,0,0,30,430,34,4,0,0,474,92,53,8,0,0,157,6,3,5,0,0,19,10,0,0,0,0,10,563,102,25,0,0,692,0,0,0,0,0,0,8,0,0,0,0,8,5,0,0,0,0,7,6,3,0,0,0,7,0,0,0,0,0,4,0,0,0,0,0,0,18,7,0,0,0,25,0,3,3,0,0,10,5155,1687,642,253,126,7864
507,36,3778,0,0,0,0,0,0,17,0,0,0,0,16,270,8,0,0,0,280,277,94,13,0,0,379,34,36,19,3,0,86,4,0,0,0,0,10,603,134,26,3,0,766,0,0,0,0,0,0,26,0,0,0,0,27,284,17,0,0,0,304,42,23,0,0,0,62,4,5,0,0,0,8,7,0,0,0,0,8,355,43,5,0,0,403,0,0,0,0,0,0,3,0,0,0,0,3,10,0,0,0,0,10,0,3,0,0,0,0,5,0,0,0,0,5,0,0,0,0,0,0,16,3,0,0,0,13,9,0,0,0,0,6,3629,937,294,89,31,4982
509,3,1112,0,0,0,0,0,0,0,0,0,0,0,0,22,0,0,0,0,27,16,3,0,0,0,18,3,0,0,0,0,3,6,0,0,0,3,7,46,5,6,0,3,54,0,0,0,0,0,0,0,0,0,0,0,0,3,0,0,0,0,7,0,0,0,0,0,0,0,0,0,0,0,0,0,0,0,0,0,0,4,0,0,0,0,8,3,0,0,0,0,3,0,0,0,0,0,0,0,0,0,0,0,0,0,0,0,0,0,0,0,0,0,0,0,0,0,0,0,0,0,0,9,0,0,0,0,12,5,0,0,0,0,5,997,145,42,10,10,1194
510,11,597,0,0,0,0,0,0,3,0,0,0,0,3,41,8,0,0,0,43,66,8,3,0,0,74,3,3,0,0,0,14,7,0,0,0,0,5,115,14,8,0,0,139,0,0,0,0,0,0,5,0,0,0,0,5,35,0,0,0,0,30,14,0,4,0,0,18,0,0,0,0,0,4,0,0,0,0,0,0,52,6,5,0,0,63,0,0,0,0,0,6,3,0,0,0,0,3,3,0,0,0,0,5,5,4,0,0,0,4,5,5,0,0,4,15,7,0,0,0,0,7,27,14,0,0,6,37,13,0,0,0,0,18,623,159,43,15,17,850
511,8,982,3,0,0,0,0,0,6,0,0,0,0,6,66,3,0,0,0,70,65,12,0,0,0,80,9,0,3,0,0,10,4,0,0,0,0,0,144,18,4,6,0,171,0,0,0,0,0,0,0,0,0,0,0,0,14,4,0,0,0,18,9,0,0,0,0,8,0,5,0,0,0,5,0,0,0,0,0,0,17,6,0,0,0,23,3,0,0,0,0,3,4,0,0,0,0,4,10,0,0,0,0,12,0,0,0,0,0,4,0,4,0,0,0,7,3,0,0,0,0,5,22,7,0,0,0,29,4,4,0,0,3,13,981,172,34,17,9,1220
597,0,0,0,0,0,0,0,0,0,0,0,0,0,0,0,0,0,0,0,0,0,0,0,0,0,0,0,0,0,0,0,0,0,0,0,0,0,0,0,0,0,0,0,0,0,0,0,0,0,0,0,0,0,0,0,0,0,0,0,0,0,0,0,0,0,0,0,0,0,0,0,0,0,0,0,0,0,0,0,0,0,0,0,0,0,0,0,0,0,0,0,0,0,0,0,0,0,0,0,0,0,0,0,0,0,0,0,0,0,0,0,0,0,0,0,0,0,0,0,0,0,0,0,0,0,0,0,0,0,0,0,0,0,0,0,0,0,0,0,0
599,0,0,0,0,0,0,0,0,0,0,0,0,0,0,0,0,0,0,0,0,0,0,0,0,0,0,0,0,0,0,0,0,0,0,0,0,0,0,0,0,0,0,0,0,0,0,0,0,0,0,0,0,0,0,0,0,0,0,0,0,0,0,0,0,0,0,0,0,0,0,0,0,0,0,0,0,0,0,0,0,0,0,0,0,0,0,0,0,0,0,0,0,0,0,0,0,0,0,0,0,0,0,0,0,0,0,0,0,0,0,0,0,0,0,0,0,0,0,0,0,0,0,0,0,0,0,0,0,0,0,0,0,0,0,0,0,0,0,0,0
601,65,2995,6,0,0,0,0,6,10,0,0,0,0,18,162,25,3,0,0,194,59,76,19,0,0,148,11,12,18,7,5,54,3,3,0,0,0,5,243,112,45,8,3,415,4,0,0,0,0,4,22,0,0,0,0,23,264,44,7,3,0,312,55,71,17,0,4,151,7,16,18,10,3,57,13,0,0,0,0,8,363,126,48,15,10,561,0,0,0,0,0,0,0,0,0,0,0,0,12,0,0,0,0,13,3,4,0,0,0,8,3,0,0,5,0,4,0,0,0,0,0,0,21,3,0,6,0,27,5,3,0,0,0,6,2392,940,436,162,78,4007
602,12,1563,0,0,0,0,0,0,4,0,0,0,0,4,81,8,0,0,0,97,26,32,5,0,0,58,4,8,8,3,0,23,6,0,0,0,0,6,132,44,13,3,0,190,0,0,0,0,0,0,12,3,0,0,0,19,92,9,4,0,0,105,12,9,3,0,0,21,3,0,3,0,0,5,4,0,0,0,0,5,126,23,5,3,0,155,0,0,0,0,0,0,0,0,0,0,0,3,8,0,0,0,0,8,4,0,0,0,0,8,0,0,0,0,0,0,0,0,0,0,0,0,15,0,0,0,0,24,5,0,0,0,0,4,1462,299,122,38,16,1938
603,4,334,0,0,0,0,0,0,0,0,0,0,0,0,4,0,0,0,0,4,3,0,0,0,0,3,0,0,0,0,0,0,0,0,0,0,0,0,7,0,0,0,0,8,0,0,0,0,0,0,0,0,0,0,0,0,4,0,0,0,0,4,0,0,0,0,0,0,0,0,0,0,0,0,0,0,0,0,0,0,3,0,0,0,0,3,0,0,0,0,0,0,0,0,0,0,0,4,0,0,0,0,0,3,0,0,0,0,0,0,0,0,0,0,0,0,0,0,0,0,0,0,5,0,0,0,0,8,4,0,0,0,0,0,309,33,12,0,5,356
604,10,1018,0,0,0,0,0,0,9,0,0,0,0,9,54,0,0,0,0,57,10,4,0,0,0,9,0,0,0,0,0,6,5,0,0,0,0,4,74,4,0,4,0,89,0,0,0,0,0,0,0,0,0,0,0,0,0,0,0,0,0,0,6,0,0,0,0,6,0,0,0,0,0,3,0,0,0,0,0,0,7,0,0,0,0,10,5,0,0,0,0,5,0,0,0,0,0,0,0,0,0,0,0,0,0,0,0,0,0,0,0,0,0,0,0,0,5,0,0,0,0,4,13,0,5,0,0,16,3,0,0,0,0,3,955,116,37,16,10,1132
697,0,0,0,0,0,0,0,0,0,0,0,0,0,0,0,0,0,0,0,0,0,0,0,0,0,0,0,0,0,0,0,0,0,0,0,0,0,0,0,0,0,0,0,0,0,0,0,0,0,0,0,0,0,0,0,0,0,0,0,0,0,0,0,0,0,0,0,0,0,0,0,0,0,0,0,0,0,0,0,0,0,0,0,0,0,0,0,0,0,0,0,0,0,0,0,0,0,0,0,0,0,0,0,0,0,0,0,0,0,0,0,0,0,0,0,0,0,0,0,0,0,0,0,0,0,0,0,0,0,0,0,0,0,0,0,0,0,0,0,0
699,0,0,0,0,0,0,0,0,0,0,0,0,0,0,0,0,0,0,0,0,0,0,0,0,0,0,0,0,0,0,0,0,0,0,0,0,0,0,0,0,0,0,0,0,0,0,0,0,0,0,0,0,0,0,0,0,0,0,0,0,0,0,0,0,0,0,0,0,0,0,0,0,0,0,0,0,0,0,0,0,0,0,0,0,0,0,0,0,0,0,0,0,0,0,0,0,0,0,0,0,0,0,0,0,0,0,0,0,0,0,0,0,0,0,0,0,0,0,0,0,0,0,0,0,0,0,0,0,0,0,0,0,0,0,0,0,0,0,0,0
701,15,1278,0,0,0,0,0,0,5,0,0,0,0,5,145,13,0,0,0,157,75,35,10,4,0,117,8,0,10,0,0,17,0,0,0,0,0,0,233,49,18,8,0,304,3,0,0,0,0,0,22,3,0,0,0,25,467,61,15,6,0,537,213,173,33,11,0,435,8,8,3,0,0,21,21,8,4,0,0,29,729,247,57,21,0,1055,0,0,0,0,0,0,0,0,0,0,0,0,0,0,0,0,0,0,0,0,0,0,0,0,0,0,0,0,0,0,4,0,0,0,0,4,7,0,0,0,0,11,3,0,0,0,0,3,1804,576,190,61,20,2654
702,10,691,0,0,0,0,0,0,14,0,0,0,0,18,93,11,0,0,0,108,32,22,0,0,0,57,3,0,0,0,0,9,6,0,0,0,0,6,154,38,4,3,0,193,0,0,0,0,0,0,4,0,0,0,0,4,15,0,0,0,0,15,7,3,0,0,0,7,0,0,0,0,0,0,4,0,0,0,0,5,25,3,0,0,0,27,3,0,0,0,0,3,4,0,0,0,0,4,6,0,0,0,0,8,0,0,0,0,0,0,3,0,0,0,0,5,0,0,0,0,0,0,19,0,4,0,0,20,13,4,3,0,0,15,649,208,66,23,10,951
797,0,0,0,0,0,0,0,0,0,0,0,0,0,0,0,0,0,0,0,0,0,0,0,0,0,0,0,0,0,0,0,0,0,0,0,0,0,0,0,0,0,0,0,0,0,0,0,0,0,0,0,0,0,0,0,0,0,0,0,0,0,0,0,0,0,0,0,0,0,0,0,0,0,0,0,0,0,0,0,0,0,0,0,0,0,0,0,0,0,0,0,0,0,0,0,0,0,0,0,0,0,0,0,0,0,0,0,0,0,0,0,0,0,0,0,0,0,0,0,0,0,0,0,0,0,0,0,0,0,0,0,0,0,0,0,0,0,0,0,0
799,0,0,0,0,0,0,0,0,0,0,0,0,0,0,0,0,0,0,0,0,0,0,0,0,0,0,0,0,0,0,0,0,0,0,0,0,0,0,0,0,0,0,0,0,0,0,0,0,0,0,0,0,0,0,0,0,0,0,0,0,0,0,0,0,0,0,0,0,0,0,0,0,0,0,0,0,0,0,0,0,0,0,0,0,0,0,0,0,0,0,0,0,0,0,0,0,0,0,0,0,0,0,0,0,0,0,0,0,0,0,0,0,0,0,0,0,0,0,0,0,0,0,0,0,0,0,0,0,0,0,0,0,0,0,0,0,0,0,0,0
801,93,3365,0,0,0,0,0,0,14,0,0,0,0,13,464,34,0,0,0,497,524,471,54,6,3,1062,63,55,85,24,7,246,9,0,0,6,4,24,1080,571,152,31,13,1845,3,0,0,0,0,3,132,4,0,0,0,138,1676,127,27,3,0,1831,170,349,27,5,5,556,13,14,24,8,0,58,23,4,0,0,0,27,2024,497,80,14,3,2612,0,0,0,0,0,0,0,0,0,0,0,0,0,0,0,0,0,0,5,0,0,0,0,4,0,0,0,0,0,0,0,0,0,0,0,0,12,0,0,0,0,11,12,3,0,0,0,15,4754,2004,746,222,114,7850
897,0,0,0,0,0,0,0,0,0,0,0,0,0,0,0,0,0,0,0,0,0,0,0,0,0,0,0,0,0,0,0,0,0,0,0,0,0,0,0,0,0,0,0,0,0,0,0,0,0,0,0,0,0,0,0,0,0,0,0,0,0,0,0,0,0,0,0,0,0,0,0,0,0,0,0,0,0,0,0,0,0,0,0,0,0,0,0,0,0,0,0,0,0,0,0,0,0,0,0,0,0,0,0,0,0,0,0,0,0,0,0,0,0,0,0,0,0,0,0,0,0,0,0,0,0,0,0,0,0,0,0,0,0,0,0,0,0,0,0,0
899,0,0,0,0,0,0,0,0,0,0,0,0,0,0,0,0,0,0,0,0,0,0,0,0,0,0,0,0,0,0,0,0,0,0,0,0,0,0,0,0,0,0,0,0,0,0,0,0,0,0,0,0,0,0,0,0,0,0,0,0,0,0,0,0,0,0,0,0,0,0,0,0,0,0,0,0,0,0,0,0,0,0,0,0,0,0,0,0,0,0,0,0,0,0,0,0,0,0,0,0,0,0,0,0,0,0,0,0,0,0,0,0,0,0,0,0,0,0,0,0,0,0,0,0,0,0,0,0,0,0,0,0,0,0,0,0,0,0,0,0
901,0,21,0,0,0,0,0,0,0,0,0,0,0,0,0,0,0,0,0,0,0,0,0,0,0,0,0,0,0,0,0,0,0,0,0,0,0,0,0,0,0,0,0,0,0,0,0,0,0,0,0,0,0,0,0,0,0,0,0,0,0,0,0,0,0,0,0,0,0,0,0,0,0,0,0,0,0,0,0,0,6,0,0,0,0,6,0,0,0,0,0,0,0,0,0,0,0,0,0,0,0,0,0,0,0,0,0,0,0,0,0,0,0,0,0,0,0,0,0,0,0,0,0,0,0,0,0,0,0,0,0,0,0,0,26,0,0,0,0,28
997,0,0,0,0,0,0,0,0,0,0,0,0,0,0,0,0,0,0,0,0,0,0,0,0,0,0,0,0,0,0,0,0,0,0,0,0,0,0,0,0,0,0,0,0,0,0,0,0,0,0,0,0,0,0,0,0,0,0,0,0,0,0,0,0,0,0,0,0,0,0,0,0,0,0,0,0,0,0,0,0,0,0,0,0,0,0,0,0,0,0,0,0,0,0,0,0,0,0,0,0,0,0,0,0,0,0,0,0,0,0,0,0,0,0,0,0,0,0,0,0,0,0,0,0,0,0,0,0,0,0,0,0,0,0,0,0,0,0,0,0
999,0,0,0,0,0,0,0,0,0,0,0,0,0,0,0,0,0,0,0,0,0,0,0,0,0,0,0,0,0,0,0,0,0,0,0,0,0,0,0,0,0,0,0,0,0,0,0,0,0,0,0,0,0,0,0,0,0,0,0,0,0,0,0,0,0,0,0,0,0,0,0,0,0,0,0,0,0,0,0,0,0,0,0,0,0,0,0,0,0,0,0,0,0,0,0,0,0,0,0,0,0,0,0,0,0,0,0,0,0,0,0,0,0,0,0,0,0,0,0,0,0,0,0,0,0,0,0,0,0,0,0,0,0,0,0,0,0,0,0,0
