SA4_CODE_2021,C11_1_74_1PF_CU15DS,C11_1_74_1PF_CU15NDS,C11_1_74_1PFnCU15DS,C11_1_74_1PF_NDCO,C11_1_74_Tot,C11_75_99_1PF_CU15DS,C11_75_99_1PF_CU15NDS,C11_75_99_1PFnCU15DS,C11_75_99_1PF_NDCO,C11_75_99_Tot,C11_100_149_1PF_CU15DS,C11_100_149_1PF_CU15NDS,C11_100_149_1PFnCU15DS,C11_100_149_1PF_NDCO,C11_100_149_Tot,C11_150_199_1PF_CU15DS,C11_150_199_1PF_CU15NDS,C11_150_199_1PFnCU15DS,C11_150_199_1PF_NDCO,C11_150_199_Tot,C11_200_224_1PF_CU15DS,C11_200_224_1PF_CU15NDS,C11_200_224_1PFnCU15DS,C11_200_224_1PF_NDCO,C11_200_224_Tot,C11_225_274_1PF_CU15DS,C11_225_274_1PF_CU15NDS,C11_225_274_1PFnCU15DS,C11_225_274_1PF_NDCO,C11_225_274_Tot,C11_275_349_1PF_CU15DS,C11_275_349_1PF_CU15NDS,C11_275_349_1PFnCU15DS,C11_275_349_1PF_NDCO,C11_275_349_Tot,C11_350_449_1PF_CU15DS,C11_350_449_1PF_CU15NDS,C11_350_449_1PFnCU15DS,C11_350_449_1PF_NDCO,C11_350_449_Tot,C11_450_549_1PF_CU15DS,C11_450_549_1PF_CU15NDS,C11_450_549_1PFnCU15DS,C11_450_549_1PF_NDCO,C11_450_549_Tot,C11_550_649_1PF_CU15DS,C11_550_649_1PF_CU15NDS,C11_550_649_1PFnCU15DS,C11_550_649_1PF_NDCO,C11_550_649_Tot,C11_650_749_1PF_CU15DS,C11_650_749_1PF_CU15NDS,C11_650_749_1PFnCU15DS,C11_650_749_1PF_NDCO,C11_650_749_Tot,C11_750_849_1PF_CU15DS,C11_750_849_1PF_CU15NDS,C11_750_849_1PFnCU15DS,C11_750_849_1PF_NDCO,C11_750_849_Tot,C11_850_949_1PF_CU15DS,C11_850_949_1PF_CU15NDS,C11_850_949_1PFnCU15DS,C11_850_949_1PF_NDCO,C11_850_949_Tot,C11_950over_1PF_CU15DS,C11_950over_1PF_CU15NDS,C11_950over_1PFnCU15DS,C11_950over_1PF_NDCO,C11_950over_Tot,C11_Rns_1PF_CU15DS,C11_Rns_1PF_CU15NDS,C11_Rns_1PFnCU15DS,C11_Rns_1PF_NDCO,C11_Rns_Tot,C11_Tot_1PF_CU15DS,C11_Tot_1PF_CU15NDS,C11_Tot_1PFnCU15DS,C11_Tot_1PF_NDCO,C11_Tot_Tot,C16_1_74_1PF_CU15DS,C16_1_74_1PF_CU15NDS,C16_1_74_1PFnCU15DS,C16_1_74_1PF_NDCO,C16_1_74_Tot,C16_75_99_1PF_CU15DS,C16_75_99_1PF_CU15NDS,C16_75_99_1PFnCU15DS,C16_75_99_1PF_NDCO,C16_75_99_Tot,C16_100_149_1PF_CU15DS,C16_100_149_1PF_CU15NDS,C16_100_149_1PFnCU15DS,C16_100_149_1PF_NDCO,C16_100_149_Tot,C16_150_199_1PF_CU15DS,C16_150_199_1PF_CU15NDS,C16_150_199_1PFnCU15DS,C16_150_199_1PF_NDCO,C16_150_199_Tot,C16_200_224_1PF_CU15DS,C16_200_224_1PF_CU15NDS,C16_200_224_1PFnCU15DS,C16_200_224_1PF_NDCO,C16_200_224_Tot,C16_225_274_1PF_CU15DS,C16_225_274_1PF_CU15NDS,C16_225_274_1PFnCU15DS,C16_225_274_1PF_NDCO,C16_225_274_Tot,C16_275_349_1PF_CU15DS,C16_275_349_1PF_CU15NDS,C16_275_349_1PFnCU15DS,C16_275_349_1PF_NDCO,C16_275_349_Tot,C16_350_449_1PF_CU15DS,C16_350_449_1PF_CU15NDS,C16_350_449_1PFnCU15DS,C16_350_449_1PF_NDCO,C16_350_449_Tot,C16_450_549_1PF_CU15DS,C16_450_549_1PF_CU15NDS,C16_450_549_1PFnCU15DS,C16_450_549_1PF_NDCO,C16_450_549_Tot,C16_550_649_1PF_CU15DS,C16_550_649_1PF_CU15NDS,C16_550_649_1PFnCU15DS,C16_550_649_1PF_NDCO,C16_550_649_Tot,C16_650_749_1PF_CU15DS,C16_650_749_1PF_CU15NDS,C16_650_749_1PFnCU15DS,C16_650_749_1PF_NDCO,C16_650_749_Tot,C16_750_849_1PF_CU15DS,C16_750_849_1PF_CU15NDS,C16_750_849_1PFnCU15DS,C16_750_849_1PF_NDCO,C16_750_849_Tot,C16_850_949_1PF_CU15DS,C16_850_949_1PF_CU15NDS,C16_850_949_1PFnCU15DS,C16_850_949_1PF_NDCO,C16_850_949_Tot,C16_950over_1PF_CU15_DS,C16_950over_1PF_CU15_NDS,C16_950over_1PFnoCU15_DS,C16_950over_1PF_NDCO,C16_950over_Tot,C16_Rns_1PF_CU15DS,C16_Rns_1PF_CU15NDS,C16_Rns_1PFnCU15DS,C16_Rns_1PF_NDCO,C16_Rns_Tot,C16_Tot_1PF_CU15DS,C16_Tot_1PF_CU15NDS,C16_Tot_1PFnCU15DS,C16_Tot_1PF_NDCO,C16_Tot_Tot,C21_1_74_1PF_CU15DS,C21_1_74_1PF_CU15NDS,C21_1_74_1PFnCU15DS,C21_1_74_1PF_NDCO,C21_1_74_Tot,C21_75_99_1PF_CU15DS,C21_75_99_1PF_CU15NDS,C21_75_99_1PFnCU15DS,C21_75_99_1PF_NDCO,C21_75_99_Tot,C21_100_149_1PF_CU15DS,C21_100_149_1PF_CU15NDS,C21_100_149_1PFnCU15DS,C21_100_149_1PF_NDCO,C21_100_149_Tot,C21_150_199_1PF_CU15DS,C21_150_199_1PF_CU15NDS,C21_150_199_1PFnCU15DS,C21_150_199_1PF_NDCO,C21_150_199_Tot,C21_200_224_1PF_CU15DS,C21_200_224_1PF_CU15NDS,C21_200_224_1PFnCU15DS,C21_200_224_1PF_NDCO,C21_200_224_Tot,C21_225_274_1PF_CU15DS,C21_225_274_1PF_CU15NDS,C21_225_274_1PFnCU15DS,C21_225_274_1PF_NDCO,C21_225_274_Tot,C21_275_349_1PF_CU15DS,C21_275_349_1PF_CU15NDS,C21_275_349_1PFnCU15DS,C21_275_349_1PF_NDCO,C21_275_349_Tot,C21_350_449_1PF_CU15DS,C21_350_449_1PF_CU15NDS,C21_350_449_1PFnCU15DS,C21_350_449_1PF_NDCO,C21_350_449_Tot
101,0,29,7,18,49,0,53,20,37,112,39,284,43,91,449,56,468,75,141,738,43,345,53,88,527,92,497,93,124,803,71,405,64,80,620,26,159,23,57,262,15,33,14,14,66,0,16,4,3,24,0,3,0,0,4,4,0,0,0,6,0,0,0,0,0,0,7,0,3,16,10,57,9,30,111,362,2332,402,689,3784,0,10,4,4,14,0,9,0,14,27,0,113,31,66,211,29,192,36,87,346,25,201,36,86,344,52,484,77,150,764,121,632,108,183,1041,84,388,77,132,680,22,83,18,31,151,4,24,3,5,39,5,10,0,0,10,0,0,0,0,4,0,0,0,0,0,0,7,0,3,14,8,56,7,39,115,356,2221,397,805,3778,0,4,3,0,13,0,6,0,7,19,9,59,15,49,134,28,147,14,68,252,10,125,16,59,212,31,256,43,119,443,65,512,69,223,873,112,661,99,234,1110
102,0,22,6,26,52,4,45,18,59,126,35,186,45,98,361,40,306,61,177,591,47,344,73,150,613,113,1103,213,366,1790,299,1630,304,521,2756,186,723,163,240,1311,36,131,25,38,237,10,26,5,11,56,0,0,0,3,4,0,0,0,0,0,0,0,0,0,0,3,17,4,3,31,13,99,14,50,173,787,4635,949,1741,8115,0,15,0,12,30,5,9,12,9,32,9,97,28,89,233,31,138,37,84,289,16,137,38,116,309,39,269,58,146,510,133,1057,219,526,1933,325,1721,368,655,3064,129,560,153,244,1094,43,126,37,47,256,13,35,8,6,57,5,13,3,12,26,0,4,0,0,4,0,0,0,0,3,8,78,13,58,159,754,4265,968,2010,8002,0,9,6,10,24,0,5,0,12,19,7,67,21,67,155,18,95,16,98,233,18,84,16,83,193,24,148,39,117,337,66,461,122,315,962,248,1827,374,894,3340
103,3,40,11,25,86,10,87,18,36,156,49,433,48,127,656,85,688,75,205,1054,50,388,44,93,582,76,491,68,86,716,60,274,44,53,429,23,93,19,13,144,0,18,0,0,19,0,0,0,0,0,0,0,0,0,3,0,0,0,0,6,0,0,0,0,0,3,11,0,3,20,9,83,16,29,133,378,2612,355,673,4017,7,20,9,21,54,0,25,4,14,41,21,190,39,103,353,56,378,64,141,639,56,314,47,108,523,82,570,75,175,899,119,705,104,170,1100,88,339,64,73,567,10,26,3,3,41,0,8,0,0,9,0,0,0,0,0,0,0,0,0,0,5,0,0,0,5,0,0,0,0,0,9,76,8,49,142,440,2657,413,853,4361,0,23,0,10,38,4,9,3,6,28,13,127,21,59,222,21,237,27,118,402,34,183,25,97,342,42,432,38,158,679,94,686,96,245,1117,120,628,92,166,1005
104,0,17,7,19,45,0,34,13,33,88,29,127,22,67,244,38,232,46,72,386,27,249,44,59,380,72,540,69,140,820,115,615,96,124,946,72,245,45,61,425,9,29,5,7,55,5,0,0,0,9,0,0,0,0,6,0,0,0,0,5,0,0,0,0,0,0,7,0,3,13,9,52,13,24,92,379,2152,370,599,3500,0,9,0,5,11,0,7,0,8,15,6,60,13,55,137,18,93,22,67,193,17,114,13,70,209,37,335,73,118,559,116,651,105,215,1094,130,499,98,142,871,33,98,15,34,176,4,14,4,0,28,0,7,0,0,12,5,0,0,0,9,0,0,0,0,0,0,0,0,0,6,3,44,10,21,79,374,1935,355,745,3404,0,8,0,3,9,0,3,0,0,6,3,19,5,17,42,6,55,8,43,119,5,55,6,31,103,20,174,27,99,312,56,424,64,192,731,114,706,122,300,1239
105,8,58,5,31,107,15,80,9,37,144,64,545,49,175,833,68,572,55,128,821,38,219,25,29,306,59,198,31,42,328,24,80,17,18,141,6,19,5,0,30,0,0,0,0,0,0,3,0,0,3,0,0,0,0,0,0,0,0,0,0,0,0,0,0,0,0,12,0,0,10,4,62,9,24,95,274,1854,197,491,2817,3,28,0,17,46,6,50,7,21,77,16,188,25,102,329,51,407,32,141,628,40,281,26,71,416,41,332,39,87,501,51,320,49,91,512,37,161,27,29,252,0,7,0,6,17,0,4,0,0,3,0,0,0,4,3,0,3,0,0,0,0,0,0,0,0,0,0,0,0,5,9,74,9,27,115,254,1857,216,593,2919,0,9,0,9,25,3,21,0,7,36,14,78,10,53,153,21,214,21,98,354,23,203,28,80,327,42,363,40,105,548,54,373,49,108,584,40,305,28,90,461
106,4,26,16,21,69,5,83,23,53,160,55,307,44,90,503,55,409,55,175,694,37,373,34,126,572,97,803,108,208,1219,168,802,112,205,1286,82,358,63,83,583,8,42,9,6,62,0,5,0,0,8,0,0,0,0,0,0,0,0,0,0,0,0,0,0,0,0,14,6,3,20,12,90,14,48,168,536,3309,479,1030,5350,0,11,0,5,21,0,18,0,10,34,15,176,31,96,318,43,249,40,118,452,22,198,19,108,347,54,622,77,195,955,157,1384,192,394,2129,194,997,175,256,1620,32,112,19,28,191,8,22,0,0,36,0,6,0,0,8,0,3,0,5,13,0,3,0,0,3,0,0,0,4,6,9,91,8,54,173,547,3891,579,1285,6302,0,16,0,10,24,3,4,0,7,9,0,33,0,35,74,7,79,20,93,196,14,123,18,67,230,41,344,51,144,577,131,970,117,416,1638,312,1671,224,562,2777
107,7,37,11,54,117,13,103,35,90,239,75,398,72,119,662,65,344,85,247,744,43,303,73,115,533,83,581,121,268,1052,146,866,202,282,1496,139,520,125,129,911,29,88,31,38,186,3,21,10,9,46,3,0,0,0,4,0,0,0,0,9,0,0,0,3,3,0,12,5,9,17,15,116,20,62,214,620,3383,790,1421,6219,0,17,3,18,42,4,26,5,16,52,21,235,62,152,481,59,242,64,112,477,31,144,40,158,376,54,253,51,148,510,86,607,158,325,1182,200,1055,262,447,1959,102,391,108,149,745,26,93,29,35,181,9,26,10,12,54,3,10,4,5,16,0,0,3,3,5,0,0,0,6,9,10,84,17,61,167,598,3169,825,1654,6246,0,18,0,14,35,0,13,4,19,37,14,174,39,137,366,44,200,19,134,396,30,115,28,116,292,37,148,33,145,367,40,366,80,198,689,134,915,194,507,1753
108,0,30,9,19,56,0,45,13,31,92,34,231,41,99,399,71,530,90,217,922,67,469,87,149,764,121,849,119,163,1255,141,662,105,139,1047,74,209,43,51,381,5,27,3,5,38,0,8,0,0,14,0,0,0,0,0,0,0,0,0,3,0,5,0,0,5,0,11,7,3,18,9,74,13,27,128,522,3149,532,907,5107,0,10,0,9,19,0,9,0,9,17,19,122,29,67,230,30,211,31,127,405,31,221,50,133,440,72,600,75,217,968,180,974,153,302,1611,158,645,138,180,1127,17,99,18,27,171,4,6,7,5,29,0,8,0,3,14,0,4,0,3,6,0,0,0,0,0,0,10,0,0,11,12,62,10,37,128,539,2981,528,1122,5164,0,8,0,9,14,0,3,5,0,11,4,23,4,20,56,7,78,12,69,169,15,107,15,78,225,36,274,45,167,531,89,735,123,323,1270,218,1088,172,433,1914
109,3,20,3,10,36,3,45,7,21,72,18,246,38,68,372,53,393,48,114,603,36,200,25,36,306,41,253,52,75,423,24,141,29,26,231,8,33,3,10,58,0,0,0,0,3,0,0,0,0,0,0,0,0,0,0,0,0,0,0,0,0,0,0,0,0,0,3,0,0,4,10,28,8,12,60,205,1368,221,377,2168,0,12,0,10,26,0,13,0,8,27,10,112,21,52,196,32,234,40,90,396,32,215,25,60,330,44,350,51,95,536,69,286,54,82,489,25,103,28,34,181,3,13,0,0,24,0,4,0,0,0,0,0,0,0,0,0,0,0,0,0,0,0,0,0,0,0,0,0,0,3,3,43,8,15,69,224,1375,233,451,2276,0,11,4,4,19,0,0,0,10,15,3,74,9,43,126,22,140,18,69,248,20,128,19,68,234,38,300,37,106,480,63,398,78,129,671,63,241,44,59,405
110,4,39,8,23,74,3,60,14,42,124,44,444,46,147,678,105,686,64,202,1052,63,430,41,96,623,68,547,65,89,775,48,298,59,52,454,15,93,8,16,133,3,10,0,4,18,0,0,0,0,3,0,3,0,0,0,0,0,0,0,0,0,0,0,0,0,0,8,0,0,12,12,68,9,25,112,358,2689,309,698,4063,3,18,5,7,32,3,24,4,16,44,17,189,25,92,322,48,405,42,151,646,42,315,38,121,516,78,619,66,172,932,117,747,83,177,1121,68,300,57,56,492,10,40,11,11,74,0,7,0,3,13,0,0,0,0,0,0,0,0,0,0,0,0,0,0,5,3,0,3,0,3,8,71,5,32,122,401,2732,340,844,4315,3,8,0,7,22,0,3,0,8,10,10,64,4,52,125,20,165,19,117,320,30,256,33,104,420,60,517,61,203,834,124,812,117,259,1304,104,564,86,151,910
111,6,47,15,35,92,12,107,40,89,254,70,374,77,147,665,69,394,70,238,770,38,292,69,125,526,107,817,150,323,1400,218,1304,245,369,2134,141,584,152,183,1058,22,115,30,42,209,6,19,13,11,47,4,8,5,0,18,0,0,0,3,3,0,3,0,0,4,0,9,0,4,13,24,117,21,65,226,707,4193,877,1634,7416,0,16,3,15,33,4,27,7,9,41,19,231,53,157,457,48,220,43,150,463,23,172,49,154,399,48,331,64,177,620,142,1044,230,510,1921,292,1500,371,523,2680,90,378,109,149,733,20,62,25,29,133,4,11,0,13,29,0,3,0,0,7,0,4,0,0,4,0,5,0,6,9,14,106,12,63,190,709,4109,960,1953,7737,0,9,0,20,28,0,8,4,5,18,10,124,38,109,279,37,198,31,119,378,15,117,11,111,260,51,211,52,168,475,71,549,102,338,1060,242,1618,350,774,2986
112,0,26,0,16,46,3,51,20,42,115,20,216,42,86,368,43,316,53,137,547,29,263,54,75,414,71,609,119,169,978,160,982,210,251,1610,157,722,155,191,1225,37,160,34,43,264,6,39,8,8,66,0,9,3,0,18,0,0,0,0,4,0,0,0,0,0,0,15,0,5,29,15,93,10,28,148,544,3503,715,1059,5823,5,7,3,9,23,0,5,3,13,19,17,86,22,68,198,30,175,37,96,342,19,157,32,105,311,43,403,80,146,678,135,871,212,322,1545,178,791,229,312,1511,62,299,86,114,557,18,108,36,34,196,10,40,0,9,55,3,11,3,10,24,4,7,4,0,13,0,5,3,0,17,5,76,9,51,142,527,3055,766,1282,5629,5,11,0,3,14,0,6,0,7,17,9,59,18,59,144,15,81,15,70,174,14,98,13,60,186,25,189,31,123,376,71,472,97,245,890,132,817,166,360,1486
113,0,24,9,24,61,9,75,12,38,137,20,328,41,97,488,57,499,81,162,801,47,313,37,70,467,58,343,42,65,498,47,238,30,62,375,20,63,12,20,109,4,8,3,3,18,0,4,0,0,7,0,0,0,0,0,0,0,0,0,4,0,0,0,0,0,0,7,0,3,14,10,82,8,17,116,276,1988,273,556,3093,0,13,0,6,18,0,23,3,16,39,15,206,20,80,326,44,331,34,141,552,37,219,32,92,373,60,411,57,120,650,71,469,61,117,717,54,161,31,47,298,8,14,3,6,32,0,0,0,0,3,0,0,0,0,3,0,0,0,0,0,0,0,0,0,0,0,0,0,3,4,7,42,8,34,92,295,1889,258,661,3106,0,9,3,7,19,0,9,0,10,18,12,112,15,41,181,32,230,21,101,388,23,184,22,115,342,46,399,47,137,632,84,575,81,171,910,68,358,48,104,576
114,0,13,6,16,32,3,27,9,10,44,14,103,21,54,195,34,235,52,93,415,35,254,47,77,409,78,519,94,129,816,96,412,64,98,672,38,124,18,26,205,9,17,7,9,36,5,6,3,4,20,0,0,0,0,4,3,3,0,0,9,0,0,0,0,0,0,11,4,4,14,3,37,6,25,75,321,1761,327,533,2944,0,7,0,6,11,0,4,4,6,14,0,55,12,37,102,16,97,7,53,185,6,117,27,39,186,24,240,47,124,437,87,535,116,207,941,90,368,75,120,653,28,66,22,15,124,3,16,7,9,39,0,4,3,8,10,0,3,0,4,4,0,0,0,0,0,0,8,0,0,4,11,45,5,29,89,271,1564,326,646,2814,0,0,0,6,5,0,0,3,4,7,3,7,6,15,31,5,28,4,29,66,5,69,12,42,121,23,139,23,63,246,36,308,58,172,567,104,605,96,265,1074
115,0,3,0,9,9,0,6,0,5,11,0,15,4,4,26,7,29,4,12,49,0,22,5,8,37,7,32,9,15,61,16,104,18,39,181,45,189,60,90,375,55,194,80,87,415,24,65,41,45,169,14,24,19,12,66,8,18,4,6,29,0,4,0,0,6,0,5,0,0,4,11,32,11,14,68,191,735,262,338,1517,0,0,0,0,6,0,0,0,0,5,0,7,5,0,12,4,7,4,6,22,0,4,9,9,20,4,15,3,12,35,7,34,5,28,78,26,113,28,50,220,51,186,89,116,441,71,201,91,110,476,30,85,34,53,206,20,27,16,21,83,9,12,13,8,41,3,17,10,9,35,6,21,11,12,50,231,727,323,436,1717,0,3,3,3,3,0,0,0,0,4,0,0,0,8,11,0,0,0,12,15,0,0,3,4,10,6,16,10,14,46,3,32,16,22,71,21,161,34,57,271
116,11,55,26,70,162,18,149,59,147,368,133,599,93,159,979,135,491,88,314,1024,68,287,45,164,567,87,486,71,209,854,165,1066,181,351,1759,183,931,189,267,1570,41,198,52,64,352,14,49,10,21,93,4,15,0,13,34,0,0,0,0,6,0,0,0,0,0,0,20,5,10,31,47,166,27,89,326,910,4492,855,1869,8133,3,22,0,22,51,0,34,13,25,72,34,363,60,159,608,81,367,62,161,679,52,175,24,155,405,80,237,56,156,526,130,679,139,405,1350,279,1390,340,666,2681,146,524,173,244,1089,61,194,71,96,420,22,63,22,34,146,3,13,0,6,23,0,5,0,6,11,0,9,0,0,9,33,133,28,92,287,924,4205,999,2231,8357,0,13,4,12,34,3,19,7,35,57,25,241,59,137,469,68,332,58,139,608,38,167,36,122,371,62,212,44,188,502,78,550,95,320,1033,286,1343,296,849,2776
117,0,32,22,55,114,8,101,53,116,276,31,211,88,145,471,30,159,51,159,395,17,78,21,53,159,23,102,36,88,246,22,205,77,149,460,31,288,99,159,579,26,192,67,118,398,8,153,55,79,298,8,79,40,39,160,3,36,19,23,76,0,14,6,19,48,0,21,28,17,74,22,62,28,50,165,223,1751,677,1273,3923,0,15,6,10,33,0,23,12,17,60,14,155,60,137,362,25,117,55,115,302,12,70,19,133,237,15,95,22,77,205,19,87,41,103,251,31,241,84,182,536,26,231,64,135,453,16,185,65,128,391,26,188,57,107,381,6,75,48,66,199,9,39,27,31,107,16,68,48,32,167,13,48,25,66,148,227,1633,636,1344,3845,0,5,4,16,28,0,11,5,19,34,3,102,39,104,253,22,99,33,114,262,10,63,29,74,172,18,90,33,88,235,16,88,35,97,232,20,244,85,194,537
118,5,16,5,29,55,4,40,24,50,121,15,97,21,46,183,10,103,28,77,220,10,25,16,22,70,10,36,15,39,97,3,105,34,77,224,36,299,106,197,634,35,295,114,172,612,16,187,73,87,365,14,108,30,42,186,13,68,28,18,117,3,32,16,15,72,28,81,47,28,186,15,57,32,57,157,206,1543,601,947,3301,0,7,6,8,13,0,17,3,7,26,7,77,33,57,177,13,80,20,55,167,14,35,18,44,115,11,37,18,35,103,8,40,29,55,126,16,112,46,78,248,18,243,96,171,537,41,292,96,136,566,29,187,64,88,371,12,96,43,48,206,12,74,23,32,139,42,215,94,63,417,7,45,23,54,126,218,1558,616,938,3333,3,0,9,9,15,0,9,0,3,15,3,67,10,45,118,14,63,17,50,142,5,41,13,51,105,9,47,15,48,121,12,28,24,44,101,3,94,38,69,206
119,9,37,33,42,114,3,97,66,145,308,90,264,105,203,662,79,280,97,271,737,49,161,38,106,361,59,290,91,223,661,153,947,301,531,1933,272,1453,395,714,2832,139,568,189,347,1236,32,165,56,77,334,10,46,14,28,102,3,13,4,11,35,0,10,0,0,13,9,23,0,6,30,39,155,72,137,399,946,4487,1470,2848,9757,0,14,3,22,40,0,18,9,24,57,33,198,100,195,524,54,178,99,185,528,52,158,57,217,476,59,172,87,161,478,65,349,132,299,854,198,1252,444,823,2726,249,985,352,685,2271,145,561,212,336,1259,78,216,83,126,501,14,57,21,34,130,4,25,8,18,52,7,20,10,21,61,34,145,69,143,391,1000,4349,1693,3296,10348,6,10,4,16,34,0,11,5,14,38,10,122,53,182,368,54,159,85,192,483,30,113,56,160,367,38,175,63,221,499,59,315,113,288,777,175,1141,376,862,2559
120,0,16,5,12,41,0,30,24,34,93,15,69,32,47,157,13,104,27,52,204,14,57,14,21,101,14,75,31,59,169,33,210,91,149,475,63,473,209,263,1008,52,334,136,184,699,30,176,75,88,370,17,81,29,33,165,3,24,13,18,63,0,9,11,8,25,12,26,9,5,46,3,54,28,47,135,267,1737,725,1031,3760,0,0,0,4,10,0,8,3,9,18,6,57,20,52,135,13,59,21,58,146,10,46,16,46,120,5,40,23,45,116,13,70,30,60,178,33,323,128,211,700,64,408,211,246,919,40,266,121,184,612,33,203,91,114,438,7,92,53,52,198,7,36,22,24,91,13,53,37,33,139,4,46,28,43,121,247,1704,816,1165,3944,0,4,0,12,13,0,3,0,0,9,10,36,17,47,109,13,42,16,48,116,3,37,13,45,97,7,45,24,46,117,13,61,22,47,142,43,269,128,197,640
121,0,14,3,10,27,0,9,16,19,47,6,45,19,24,95,7,42,18,31,98,0,23,13,11,53,4,27,19,25,78,4,102,47,80,228,44,360,184,222,811,60,379,219,193,855,61,212,149,108,523,42,131,97,57,324,19,91,52,17,182,12,46,32,21,106,36,78,60,23,205,9,44,25,43,126,311,1596,958,887,3754,0,4,0,8,16,0,6,6,0,13,3,26,9,43,83,12,18,26,28,81,3,22,12,20,59,8,16,16,10,56,10,43,27,31,110,9,159,65,127,365,61,413,191,238,898,59,378,193,206,828,52,256,154,123,584,51,156,97,74,381,26,93,52,41,215,75,155,153,84,467,5,26,35,42,109,379,1768,1030,1090,4261,4,9,3,0,15,0,0,0,6,9,0,9,5,7,24,0,9,16,24,51,5,21,11,21,62,10,34,12,33,87,9,43,14,46,110,25,244,86,145,507
122,0,5,0,5,8,0,7,0,13,21,9,39,15,15,80,9,38,18,23,80,6,25,8,12,52,10,36,11,20,72,9,76,25,40,152,29,306,98,161,590,49,261,77,146,528,49,160,55,79,334,24,109,47,48,229,20,79,31,20,148,10,24,15,15,63,17,39,25,23,102,0,29,12,33,80,233,1222,438,640,2535,0,8,0,5,6,0,0,0,0,4,4,18,3,23,51,5,22,11,17,55,4,13,5,16,42,0,22,12,23,59,0,26,10,28,63,11,92,32,63,203,32,288,89,165,575,38,207,93,114,450,35,148,52,70,299,27,101,47,60,234,20,63,36,32,148,45,104,45,42,245,3,31,11,27,74,223,1139,444,691,2502,0,0,0,0,0,0,0,0,6,6,0,3,4,5,8,0,12,7,10,29,0,9,5,19,33,7,33,13,15,68,9,22,8,30,72,6,62,14,42,121
123,3,44,20,32,103,13,102,37,95,243,85,529,56,110,775,67,334,41,184,628,33,189,32,102,357,74,390,83,209,758,167,817,164,309,1454,111,618,129,173,1025,46,124,32,48,243,4,27,5,4,46,3,8,0,3,9,0,0,4,0,0,0,0,0,0,0,0,7,0,5,13,19,130,20,74,242,631,3310,617,1352,5910,5,14,3,17,34,0,28,9,20,57,34,276,47,117,469,83,286,42,97,508,43,132,39,137,354,46,182,41,126,394,70,424,102,271,872,224,1192,231,560,2208,122,476,99,227,925,33,105,25,48,215,8,18,5,20,45,0,0,0,0,8,0,0,0,0,9,0,5,0,0,7,21,102,19,67,211,682,3240,660,1721,6293,0,9,0,14,23,0,10,4,15,29,11,178,34,110,339,62,256,36,93,447,36,121,16,115,297,44,167,21,128,364,51,375,66,171,670,216,1334,233,643,2423
124,4,31,7,22,66,3,55,20,49,130,33,160,41,71,303,64,248,48,140,495,39,265,57,108,468,80,572,96,223,974,224,1341,220,413,2196,154,730,145,237,1269,23,95,29,35,180,7,17,6,14,42,0,4,0,0,9,0,5,0,0,4,0,5,0,4,9,3,12,4,6,17,9,90,14,63,175,645,3614,684,1390,6331,0,13,9,6,28,0,15,0,9,24,8,119,24,73,231,23,145,29,82,274,18,110,23,65,221,48,222,47,125,436,80,689,124,319,1215,273,1656,326,699,2958,156,515,123,202,993,26,112,29,48,215,9,25,3,8,48,4,11,0,11,24,0,4,0,0,7,0,5,0,0,5,24,83,27,53,190,671,3733,770,1700,6879,0,6,0,8,20,0,10,0,6,25,6,79,16,53,160,20,119,30,75,242,16,94,18,58,182,31,171,32,112,349,48,504,93,241,889,245,1767,350,838,3197
125,6,45,26,46,118,12,89,67,122,295,75,308,119,165,666,68,260,90,202,621,32,142,41,68,282,47,259,76,152,529,123,730,216,451,1522,256,1063,311,503,2134,97,356,116,183,752,27,88,40,33,188,3,11,7,14,41,0,3,3,4,15,0,3,3,0,5,4,9,3,8,22,39,128,51,106,324,792,3494,1175,2050,7513,0,11,7,28,50,4,24,10,34,74,30,178,87,185,481,59,181,72,157,469,30,118,56,164,368,49,165,68,123,400,61,281,117,249,703,205,1034,312,708,2262,231,846,294,503,1869,92,302,115,197,714,24,110,30,68,230,13,41,13,22,98,3,12,4,4,26,4,8,5,3,19,20,100,63,119,300,824,3410,1247,2567,8046,0,4,3,17,29,4,16,8,17,42,13,100,54,175,343,35,150,59,160,407,16,98,30,143,288,38,154,61,165,418,56,277,100,205,637,167,1010,337,700,2216
126,0,3,3,3,17,0,15,6,19,38,9,43,20,23,101,6,44,14,35,98,4,8,10,14,39,0,37,11,35,82,5,107,51,87,248,36,257,106,145,543,36,149,79,98,359,12,69,33,46,161,3,19,17,6,52,0,14,9,5,26,0,3,6,4,17,0,0,4,3,10,13,23,15,22,74,139,794,378,548,1859,0,5,0,0,7,0,3,0,0,10,0,31,18,22,72,8,30,17,23,77,9,23,3,38,70,0,19,13,34,69,6,22,20,43,91,20,168,78,116,380,33,202,111,153,498,43,188,79,103,410,19,89,50,47,211,7,33,23,20,90,13,16,5,5,38,3,25,16,0,48,6,32,11,33,82,168,878,451,643,2141,0,4,0,3,7,0,0,0,5,4,0,3,8,16,22,0,10,13,25,46,0,23,15,15,50,4,19,20,31,68,8,44,18,61,129,28,223,87,142,481
127,3,38,36,55,136,5,97,71,122,290,116,344,130,165,760,78,332,107,266,785,55,227,60,128,477,75,490,134,293,990,178,920,245,511,1852,285,1028,249,524,2084,93,254,54,131,528,10,51,18,31,111,4,22,0,3,32,0,6,0,4,10,0,5,3,0,12,5,19,4,7,33,43,150,52,121,370,951,3959,1172,2368,8453,5,25,0,14,47,4,23,15,26,68,40,186,96,185,505,66,217,104,187,570,45,145,52,190,430,74,255,73,193,595,107,654,240,504,1513,288,1284,370,873,2817,257,828,289,575,1950,97,263,73,147,586,17,58,22,41,140,0,20,5,7,31,3,8,4,0,9,0,8,6,5,16,38,132,45,115,334,1044,4103,1387,3060,9600,0,14,0,17,42,4,8,3,25,39,22,115,61,166,359,48,188,63,196,493,35,125,51,184,396,62,250,81,219,619,105,512,178,436,1233,283,1259,372,1108,3018
128,0,11,4,8,28,4,25,3,21,51,9,61,16,24,116,16,69,19,30,140,10,43,19,26,95,9,66,12,42,127,19,216,66,103,411,69,433,123,223,842,56,232,86,96,472,27,100,36,42,207,13,34,12,22,80,0,5,10,5,21,0,6,3,0,8,3,4,0,0,8,5,32,10,18,61,235,1331,430,676,2666,0,5,0,0,8,0,4,0,5,11,5,34,14,26,77,14,34,13,30,91,6,33,10,34,84,6,39,17,23,81,9,76,14,63,165,27,362,100,195,685,50,309,100,175,629,43,176,76,111,403,26,103,47,37,216,10,27,16,20,72,4,11,4,3,21,0,10,14,6,37,7,35,13,34,90,216,1249,435,776,2679,0,3,0,5,6,0,4,0,0,4,0,27,8,31,61,4,23,19,38,89,7,18,12,17,56,8,36,10,29,79,4,39,22,44,107,25,271,70,155,521
197,0,0,0,0,0,0,0,0,0,0,0,0,0,0,0,0,0,0,0,0,0,0,0,0,0,0,0,0,0,0,0,0,0,0,0,0,0,0,0,0,0,0,0,0,0,0,0,0,0,0,0,0,0,0,0,0,0,0,0,0,0,0,0,0,0,0,0,0,0,0,0,0,0,0,0,0,0,0,0,0,0,0,0,0,0,0,0,0,0,0,0,0,0,0,0,0,0,0,0,0,0,0,0,0,0,0,0,0,0,0,0,0,0,0,0,0,0,0,0,0,0,0,0,0,0,0,0,0,0,0,0,0,0,0,0,0,0,0,0,0,0,0,0,0,0,0,0,0,0,0,0,0,0,0,0,0,0,0,0,0,0,0,0,0,0,0,0,0,0,0,0,0,0,0,0,0,0,0,0,0,0,0,0,0,0,0,0,0,0,0,0,0,0,0,0,0,0,0,0,0
199,0,0,0,0,0,0,0,0,0,0,0,0,0,0,0,0,0,0,0,0,0,0,0,0,0,0,0,0,0,0,0,0,0,0,0,0,0,0,0,0,0,0,0,0,0,0,0,0,0,0,0,0,0,0,0,0,0,0,0,0,0,0,0,0,0,0,0,0,0,0,0,0,0,0,0,0,0,0,0,0,0,0,0,0,0,0,0,0,0,0,0,0,0,0,0,0,0,0,0,0,0,0,0,0,0,0,0,0,0,0,0,0,0,0,0,0,0,0,0,0,0,0,0,0,0,0,0,0,0,0,0,0,0,0,0,0,0,0,0,0,0,0,0,0,0,0,0,0,0,0,0,0,0,0,0,0,0,0,0,0,0,0,0,0,0,0,0,0,0,0,0,0,0,0,0,0,0,0,0,0,0,0,0,0,0,0,0,0,0,0,0,0,0,0,0,0,0,0,0,0
201,3,16,0,18,33,4,54,27,32,118,43,285,44,72,454,70,430,70,139,703,35,292,52,83,466,70,452,87,99,703,40,179,43,31,295,7,30,6,9,52,3,0,0,0,7,0,5,0,0,3,0,0,0,0,0,0,0,0,0,0,0,0,0,0,0,0,3,0,3,9,4,57,10,15,82,280,1806,338,503,2927,0,3,3,6,12,4,18,8,3,28,20,180,36,60,294,26,194,38,73,339,21,200,33,101,358,71,588,110,214,988,103,478,106,124,809,47,131,32,38,248,3,12,3,7,21,0,7,0,0,5,3,0,5,0,6,0,0,0,0,0,0,0,0,0,4,0,0,0,0,3,8,46,8,22,80,301,1863,383,657,3200,3,13,7,9,25,0,5,4,8,20,17,101,17,71,212,28,112,28,58,222,10,111,16,70,212,36,373,57,189,663,105,713,123,273,1209,124,488,95,152,863
202,0,13,4,13,34,0,45,16,31,90,28,227,33,73,364,53,397,79,162,695,25,266,44,67,394,64,433,74,83,655,58,254,42,51,397,6,48,13,5,73,0,4,3,0,15,0,0,0,0,0,0,0,0,0,0,0,0,0,0,0,0,0,0,0,0,3,7,4,4,15,7,56,10,14,82,245,1750,316,505,2815,0,7,0,10,18,0,12,0,3,15,7,120,28,60,217,31,157,34,91,308,23,148,33,95,300,72,492,75,158,794,129,605,122,172,1035,45,163,50,36,293,7,17,3,4,26,0,6,0,3,13,0,0,0,0,0,0,0,0,0,0,0,0,0,0,0,0,0,0,0,0,6,35,7,19,65,326,1760,348,647,3083,0,7,0,4,8,0,13,5,4,14,12,104,14,59,181,18,91,16,61,188,16,88,21,59,185,51,307,49,151,557,110,601,129,236,1079,122,480,95,129,828
203,0,22,13,13,54,4,61,13,47,124,46,300,56,92,494,63,375,73,223,730,61,348,76,138,626,116,684,151,185,1129,139,602,132,146,1012,64,234,75,43,415,8,46,3,11,71,0,3,0,0,6,0,0,5,0,3,0,0,0,0,3,0,0,0,0,0,0,14,0,3,16,15,72,13,31,140,524,2762,607,927,4813,0,15,4,8,22,0,22,3,12,41,13,199,44,68,325,45,175,47,78,347,31,167,48,131,373,68,546,136,246,1001,165,993,256,332,1744,169,540,183,178,1065,32,67,28,33,157,4,21,7,0,32,0,0,6,5,6,0,5,0,0,5,0,0,0,0,0,0,0,0,0,5,14,76,20,46,159,552,2825,780,1137,5287,0,10,5,10,22,0,14,0,13,28,18,166,30,80,293,33,124,22,79,262,16,74,18,92,206,39,253,56,178,529,131,729,167,413,1442,244,1154,307,476,2185
204,0,26,7,15,46,7,79,12,26,115,42,295,42,68,452,90,488,89,195,858,37,317,57,71,484,69,406,74,63,610,49,169,38,34,290,10,44,5,5,63,4,8,0,0,10,0,3,0,0,3,0,0,0,0,3,0,0,0,0,0,0,0,0,0,0,0,9,0,6,17,7,71,11,23,115,313,1922,337,500,3073,0,6,0,5,18,0,13,5,6,23,18,174,40,57,285,31,235,66,102,440,30,250,52,117,448,66,514,89,155,829,85,483,76,101,747,53,141,38,33,263,0,10,0,0,18,0,3,0,3,8,0,0,0,0,0,0,0,0,5,6,0,0,0,0,0,0,3,0,0,3,7,47,11,21,84,307,1878,379,612,3171,0,23,0,11,33,0,7,0,8,26,10,137,21,76,243,28,158,25,62,274,14,106,23,97,239,48,285,61,170,567,98,511,91,193,892,100,427,100,112,734
205,3,37,19,25,80,8,84,29,44,172,54,492,83,144,775,109,884,157,262,1413,65,481,77,102,726,107,628,94,115,933,89,284,41,55,473,18,59,8,22,102,3,12,0,0,13,0,3,0,3,4,0,0,0,0,4,0,0,0,0,0,0,0,0,0,0,0,7,0,8,11,14,83,9,34,136,479,3057,517,803,4853,4,9,10,17,38,6,34,5,17,53,39,240,47,94,415,77,477,93,193,842,56,411,91,148,709,116,927,156,235,1441,165,702,135,163,1160,48,179,41,42,310,0,5,5,7,21,0,10,0,0,10,0,3,0,0,3,0,0,0,3,7,0,0,0,0,0,0,0,0,0,3,14,63,16,31,127,522,3078,593,940,5133,3,17,4,18,41,0,17,3,9,34,10,167,30,74,279,32,229,42,112,415,42,239,35,154,481,88,655,97,262,1094,143,929,154,375,1597,175,600,131,178,1086
206,7,38,25,62,132,11,145,76,145,375,98,648,161,153,1060,82,280,100,261,728,29,118,60,106,313,27,218,111,203,565,47,398,165,264,872,44,444,194,226,905,39,259,114,128,540,11,97,72,64,243,10,55,51,34,153,4,37,20,16,79,8,21,14,11,42,10,48,30,20,106,28,146,64,113,352,465,2950,1256,1806,6480,4,33,19,40,93,5,44,19,29,95,53,519,167,212,954,92,321,133,174,704,35,129,55,215,437,39,171,81,180,471,52,410,143,329,928,61,542,225,311,1138,38,427,188,251,910,45,219,128,108,500,32,118,56,54,255,15,64,50,25,159,10,36,42,24,105,25,72,43,50,189,24,121,55,104,299,526,3219,1398,2091,7238,3,21,7,20,47,4,31,14,40,99,39,380,122,237,773,68,256,94,151,573,25,102,40,128,291,47,151,56,170,426,37,336,129,261,766,83,703,247,424,1456
207,0,11,10,9,25,6,36,8,18,63,11,81,25,30,151,10,52,18,39,121,11,32,17,22,80,6,79,50,71,202,54,281,183,209,724,96,418,247,234,1000,53,159,135,82,420,28,46,52,32,156,7,39,36,15,95,12,13,11,11,55,5,8,4,3,21,10,25,19,5,56,9,56,35,32,132,318,1323,853,811,3312,0,7,0,10,19,0,8,0,6,13,11,58,24,21,116,6,29,22,35,85,7,14,13,25,66,8,17,20,44,93,20,147,78,144,391,116,557,302,316,1290,103,338,233,151,817,50,133,90,77,351,20,69,47,26,163,16,24,27,10,82,10,12,12,6,44,19,29,34,10,95,10,48,33,52,144,388,1497,938,938,3764,0,4,0,7,16,0,8,0,0,10,7,64,14,27,115,8,22,8,22,58,0,20,5,19,52,3,16,10,31,70,11,114,45,67,236,78,527,282,318,1212
208,0,6,10,15,32,0,46,12,31,95,22,160,37,42,263,10,71,30,78,189,15,75,19,63,176,19,195,84,127,428,72,436,192,296,1001,94,491,256,262,1107,63,210,107,101,486,19,95,57,43,211,18,37,31,18,104,15,17,7,3,39,5,14,9,4,24,7,37,7,11,65,11,55,35,33,127,376,1942,899,1132,4349,0,14,0,8,22,0,12,0,4,19,7,110,30,48,200,14,51,11,43,117,12,24,15,50,103,14,83,48,80,225,30,320,131,256,741,90,596,301,420,1405,85,372,177,174,808,46,164,108,82,398,27,91,50,36,202,23,60,29,14,127,5,37,18,10,70,19,58,34,23,139,11,61,32,45,149,390,2049,991,1303,4731,0,14,3,8,17,0,15,0,7,20,7,75,26,47,153,8,42,21,35,113,0,17,13,36,76,8,63,21,62,146,11,185,68,151,410,74,670,259,399,1404
209,6,33,23,37,94,8,70,23,58,164,50,300,56,108,517,48,194,55,132,435,30,164,55,89,346,77,481,134,296,988,201,1134,303,533,2168,144,584,196,231,1155,18,71,38,34,164,6,15,13,13,43,0,5,4,3,12,3,11,0,0,16,0,7,0,0,7,5,21,3,6,35,22,141,47,74,283,618,3227,945,1619,6412,4,21,7,7,43,4,22,4,10,40,20,203,47,94,360,37,157,37,81,317,22,78,26,108,243,44,232,76,163,524,212,1332,371,664,2581,241,1201,363,591,2395,51,173,77,92,394,14,35,24,11,84,4,19,4,6,29,13,14,0,9,41,3,4,0,0,6,3,20,7,4,37,21,96,46,86,249,695,3611,1093,1940,7335,6,18,0,8,36,3,12,0,23,38,13,141,37,120,313,31,102,48,87,274,19,67,15,88,188,32,141,33,131,333,114,606,206,486,1408,437,1875,591,1032,3935
210,0,20,6,31,58,3,30,24,44,102,44,197,45,64,351,47,189,54,94,383,30,158,47,88,328,80,421,121,213,833,203,904,210,420,1732,102,391,104,136,733,14,40,14,15,81,0,9,0,3,16,0,5,0,10,15,0,0,0,0,0,0,0,0,0,0,0,6,5,5,22,24,100,31,59,214,548,2460,663,1191,4865,4,15,3,4,25,3,15,5,20,38,25,130,31,83,260,34,99,36,78,239,33,76,24,76,205,34,205,70,137,445,208,1016,307,595,2127,210,781,253,410,1654,46,96,45,54,245,11,24,4,5,42,7,13,3,7,27,4,5,3,3,11,0,5,3,0,8,3,8,4,10,33,22,90,30,59,200,635,2576,829,1528,5567,0,3,3,13,26,0,12,3,17,27,19,97,44,76,236,37,104,22,73,240,12,45,9,61,128,23,85,30,118,258,116,565,178,399,1254,331,1484,400,910,3118
211,8,29,11,23,63,0,48,20,36,104,55,216,50,66,392,40,194,70,105,414,24,160,45,96,332,85,594,139,281,1100,230,1209,332,498,2271,159,634,221,292,1309,21,86,24,36,173,4,12,9,4,26,0,6,0,3,16,0,5,0,7,8,0,4,0,3,4,6,15,4,9,24,28,111,31,59,222,666,3316,965,1519,6461,3,16,6,11,35,4,15,3,10,27,15,148,56,71,283,31,99,35,77,246,20,98,31,83,231,26,197,69,128,422,134,908,276,502,1814,299,1210,492,645,2650,83,234,131,140,588,25,50,22,30,126,3,6,13,8,30,3,8,9,4,20,0,3,0,0,4,3,8,3,9,27,23,93,34,84,225,673,3095,1171,1801,6735,4,11,3,7,26,0,17,4,14,34,10,113,25,83,238,18,105,26,85,237,7,66,22,46,142,19,96,37,100,248,62,430,134,328,953,323,1451,529,957,3258
212,3,48,19,30,95,9,121,39,74,245,63,378,92,125,659,86,326,86,221,717,82,306,97,168,645,166,921,249,470,1805,382,1905,494,745,3522,215,768,264,339,1581,34,139,79,51,299,12,33,15,22,79,3,15,4,3,26,0,0,0,9,11,3,4,0,0,6,13,27,9,26,75,58,203,58,124,432,1119,5180,1501,2398,10204,3,26,8,16,49,8,18,5,16,42,28,246,61,122,470,66,214,58,142,487,47,134,44,131,358,86,484,141,325,1039,350,2012,579,1007,3939,509,1705,612,890,3719,114,318,168,168,766,35,93,55,55,238,10,27,16,22,72,11,15,13,13,43,0,3,3,0,9,5,28,9,17,53,44,174,68,147,434,1319,5494,1846,3064,11717,5,27,10,30,65,6,18,5,25,48,14,204,69,139,428,46,188,57,109,401,28,93,26,103,244,39,241,77,221,579,190,1167,348,795,2504,690,3127,955,1606,6377
213,7,44,21,51,125,12,101,30,76,222,84,445,94,128,747,109,488,119,260,977,90,518,122,239,965,266,1493,298,541,2601,445,2092,406,685,3622,140,533,148,209,1024,19,86,33,40,176,4,24,5,10,43,0,14,4,9,30,0,9,0,5,14,0,4,0,0,7,3,35,7,17,56,57,233,65,98,458,1240,6115,1354,2364,11072,5,20,3,20,45,4,19,16,24,56,42,275,76,140,530,73,259,90,144,562,49,232,71,220,575,168,897,265,485,1810,566,2731,694,1170,5167,359,1452,411,598,2824,73,233,92,119,512,19,54,22,41,136,9,31,17,8,61,0,17,7,5,31,3,0,0,6,5,5,30,10,9,45,57,228,55,137,477,1424,6487,1828,3113,12849,5,38,7,28,81,8,22,6,35,62,25,196,69,148,444,64,242,62,149,519,33,123,39,131,326,77,352,119,267,815,352,2087,534,1180,4154,798,3364,858,1472,6488
214,0,14,3,20,46,4,61,15,49,127,31,222,30,53,337,29,206,53,160,450,31,299,55,131,523,107,830,167,299,1407,195,1088,183,307,1773,107,344,92,95,643,15,57,12,25,111,0,7,4,8,22,0,12,0,0,13,0,4,0,0,9,0,0,0,0,3,4,13,3,8,26,19,85,12,58,173,558,3248,645,1204,5654,0,12,4,9,23,0,9,0,9,21,13,125,32,71,241,35,127,28,76,262,10,89,33,92,222,34,403,98,210,740,181,1259,315,519,2271,202,746,250,325,1515,45,124,55,58,284,12,36,15,16,78,0,26,3,0,33,0,5,4,0,7,3,3,0,0,5,6,9,0,5,24,14,84,19,52,166,558,3056,850,1440,5908,0,9,0,18,29,0,7,0,10,22,10,118,24,72,226,26,95,22,71,212,7,37,13,67,116,18,133,37,90,274,98,654,177,373,1306,253,1286,337,647,2520
215,11,29,5,18,62,8,58,12,28,102,54,357,58,108,574,87,643,91,166,984,34,268,39,57,400,57,246,39,45,388,24,78,21,17,134,3,16,0,6,26,0,9,0,0,9,0,0,0,0,3,0,0,0,0,0,0,0,0,0,0,0,0,0,0,0,5,4,0,3,12,5,53,4,19,84,270,1761,270,475,2781,0,12,3,16,27,0,14,5,13,34,22,201,32,82,324,44,393,72,139,648,32,242,52,97,426,61,367,62,84,569,65,227,45,55,395,11,67,16,17,113,0,9,0,0,11,0,0,0,0,4,0,4,0,0,6,0,0,0,0,0,0,0,0,0,0,0,0,0,0,3,7,36,10,25,74,250,1567,294,522,2643,0,14,0,13,31,0,19,0,5,30,17,130,22,65,230,27,242,41,98,408,34,183,23,99,335,41,386,43,124,587,59,445,60,131,699,62,162,40,58,326
216,0,19,4,16,39,3,53,7,38,107,29,268,31,81,411,63,505,78,133,782,43,311,39,69,466,77,307,54,52,485,39,119,18,17,197,9,19,5,4,35,0,7,0,0,10,0,0,0,0,0,0,0,0,0,0,0,0,0,0,0,0,0,0,0,0,0,3,0,0,3,4,44,9,28,83,280,1661,244,444,2628,0,10,0,3,19,0,14,0,11,28,11,137,28,71,238,46,231,53,125,455,44,256,54,128,481,63,388,82,108,648,61,284,59,85,489,31,87,23,20,160,0,12,0,3,18,0,0,0,0,3,0,0,0,0,0,0,0,0,0,0,0,0,0,0,0,0,0,0,0,0,4,40,3,11,66,264,1472,306,573,2616,0,5,0,5,10,3,8,6,10,21,10,86,15,57,169,27,157,16,80,281,32,143,27,84,292,46,319,41,162,568,74,417,71,138,701,58,231,61,90,435
217,0,20,0,15,36,3,28,13,22,64,32,234,42,69,378,43,337,50,109,543,37,202,33,45,309,25,244,52,44,366,25,98,34,20,177,10,41,12,7,73,4,5,0,0,5,0,0,0,0,0,0,0,0,0,0,0,0,0,0,0,0,0,0,0,0,0,6,0,3,6,4,33,7,16,67,189,1252,246,336,2029,0,8,0,10,15,0,8,3,5,22,12,133,37,55,232,41,183,38,84,343,11,164,41,66,284,38,298,61,69,471,60,232,62,73,424,19,55,26,19,115,4,4,0,0,18,0,0,0,0,0,0,0,0,0,0,0,0,0,0,0,0,0,0,0,0,0,0,0,0,0,3,31,4,18,52,193,1132,267,400,1990,0,9,0,7,21,0,10,0,10,20,5,109,22,44,173,21,117,26,43,203,21,109,20,63,208,26,197,35,84,348,49,292,55,109,501,51,208,39,81,380
297,0,0,0,0,0,0,0,0,0,0,0,0,0,0,0,0,0,0,0,0,0,0,0,0,0,0,0,0,0,0,0,0,0,0,0,0,0,0,0,0,0,0,0,0,0,0,0,0,0,0,0,0,0,0,0,0,0,0,0,0,0,0,0,0,0,0,0,0,0,0,0,0,0,0,0,0,0,0,0,0,0,0,0,0,0,0,0,0,0,0,0,0,0,0,0,0,0,0,0,0,0,0,0,0,0,0,0,0,0,0,0,0,0,0,0,0,0,0,0,0,0,0,0,0,0,0,0,0,0,0,0,0,0,0,0,0,0,0,0,0,0,0,0,0,0,0,0,0,0,0,0,0,0,0,0,0,0,0,0,0,0,0,0,0,0,0,0,0,0,0,0,0,0,0,0,0,0,0,0,0,0,0,0,0,0,0,0,0,0,0,0,0,0,0,0,0,0,0,0,0
299,0,0,0,0,0,0,0,0,0,0,0,0,0,0,0,0,0,0,0,0,0,0,0,0,0,0,0,0,0,0,0,0,0,0,0,0,0,0,0,0,0,0,0,0,0,0,0,0,0,0,0,0,0,0,0,0,0,0,0,0,0,0,0,0,0,0,0,0,0,0,0,0,0,0,0,0,0,0,0,0,0,0,0,0,0,0,0,0,0,0,0,0,0,0,0,0,0,0,0,0,0,0,0,0,0,0,0,0,0,0,0,0,0,0,0,0,0,0,0,0,0,0,0,0,0,0,0,0,0,0,0,0,0,0,0,0,0,0,0,0,0,0,0,0,0,0,0,0,0,0,0,0,0,0,0,0,0,0,0,0,0,0,0,0,0,0,0,0,0,0,0,0,0,0,0,0,0,0,0,0,0,0,0,0,0,0,0,0,0,0,0,0,0,0,0,0,0,0,0,0
301,4,20,13,31,70,3,91,28,31,157,30,142,21,60,258,27,160,27,64,275,14,97,24,53,178,24,150,24,67,257,65,458,110,186,815,159,950,219,329,1662,57,245,49,72,421,10,44,8,16,84,0,15,4,4,23,0,6,3,0,4,0,0,0,0,5,5,9,0,6,16,7,57,10,34,106,404,2441,538,951,4332,0,7,4,9,20,0,10,4,7,24,10,96,27,59,196,27,126,32,54,237,7,77,18,53,146,22,143,30,72,267,31,294,57,135,524,163,1044,228,428,1864,108,444,142,191,892,17,83,35,49,186,11,38,10,19,67,4,8,0,3,24,3,12,0,3,13,0,4,0,0,10,9,57,19,32,125,415,2447,612,1126,4594,0,9,3,6,22,0,12,0,7,22,7,84,22,65,183,21,133,24,57,238,9,72,14,44,141,17,80,18,58,171,20,218,33,105,379,154,882,236,457,1733
302,0,35,8,43,90,11,125,24,43,197,34,157,37,85,312,16,100,22,87,229,17,87,13,36,149,17,128,38,84,262,61,555,119,256,990,128,741,168,305,1345,30,106,32,43,206,4,29,7,10,44,0,14,0,5,13,3,3,0,0,9,0,0,0,0,4,0,10,0,3,19,11,60,24,31,126,322,2145,502,1024,3999,4,10,9,6,24,4,17,7,13,32,11,138,22,66,232,17,137,18,72,245,7,46,25,49,118,19,90,20,60,185,39,345,71,196,658,152,865,290,508,1813,61,248,71,128,504,21,50,23,34,126,3,11,5,13,30,0,9,6,0,11,0,0,0,0,6,0,6,0,3,8,11,49,10,42,111,348,2016,571,1176,4103,0,18,6,14,44,5,13,4,25,36,13,111,35,72,231,21,114,17,70,227,4,63,12,54,130,19,86,18,63,190,31,303,68,154,555,153,908,255,526,1842
303,6,30,33,50,117,9,153,54,59,279,51,213,45,111,417,31,161,38,95,316,22,73,19,47,164,25,137,38,85,280,76,595,144,263,1076,209,1091,331,430,2064,42,220,61,70,394,17,62,24,19,123,7,8,5,8,32,9,3,8,3,24,4,6,0,0,3,0,6,4,4,12,12,89,22,54,179,514,2845,822,1310,5491,0,12,4,12,25,0,14,11,19,48,22,187,51,75,336,36,162,41,86,331,19,71,17,77,188,30,114,41,110,292,47,328,85,198,660,189,1085,342,609,2227,112,434,162,215,926,32,109,57,50,243,14,48,16,29,106,0,19,3,8,31,0,3,3,5,12,5,8,0,3,13,8,77,22,41,149,527,2664,860,1552,5601,0,13,5,20,37,0,17,12,15,43,11,135,45,110,303,32,164,48,105,349,21,67,17,67,168,20,99,26,60,203,42,306,84,167,593,211,1218,387,608,2428
304,0,13,3,10,29,6,52,10,17,81,22,65,10,38,137,9,43,7,35,88,5,35,9,18,59,0,47,18,26,84,39,199,47,80,364,97,387,152,122,759,33,107,50,42,234,5,31,5,20,65,11,13,11,6,43,0,10,4,3,19,3,0,9,0,8,4,12,0,3,17,3,11,9,13,35,233,1017,347,431,2028,4,0,0,5,6,0,0,3,3,8,3,49,12,25,91,12,49,9,33,106,3,23,9,17,50,4,48,14,19,84,15,110,52,49,224,88,448,159,179,867,59,255,94,90,501,24,77,47,31,176,15,26,16,12,68,6,14,5,5,33,0,8,5,0,11,0,4,3,0,12,0,16,12,11,39,231,1120,434,483,2273,0,5,6,5,14,0,3,0,3,6,3,42,10,25,80,13,39,11,28,91,9,22,5,19,51,12,35,14,16,77,24,120,44,45,232,91,486,189,189,940
305,0,17,6,19,46,0,92,16,29,132,4,62,20,39,131,10,49,21,49,124,0,44,16,35,89,4,95,21,63,183,21,285,88,127,518,46,405,173,198,822,41,161,72,83,359,10,112,46,33,207,5,38,20,19,86,5,20,6,11,50,4,4,8,0,16,0,16,17,13,42,0,25,11,30,67,158,1424,545,743,2873,0,5,3,10,16,3,0,3,11,22,9,80,14,30,134,6,57,29,33,127,3,34,10,30,77,8,51,17,46,115,17,212,62,115,412,52,404,167,195,819,51,295,158,133,636,26,148,110,68,358,16,70,31,42,162,13,29,30,16,88,15,22,11,3,57,3,31,17,10,64,3,30,6,34,77,229,1466,668,784,3147,0,8,4,0,12,0,5,0,3,9,4,73,20,46,137,0,40,12,33,94,0,22,0,15,42,3,38,8,35,90,17,230,67,121,430,58,588,169,227,1042
306,9,62,10,51,133,13,206,18,53,290,73,405,43,149,667,58,625,67,216,964,41,460,53,123,676,81,891,74,182,1232,177,947,134,237,1495,74,325,38,89,533,6,51,5,11,73,3,30,10,4,41,0,3,0,0,6,0,3,0,0,4,0,0,0,0,0,0,9,5,3,16,17,125,16,54,208,567,4141,471,1168,6341,3,22,3,12,47,5,35,8,33,73,32,237,39,114,424,71,408,50,174,700,47,332,37,147,559,68,709,106,238,1122,178,1126,211,337,1850,158,783,149,260,1350,26,132,38,43,241,10,42,10,12,71,0,14,0,4,22,3,0,0,0,0,0,0,0,0,0,0,0,0,0,0,12,99,4,39,151,607,3934,664,1400,6605,6,26,3,18,54,6,40,5,36,82,21,188,25,103,342,60,334,26,167,594,28,176,17,89,312,67,553,73,244,945,136,855,164,352,1512,230,1066,179,397,1867
307,6,24,0,13,43,4,53,0,12,69,26,145,12,59,246,27,285,48,84,440,35,249,21,48,359,46,407,38,77,561,42,205,28,31,304,10,36,0,11,59,0,3,0,0,5,0,0,6,0,3,0,0,0,0,0,0,0,0,0,0,0,3,0,0,4,0,6,0,0,3,3,43,0,6,60,195,1461,157,340,2160,0,17,3,3,31,3,15,4,0,22,4,70,15,33,127,21,235,25,76,350,35,231,23,72,366,65,541,57,123,779,57,354,31,79,534,18,72,11,16,112,0,10,0,6,11,0,0,0,0,3,0,0,0,0,5,0,0,0,0,0,0,0,0,0,0,0,0,0,0,0,5,28,7,21,64,212,1577,176,434,2396,0,19,0,5,24,0,14,3,6,23,12,82,8,28,128,18,143,12,71,244,11,183,17,57,275,56,490,61,164,767,83,504,73,144,800,34,138,20,31,223
308,5,73,16,35,129,20,185,23,44,266,63,336,32,77,503,26,276,29,120,455,18,215,31,80,341,55,446,50,170,715,66,602,70,170,900,66,328,40,84,519,7,65,3,24,97,6,21,3,4,31,0,6,0,0,7,0,0,0,0,0,0,0,0,0,0,0,0,0,6,9,11,88,13,38,145,338,2638,311,850,4132,4,40,7,24,75,0,40,0,14,58,19,244,21,80,366,44,356,42,101,543,38,350,40,117,551,88,677,73,191,1030,154,869,126,241,1385,91,340,57,106,600,12,34,17,10,76,5,10,4,4,23,0,4,0,0,4,0,0,0,0,0,0,0,0,0,0,0,5,0,0,5,8,56,10,33,113,476,3020,393,936,4833,3,38,3,17,70,3,35,7,26,70,25,221,23,92,368,40,306,27,119,491,48,226,37,115,417,64,589,87,186,925,165,923,130,277,1497,145,726,82,196,1144
309,3,26,10,62,103,10,102,32,46,191,51,149,51,112,371,25,155,50,123,353,8,119,29,89,245,28,441,90,195,745,210,1941,375,715,3239,516,2679,619,1003,4823,162,649,194,267,1273,40,171,69,91,366,19,65,14,39,140,3,27,17,8,54,0,15,3,4,23,4,26,6,16,51,17,153,39,99,303,1116,6711,1587,2875,12281,5,10,3,14,31,0,8,5,17,34,16,115,52,86,253,30,155,30,120,330,18,74,17,78,185,25,201,35,151,409,108,1280,287,649,2315,571,3326,793,1348,6032,315,1083,351,614,2362,85,365,131,197,777,29,135,42,64,277,13,49,23,19,107,10,28,11,15,55,7,25,14,24,67,19,131,38,86,276,1247,6982,1814,3472,13515,0,20,3,25,43,0,12,0,32,45,11,96,35,142,282,23,119,30,111,280,13,65,16,78,170,16,116,25,83,247,51,487,108,292,940,374,2568,611,1233,4791
310,7,69,22,50,144,27,229,28,70,347,102,420,45,133,702,46,276,52,153,531,34,244,50,109,438,121,1029,126,305,1575,287,1973,224,476,2960,117,595,97,164,979,12,52,11,8,81,3,10,5,0,22,0,4,0,0,6,0,3,0,0,4,0,0,0,0,0,5,14,0,3,25,17,140,20,69,248,786,5043,677,1550,8058,3,18,4,12,35,0,23,3,12,44,34,229,65,92,417,52,322,48,118,533,31,206,38,116,388,117,894,130,343,1486,392,2291,371,768,3823,336,1300,274,428,2337,49,152,28,55,284,6,27,3,15,56,0,8,0,5,9,0,4,0,3,13,0,0,0,0,0,0,3,0,0,8,21,109,17,66,212,1042,5581,978,2040,9642,3,25,8,24,56,0,26,0,20,51,22,173,35,145,381,53,280,47,138,515,33,162,27,100,322,93,609,90,270,1062,361,2290,338,866,3849,544,2325,389,813,4068
311,3,73,23,79,182,29,240,46,79,395,90,394,42,120,649,44,204,45,133,423,19,140,35,103,301,48,527,73,218,864,261,2005,247,520,3038,195,1098,162,308,1771,31,140,27,42,233,9,35,0,8,52,4,14,0,4,18,0,0,0,0,3,0,3,0,0,3,0,9,0,7,21,22,144,34,67,261,752,5033,746,1686,8223,5,23,11,23,62,9,34,9,24,76,45,232,56,122,454,74,289,44,135,541,27,134,34,84,274,67,391,82,208,753,287,1829,269,636,3017,382,1869,308,590,3150,73,276,42,104,493,8,65,10,36,122,0,26,6,8,41,3,9,0,4,14,0,5,0,0,5,0,3,0,0,8,21,142,20,50,235,994,5325,894,2024,9232,5,20,8,40,79,8,31,7,32,80,36,187,32,162,417,50,255,36,124,461,31,115,15,73,239,53,346,41,174,607,262,1739,281,715,3009,595,2671,412,965,4647
312,5,60,14,43,122,3,107,13,26,146,37,175,19,48,281,23,154,19,62,257,10,109,12,35,162,13,208,18,79,320,41,352,40,112,536,57,334,41,98,535,27,134,19,38,203,4,28,6,3,34,0,3,0,4,11,0,5,0,0,10,0,6,0,0,8,0,11,9,5,23,9,72,5,33,116,216,1755,202,585,2766,10,36,11,18,76,0,25,3,8,43,14,146,13,45,224,22,220,24,68,335,15,230,27,62,333,59,473,42,145,719,96,665,71,154,978,71,363,67,83,594,4,42,8,14,73,0,4,0,4,18,0,3,0,0,7,0,0,0,0,0,0,0,0,0,0,0,0,0,0,3,4,58,10,21,85,298,2275,290,613,3481,4,61,8,17,97,0,22,0,15,39,14,93,12,45,166,13,160,15,47,236,25,126,7,51,206,39,263,28,110,446,67,463,72,176,784,121,613,88,201,1035
313,0,34,9,36,85,14,119,23,56,213,42,222,29,96,384,27,168,40,102,337,23,136,27,73,257,57,668,99,232,1059,273,1922,222,450,2866,128,595,84,162,973,14,68,5,28,114,0,6,0,5,12,0,0,0,0,8,0,0,0,0,4,0,0,0,0,0,4,10,4,4,29,23,88,11,48,165,610,4032,557,1291,6493,3,17,4,10,27,7,11,6,11,28,15,125,29,68,236,23,141,35,81,275,11,102,23,80,213,43,469,65,215,803,241,1680,268,636,2826,260,1178,217,427,2085,33,154,30,58,282,13,48,11,17,82,4,10,4,10,24,0,4,0,6,7,0,3,0,0,3,0,4,0,0,11,6,100,18,50,177,651,4049,719,1660,7080,0,10,3,13,29,0,19,0,22,40,8,110,19,80,225,23,129,25,106,279,15,73,5,61,159,29,214,28,147,423,172,1247,218,608,2247,410,1876,321,742,3345
314,4,9,0,16,30,8,37,11,24,85,20,108,11,24,170,11,67,15,33,125,9,39,7,21,66,14,92,20,37,162,66,611,93,163,941,123,687,123,174,1098,15,88,12,7,123,5,9,3,8,27,0,6,0,4,8,0,0,0,0,0,0,0,0,0,0,4,6,0,5,11,7,37,6,15,69,294,1796,300,528,2922,0,4,0,7,17,0,6,0,5,14,10,54,13,20,88,15,56,15,33,116,0,37,5,22,68,23,145,12,34,212,79,656,98,184,1020,194,1225,227,344,1997,31,191,41,69,328,16,45,7,13,84,10,8,6,6,19,3,3,0,0,4,0,0,0,0,5,3,3,0,0,5,10,44,10,22,84,392,2484,428,753,4057,0,3,0,9,13,0,6,0,3,17,0,43,15,26,86,14,58,4,36,114,11,42,3,24,76,23,119,15,27,195,58,538,90,181,878,298,1567,345,580,2793
315,24,401,17,136,587,17,250,22,71,359,36,369,14,88,511,27,194,10,49,283,8,70,3,14,91,10,71,5,26,115,7,65,8,22,101,0,42,3,13,56,0,25,4,0,34,0,8,0,7,13,3,0,0,0,5,0,0,0,0,0,0,0,0,0,0,0,0,0,0,4,4,92,4,25,127,135,1599,99,452,2284,13,180,5,72,267,11,109,6,41,167,38,453,24,146,654,40,381,25,107,550,9,92,12,27,141,15,106,11,30,165,25,132,10,29,195,10,77,9,31,120,5,33,5,4,44,0,4,0,3,17,0,3,4,0,8,0,0,0,0,3,0,3,0,0,3,0,0,0,0,0,17,85,4,29,129,177,1666,102,520,2467,11,138,9,52,206,7,86,9,43,148,27,460,33,170,689,49,392,15,143,601,18,111,12,29,170,19,133,10,39,199,22,131,10,34,194,6,105,11,23,146
316,4,30,20,39,98,12,90,28,41,169,37,125,32,84,274,21,137,47,76,284,21,112,20,53,216,34,438,81,154,713,164,1367,256,381,2167,291,1409,280,395,2375,55,246,62,74,439,15,44,12,17,86,0,15,0,4,16,5,7,0,0,10,0,0,0,0,3,0,10,3,9,22,12,68,21,38,134,673,4104,867,1369,7007,0,9,8,5,20,0,18,0,9,37,14,100,33,61,213,14,117,25,75,236,10,77,22,52,162,16,196,47,112,378,84,962,192,445,1685,312,1569,427,660,2962,186,649,186,272,1296,43,156,52,62,310,12,44,11,18,84,6,10,5,0,20,7,4,0,0,7,0,7,0,5,14,15,55,21,45,134,720,3982,1023,1833,7563,0,14,0,15,29,0,11,0,25,43,6,71,26,84,180,17,103,19,89,227,14,76,9,47,151,18,103,15,57,192,45,381,75,250,748,185,1185,289,619,2278
317,0,20,5,24,46,0,73,6,12,98,18,128,21,43,219,25,250,36,100,411,18,234,36,64,353,91,625,68,167,950,111,461,64,99,740,29,129,16,35,213,0,8,0,3,18,0,4,0,0,5,0,0,0,0,0,0,0,0,0,0,0,0,0,0,0,0,7,3,0,12,11,40,12,16,81,311,1985,272,569,3147,0,11,0,9,15,0,9,0,0,10,15,68,8,35,122,13,116,26,48,197,16,109,24,74,223,43,399,68,162,675,132,812,161,264,1372,130,376,70,101,678,8,39,7,7,63,0,6,0,0,15,0,6,0,3,6,0,0,0,0,0,0,0,0,0,0,0,4,0,3,6,10,52,0,13,75,368,2003,376,715,3469,0,8,0,6,15,0,7,0,6,15,6,49,14,51,124,19,87,17,35,154,8,86,15,45,156,20,296,38,139,495,147,933,140,344,1565,192,589,135,207,1122
318,6,62,7,55,136,11,172,28,57,267,69,390,26,118,610,30,343,54,140,566,32,239,36,86,390,43,499,88,108,744,129,827,135,195,1284,112,507,91,145,850,13,65,14,12,110,3,8,0,0,11,0,4,0,4,11,0,0,0,0,4,0,0,0,0,3,0,10,0,0,15,11,97,17,40,171,463,3227,507,965,5163,0,21,7,30,58,3,45,8,25,84,39,264,31,86,412,41,318,39,105,510,30,261,33,117,446,76,688,115,205,1086,189,1159,199,376,1918,173,593,146,173,1086,12,63,13,19,110,4,24,10,4,36,0,0,0,3,4,0,5,0,0,5,0,0,0,0,0,0,0,0,0,6,14,74,12,32,132,596,3519,607,1170,5899,0,22,3,25,60,3,39,6,43,92,30,199,36,124,396,34,309,33,100,486,29,215,33,91,364,86,654,104,225,1069,180,972,144,359,1653,203,806,164,247,1423
319,3,79,7,59,154,17,188,36,50,286,56,290,39,108,488,67,563,82,199,909,65,601,63,193,913,217,1582,206,314,2320,185,963,131,170,1440,22,103,12,21,164,5,12,3,0,23,0,3,0,0,8,0,0,0,0,0,0,0,0,0,3,0,0,0,0,0,0,19,0,0,18,14,95,3,51,172,653,4507,577,1171,6915,3,26,0,10,40,6,51,8,19,82,29,210,35,106,380,33,376,76,157,644,44,353,42,171,618,158,1354,200,437,2149,295,1605,240,463,2590,99,361,54,100,614,11,39,7,11,68,0,5,0,5,20,0,0,0,0,3,0,0,0,0,0,0,0,0,0,0,0,0,0,0,10,14,96,19,51,170,696,4473,687,1524,7383,3,16,9,12,38,3,44,4,20,71,14,199,49,120,390,26,232,29,134,417,34,254,34,130,456,81,683,90,337,1199,273,1440,210,599,2523,229,876,134,315,1552
397,0,0,0,0,0,0,0,0,0,0,0,0,0,0,0,0,0,0,0,0,0,0,0,0,0,0,0,0,0,0,0,0,0,0,0,0,0,0,0,0,0,0,0,0,0,0,0,0,0,0,0,0,0,0,0,0,0,0,0,0,0,0,0,0,0,0,0,0,0,0,0,0,0,0,0,0,0,0,0,0,0,0,0,0,0,0,0,0,0,0,0,0,0,0,0,0,0,0,0,0,0,0,0,0,0,0,0,0,0,0,0,0,0,0,0,0,0,0,0,0,0,0,0,0,0,0,0,0,0,0,0,0,0,0,0,0,0,0,0,0,0,0,0,0,0,0,0,0,0,0,0,0,0,0,0,0,0,0,0,0,0,0,0,0,0,0,0,0,0,0,0,0,0,0,0,0,0,0,0,0,0,0,0,0,0,0,0,0,0,0,0,0,0,0,0,0,0,0,0,0
399,0,0,0,0,0,0,0,0,0,0,0,0,0,0,0,0,0,0,0,0,0,0,0,0,0,0,0,0,0,0,0,0,0,0,0,0,0,0,0,0,0,0,0,0,0,0,0,0,0,0,0,0,0,0,0,0,0,0,0,0,0,0,0,0,0,0,0,0,0,0,0,0,0,0,0,0,0,0,0,0,0,0,0,0,0,0,0,0,0,0,0,0,0,0,0,0,0,0,0,0,0,0,0,0,0,0,0,0,0,0,0,0,0,0,0,0,0,0,0,0,0,0,0,0,0,0,0,0,0,0,0,0,0,0,0,0,0,0,0,0,0,0,0,0,0,0,0,0,0,0,0,0,0,0,0,0,0,0,0,0,0,0,0,0,0,0,0,0,0,0,0,0,0,0,0,0,0,0,0,0,0,0,0,0,0,0,0,0,0,0,0,0,0,0,0,0,0,0,0,0
401,0,12,8,8,25,0,36,14,50,108,23,120,28,74,238,13,101,28,71,216,16,110,40,44,205,38,352,127,141,655,104,606,194,184,1090,90,328,128,105,650,31,91,54,27,201,12,31,18,0,64,3,3,5,6,13,0,8,0,3,15,0,0,0,0,4,0,7,3,5,21,8,36,25,19,85,339,1845,668,740,3593,0,10,4,3,21,0,9,3,22,31,3,76,33,50,164,16,76,22,53,167,9,50,20,34,117,22,185,68,100,377,97,622,218,228,1159,128,526,261,171,1086,43,157,85,48,339,15,37,39,17,106,6,16,7,6,40,3,15,3,0,26,5,6,9,0,15,5,0,0,0,10,4,40,20,28,88,361,1825,784,784,3748,0,0,3,6,8,0,5,0,5,6,14,59,24,36,131,7,55,21,50,131,6,47,15,39,104,9,119,35,76,234,54,522,157,228,960,137,744,282,309,1467
402,6,40,23,52,123,7,223,82,183,495,147,657,115,347,1274,109,622,119,325,1172,87,711,98,219,1119,204,1657,216,448,2530,308,1550,267,337,2467,61,250,62,65,441,3,27,8,10,52,0,9,3,0,20,0,3,0,0,3,0,0,0,0,5,0,0,0,0,0,4,18,4,4,33,30,193,32,94,349,982,5976,1034,2094,10084,4,36,0,26,69,4,42,11,72,132,42,304,93,207,642,90,427,107,267,889,71,421,103,252,844,169,1470,248,492,2375,441,2466,455,703,4065,216,671,186,232,1311,21,65,20,19,121,3,10,4,3,22,0,3,0,0,9,0,9,0,4,6,0,0,0,0,0,0,5,0,0,3,27,147,35,93,303,1081,6067,1278,2372,10795,0,10,5,12,32,0,12,3,22,40,17,215,54,224,514,62,294,77,232,659,44,274,65,278,663,144,1011,169,513,1841,403,2407,445,952,4204,370,1411,371,569,2720
403,6,17,17,17,53,12,102,57,94,263,56,350,88,214,709,43,252,59,148,508,27,268,50,114,462,97,868,188,326,1483,201,1248,263,316,2027,92,344,119,131,689,12,38,16,22,88,3,18,0,7,26,0,3,0,3,8,0,0,0,0,0,0,0,5,0,3,0,12,6,5,22,9,74,13,44,150,572,3596,878,1443,6491,0,23,0,16,44,0,28,6,44,71,27,147,48,115,335,41,185,59,145,428,19,123,40,115,292,75,490,113,229,913,265,1649,365,529,2810,195,797,262,288,1553,36,117,46,49,244,10,31,14,10,62,4,17,0,4,24,0,0,0,0,6,0,0,0,0,3,0,7,3,0,9,9,78,22,55,163,687,3694,986,1604,6966,3,9,3,10,23,0,11,0,15,26,6,114,34,99,252,22,103,31,110,269,13,117,25,107,272,39,301,65,206,615,184,1273,284,564,2294,311,1248,338,510,2408
404,3,31,13,41,87,7,108,40,108,268,70,330,88,194,677,47,227,50,175,500,31,173,56,111,371,49,446,108,260,863,117,712,157,249,1238,67,235,77,128,506,5,29,20,13,63,8,17,3,0,27,0,4,0,6,6,0,0,0,0,7,0,0,0,0,0,0,5,4,3,8,11,88,22,54,172,416,2393,646,1347,4793,6,3,11,8,28,0,11,13,55,85,35,172,66,135,405,56,135,55,148,399,15,89,31,128,267,40,314,87,207,648,114,682,212,358,1364,137,523,205,275,1143,20,77,37,51,186,8,14,14,10,49,5,10,6,6,21,0,4,0,0,4,0,0,0,0,3,0,3,0,0,5,12,70,26,49,163,437,2126,771,1439,4771,3,3,4,12,24,0,16,0,15,40,14,114,40,144,313,27,139,32,107,311,20,83,23,95,225,43,231,65,192,526,87,555,155,392,1192,148,723,222,422,1521
405,3,18,7,10,34,6,33,4,23,60,25,150,26,70,262,40,311,37,65,451,18,167,20,30,240,35,241,31,43,349,22,76,7,10,117,8,11,0,0,16,0,3,5,0,3,0,0,0,0,0,0,0,0,0,0,0,0,0,0,0,0,0,0,0,0,0,3,0,0,6,8,21,5,13,49,160,1030,133,265,1597,4,5,5,0,13,3,11,0,7,18,9,60,18,30,127,37,168,34,86,320,20,154,34,53,259,50,313,58,61,484,59,204,28,46,332,11,47,5,4,72,0,0,0,0,0,0,0,0,0,0,0,0,0,0,0,0,0,0,0,0,0,0,0,0,0,0,0,0,0,0,3,22,0,15,42,198,980,178,320,1678,3,7,0,9,18,0,10,4,4,18,5,60,15,23,109,22,128,30,75,254,19,132,23,73,253,48,288,49,94,484,49,272,50,74,448,35,81,15,12,151
406,16,108,9,44,178,8,77,16,38,138,35,300,38,83,450,47,316,52,107,521,18,129,22,22,189,11,136,27,29,207,14,71,8,22,118,10,14,4,4,30,0,10,0,4,12,0,0,0,0,0,0,0,0,0,0,0,0,0,0,0,0,0,0,0,0,0,0,0,0,3,8,64,8,27,105,154,1218,191,389,1956,4,44,7,20,81,10,99,5,51,158,18,173,21,69,283,32,280,40,103,454,12,149,30,48,245,33,219,31,53,337,32,163,28,29,256,17,41,11,9,78,0,0,0,0,0,0,0,0,0,0,0,0,0,0,0,0,0,0,0,0,0,0,0,0,0,0,0,0,0,0,5,59,3,27,93,171,1217,174,413,1982,3,41,0,16,65,9,89,10,41,148,11,173,23,73,282,35,262,21,115,432,26,124,19,69,230,37,207,28,77,350,40,221,33,55,348,11,69,15,25,121
407,0,28,8,24,69,0,93,25,53,178,48,393,75,143,658,79,670,97,196,1042,45,339,55,81,524,89,389,62,77,618,31,132,24,16,204,3,18,3,6,32,0,3,0,0,7,0,0,0,0,0,0,0,0,0,0,0,0,0,0,0,0,0,0,0,0,3,7,0,5,10,5,58,10,26,100,311,2134,361,629,3439,3,17,0,16,43,4,32,3,23,65,31,177,56,87,351,46,437,87,166,739,38,320,61,111,536,79,587,104,156,933,93,365,59,69,582,16,52,9,8,85,3,10,0,0,13,0,0,0,0,0,0,0,0,4,3,0,0,0,0,0,0,0,0,0,0,0,5,0,0,3,9,36,14,27,86,330,2038,393,679,3446,0,12,4,8,24,0,20,0,9,34,13,111,20,75,216,30,240,34,139,443,30,230,46,113,416,70,591,84,231,973,102,499,114,159,870,34,181,22,43,279
497,0,0,0,0,0,0,0,0,0,0,0,0,0,0,0,0,0,0,0,0,0,0,0,0,0,0,0,0,0,0,0,0,0,0,0,0,0,0,0,0,0,0,0,0,0,0,0,0,0,0,0,0,0,0,0,0,0,0,0,0,0,0,0,0,0,0,0,0,0,0,0,0,0,0,0,0,0,0,0,0,0,0,0,0,0,0,0,0,0,0,0,0,0,0,0,0,0,0,0,0,0,0,0,0,0,0,0,0,0,0,0,0,0,0,0,0,0,0,0,0,0,0,0,0,0,0,0,0,0,0,0,0,0,0,0,0,0,0,0,0,0,0,0,0,0,0,0,0,0,0,0,0,0,0,0,0,0,0,0,0,0,0,0,0,0,0,0,0,0,0,0,0,0,0,0,0,0,0,0,0,0,0,0,0,0,0,0,0,0,0,0,0,0,0,0,0,0,0,0,0
499,0,0,0,0,0,0,0,0,0,0,0,0,0,0,0,0,0,0,0,0,0,0,0,0,0,0,0,0,0,0,0,0,0,0,0,0,0,0,0,0,0,0,0,0,0,0,0,0,0,0,0,0,0,0,0,0,0,0,0,0,0,0,0,0,0,0,0,0,0,0,0,0,0,0,0,0,0,0,0,0,0,0,0,0,0,0,0,0,0,0,0,0,0,0,0,0,0,0,0,0,0,0,0,0,0,0,0,0,0,0,0,0,0,0,0,0,0,0,0,0,0,0,0,0,0,0,0,0,0,0,0,0,0,0,0,0,0,0,0,0,0,0,0,0,0,0,0,0,0,0,0,0,0,0,0,0,0,0,0,0,0,0,0,0,0,0,0,0,0,0,0,0,0,0,0,0,0,0,0,0,0,0,0,0,0,0,0,0,0,0,0,0,0,0,0,0,0,0,0,0
501,0,16,5,8,28,8,101,7,26,142,26,199,34,76,334,27,182,37,86,341,18,173,30,60,279,53,463,61,114,695,93,587,90,115,887,34,168,29,55,286,0,13,0,3,22,0,4,4,0,7,0,0,0,0,3,0,0,0,0,0,0,0,0,0,0,0,7,6,0,6,3,55,4,23,89,273,1970,306,578,3122,0,18,3,3,21,0,5,3,11,20,10,140,30,63,235,26,149,17,44,235,20,99,24,55,201,25,250,54,88,419,78,630,94,181,991,132,604,113,146,994,18,68,15,16,117,4,9,0,3,12,0,6,0,0,6,0,0,0,0,0,0,0,0,0,0,0,0,0,0,0,6,38,9,18,76,325,2020,358,625,3331,0,13,0,3,20,0,3,0,11,13,6,48,17,41,110,17,125,16,53,208,16,86,18,46,168,34,233,32,110,415,87,643,90,213,1025,130,626,121,200,1071
502,4,0,0,4,9,0,20,9,12,32,4,54,3,25,88,7,78,18,35,147,11,116,20,44,191,38,363,52,114,566,73,435,60,94,664,30,143,20,27,216,5,6,8,3,19,0,5,0,0,3,0,0,4,0,6,0,0,0,0,0,0,0,0,0,0,0,0,0,0,6,4,21,3,13,37,177,1248,184,369,1984,0,3,0,0,7,0,0,0,0,0,5,28,5,12,49,8,47,16,31,96,0,37,6,31,77,9,148,30,50,238,67,487,64,151,770,96,424,90,125,733,20,45,15,11,90,3,9,5,3,14,0,0,0,0,0,0,0,0,0,0,0,0,0,0,0,0,4,0,0,5,5,16,5,17,40,217,1246,231,436,2128,0,0,0,4,4,0,0,0,0,5,0,16,8,20,34,14,37,6,23,84,10,45,5,43,105,23,193,32,97,352,72,554,86,186,899,98,441,71,149,754
503,0,0,3,9,20,0,30,4,17,59,11,35,22,23,90,6,33,13,26,73,0,27,5,16,48,8,46,18,22,93,12,109,32,43,192,19,142,46,71,282,18,104,48,43,216,13,36,23,21,95,11,27,14,4,55,0,16,10,7,37,4,12,0,4,19,3,20,14,5,43,5,23,5,14,42,104,650,272,331,1362,0,0,0,0,3,0,4,5,5,15,3,31,7,18,59,4,27,9,13,53,0,18,4,20,44,0,39,9,16,70,6,86,26,49,165,9,151,49,78,289,24,134,73,56,282,19,72,50,38,182,12,55,30,13,107,6,25,19,11,63,11,13,6,10,43,20,30,10,5,57,3,18,15,9,40,113,694,315,348,1478,0,9,0,0,10,0,5,0,0,4,0,20,0,16,39,4,30,7,7,54,3,19,4,11,35,5,51,22,42,115,7,131,27,55,224,20,254,85,103,466
504,5,22,3,25,54,0,107,10,22,142,51,166,27,48,289,25,143,26,100,294,21,83,22,60,193,21,212,38,96,362,68,590,126,228,1014,135,618,116,219,1085,15,101,8,33,165,7,21,0,9,34,0,5,0,0,8,0,0,0,0,0,0,4,0,0,5,0,5,0,3,9,14,81,18,27,142,361,2148,399,888,3790,0,11,4,10,25,0,14,6,5,33,15,100,25,51,197,37,144,21,65,260,20,78,17,64,172,32,144,23,61,261,63,419,99,158,735,153,912,204,350,1620,76,243,83,104,510,12,38,10,14,73,3,8,5,6,23,0,3,0,0,3,0,5,0,0,5,0,3,0,0,9,7,51,13,40,117,408,2177,508,932,4034,0,4,0,9,14,0,6,4,8,13,0,63,7,56,133,23,128,23,69,242,20,104,13,41,180,30,222,32,123,407,92,735,135,303,1264,191,941,204,383,1718
505,0,27,12,26,71,9,176,39,63,287,61,255,52,101,471,40,198,38,130,408,23,133,40,83,280,48,294,63,175,585,158,1227,230,441,2052,268,1405,336,508,2517,61,252,69,95,472,7,64,22,23,116,3,24,10,8,50,0,17,7,4,28,0,4,0,0,7,0,18,6,5,40,18,102,23,60,201,719,4198,941,1723,7583,3,16,0,18,39,5,10,10,21,44,17,177,40,98,325,38,212,41,98,386,15,106,41,82,238,38,165,44,110,350,89,866,172,312,1436,348,1897,523,736,3499,165,574,239,265,1238,48,124,55,56,277,16,56,22,25,115,13,19,9,3,42,4,17,5,4,29,0,14,3,5,22,22,80,26,69,197,809,4323,1218,1893,8249,0,16,0,11,28,6,13,4,18,38,4,101,34,70,211,29,173,54,108,367,30,119,36,77,266,56,351,68,196,668,184,1304,241,525,2251,393,1990,486,851,3719
506,3,48,14,27,94,18,215,28,69,334,58,328,45,150,578,54,250,57,195,551,29,186,50,117,381,46,408,77,176,702,169,1268,233,421,2088,193,963,248,315,1716,43,164,65,80,348,3,43,21,11,77,4,7,8,8,25,3,0,7,0,8,0,7,0,5,7,4,20,4,8,30,14,143,33,72,257,636,4050,867,1656,7211,4,15,0,19,34,0,17,8,18,49,44,246,43,110,446,51,244,55,106,460,33,117,41,108,297,39,264,55,124,487,115,958,206,334,1615,259,1458,371,557,2643,153,459,152,211,983,35,77,34,44,185,3,24,19,16,57,0,9,0,5,17,5,6,0,0,13,0,7,3,10,22,11,104,23,78,210,764,4008,1011,1741,7526,0,12,3,26,36,0,19,0,13,35,8,113,21,99,240,27,244,61,96,437,36,181,32,103,350,80,470,87,238,872,193,1261,214,584,2258,334,1577,362,691,2969
507,3,29,3,23,64,7,154,22,64,249,55,252,40,92,432,39,201,48,141,429,23,166,38,92,316,41,480,79,167,765,130,1064,162,321,1678,136,881,174,281,1480,36,134,54,63,278,8,35,11,16,70,0,14,9,9,33,0,12,4,4,21,0,0,0,0,5,4,19,8,7,32,12,112,18,52,191,489,3549,671,1325,6034,8,6,3,12,25,0,19,5,15,37,15,202,31,81,326,40,178,41,88,351,27,96,26,80,232,25,229,39,89,374,80,901,132,284,1395,317,1536,317,528,2700,100,435,119,167,821,29,97,39,44,208,3,28,8,9,55,4,13,12,7,36,0,0,5,0,9,3,15,11,0,34,11,93,27,42,172,663,3849,820,1440,6772,0,11,3,16,30,0,3,5,15,25,3,102,18,71,197,25,214,39,98,383,28,162,39,83,306,50,360,66,182,662,169,1137,190,449,1951,346,1650,369,593,2953
509,3,32,9,16,56,7,114,15,26,163,30,245,34,73,380,37,282,29,69,405,16,164,21,34,237,19,237,22,57,337,33,219,18,39,312,6,59,8,10,87,0,8,0,0,3,0,4,0,0,5,0,0,0,0,0,0,0,0,0,0,0,0,0,0,0,0,0,0,0,0,7,48,0,12,71,156,1425,147,337,2067,3,15,0,11,36,0,22,0,14,35,5,140,13,43,207,34,202,22,69,324,22,140,15,49,226,44,200,27,73,338,53,323,48,84,510,27,163,31,44,267,0,13,0,5,22,0,5,0,6,12,0,0,0,0,0,0,0,0,0,0,0,0,0,0,0,0,3,0,0,5,4,47,10,20,81,197,1273,172,421,2066,0,20,0,7,25,3,8,3,5,19,12,70,11,26,117,23,125,19,60,236,13,108,16,42,178,44,207,25,72,351,55,307,51,114,532,57,204,36,74,372
510,26,502,19,154,698,13,130,10,51,212,24,213,19,57,313,14,130,11,43,196,8,55,5,23,90,5,52,4,16,76,0,47,4,13,72,4,42,3,11,63,3,27,3,8,39,0,24,0,4,30,0,9,0,5,15,0,6,0,0,8,0,0,0,5,6,3,35,0,14,56,11,116,4,48,171,115,1389,86,455,2047,25,275,24,99,426,11,113,7,47,175,26,239,15,80,363,23,183,14,34,253,15,88,6,28,137,16,109,10,40,183,21,102,16,38,181,22,140,14,36,205,11,47,8,23,87,0,24,7,11,39,0,16,0,5,31,0,14,0,4,16,0,3,0,0,8,0,3,0,0,9,9,110,5,48,166,185,1469,126,503,2281,17,240,24,99,379,20,147,10,82,262,32,232,22,116,393,12,133,14,52,206,13,75,9,30,122,25,126,12,30,198,28,146,18,43,237,15,127,17,46,201
511,3,141,6,44,194,12,144,11,31,200,25,249,21,74,365,34,222,33,80,364,19,136,22,39,218,34,222,18,54,330,34,209,22,66,330,22,139,25,35,220,4,31,0,11,49,0,3,0,3,11,0,0,0,0,0,0,0,0,0,0,0,0,0,0,0,0,3,0,0,5,6,63,3,23,100,199,1556,173,475,2395,0,82,11,39,135,5,35,0,16,50,25,182,9,51,264,26,204,15,58,295,13,128,13,47,203,38,262,27,68,390,60,398,60,92,609,36,135,25,60,257,4,26,9,16,50,0,4,0,3,13,3,0,0,0,3,0,0,0,0,0,0,0,0,0,0,0,4,0,0,6,13,76,4,40,132,215,1532,176,483,2411,8,67,4,26,101,7,47,0,15,73,10,95,15,44,166,12,169,19,68,268,23,153,29,45,239,34,237,47,93,415,76,322,45,101,545,44,197,36,58,337
597,0,0,0,0,0,0,0,0,0,0,0,0,0,0,0,0,0,0,0,0,0,0,0,0,0,0,0,0,0,0,0,0,0,0,0,0,0,0,0,0,0,0,0,0,0,0,0,0,0,0,0,0,0,0,0,0,0,0,0,0,0,0,0,0,0,0,0,0,0,0,0,0,0,0,0,0,0,0,0,0,0,0,0,0,0,0,0,0,0,0,0,0,0,0,0,0,0,0,0,0,0,0,0,0,0,0,0,0,0,0,0,0,0,0,0,0,0,0,0,0,0,0,0,0,0,0,0,0,0,0,0,0,0,0,0,0,0,0,0,0,0,0,0,0,0,0,0,0,0,0,0,0,0,0,0,0,0,0,0,0,0,0,0,0,0,0,0,0,0,0,0,0,0,0,0,0,0,0,0,0,0,0,0,0,0,0,0,0,0,0,0,0,0,0,0,0,0,0,0,0
599,0,0,0,0,0,0,0,0,0,0,0,0,0,0,0,0,0,0,0,0,0,0,0,0,0,0,0,0,0,0,0,0,0,0,0,0,0,0,0,0,0,0,0,0,0,0,0,0,0,0,0,0,0,0,0,0,0,0,0,0,0,0,0,0,0,0,0,0,0,0,0,0,0,0,0,0,0,0,0,0,0,0,0,0,0,0,0,0,0,0,0,0,0,0,0,0,0,0,0,0,0,0,0,0,0,0,0,0,0,0,0,0,0,0,0,0,0,0,0,0,0,0,0,0,0,0,0,0,0,0,0,0,0,0,0,0,0,0,0,0,0,0,0,0,0,0,0,0,0,0,0,0,0,0,0,0,0,0,0,0,0,0,0,0,0,0,0,0,0,0,0,0,0,0,0,0,0,0,0,0,0,0,0,0,0,0,0,0,0,0,0,0,0,0,0,0,0,0,0,0
601,0,29,12,28,64,9,160,35,65,266,54,438,53,161,705,55,325,47,110,544,34,263,40,77,407,68,698,91,128,986,118,731,150,125,1126,61,207,63,50,376,0,38,6,9,53,4,12,4,8,20,0,0,4,0,7,0,3,0,0,3,0,0,0,0,0,0,6,0,3,15,12,85,10,31,126,402,2997,507,799,4712,0,23,0,9,34,0,42,16,26,79,30,253,57,73,402,52,314,47,136,551,51,269,50,136,505,80,664,106,193,1039,151,930,157,242,1484,109,384,98,94,685,24,52,18,19,114,3,18,3,3,30,0,0,0,4,7,0,0,0,0,5,0,0,0,0,0,0,0,0,0,7,12,69,19,22,123,513,3020,577,952,5070,3,12,0,0,16,0,18,3,10,37,17,156,40,53,266,42,211,40,114,409,25,175,35,104,344,52,317,55,147,576,101,587,94,256,1033,170,907,183,300,1563
602,8,35,10,10,58,4,130,12,46,198,32,253,33,90,414,41,398,64,101,601,36,269,51,63,416,60,387,74,97,623,70,240,54,39,402,11,27,4,4,51,0,8,0,0,9,0,0,0,0,0,0,0,0,0,3,0,0,0,0,0,0,0,0,0,0,0,7,0,0,8,7,35,11,20,75,281,1790,320,475,2864,0,20,0,16,34,0,23,5,21,48,18,156,35,53,257,33,254,45,102,434,43,304,39,95,476,67,464,69,128,725,90,423,78,111,697,28,81,14,21,143,7,9,3,11,26,0,3,0,0,9,0,0,0,0,0,0,0,0,0,0,0,0,0,0,0,0,3,0,0,8,5,32,10,18,64,291,1753,305,566,2911,0,3,0,8,15,0,9,0,8,15,3,124,18,49,194,23,155,29,52,255,20,185,12,91,315,55,410,60,166,693,103,534,101,206,935,77,339,74,108,595
603,0,4,0,4,6,0,9,0,5,10,4,30,0,13,53,4,83,11,20,121,6,56,3,9,81,6,63,0,6,84,6,46,0,7,61,0,10,0,0,10,0,0,0,0,0,0,0,0,0,0,0,0,0,0,0,0,0,0,0,0,0,0,0,0,0,0,3,0,0,6,0,13,0,4,16,41,322,30,68,453,0,3,0,0,6,0,8,0,5,12,3,20,3,8,38,8,45,6,21,75,12,43,4,16,70,12,81,15,20,131,14,77,13,15,110,0,8,0,0,7,0,0,0,0,0,0,0,0,0,0,0,0,0,0,0,0,0,0,0,0,0,0,0,0,0,0,0,0,0,0,0,9,0,0,11,49,288,48,85,471,0,6,0,0,6,0,0,4,4,3,3,8,0,3,16,6,21,6,11,40,5,16,0,14,34,3,51,7,19,76,18,87,15,30,150,16,60,7,12,93
604,0,27,3,18,56,0,117,23,22,169,33,305,36,114,483,57,361,54,124,595,23,255,43,69,384,46,352,44,61,505,27,126,6,21,171,3,9,0,3,21,0,3,0,0,6,0,0,0,0,3,0,0,0,0,0,0,0,0,0,0,0,0,0,0,0,0,3,0,0,6,6,36,10,15,66,194,1592,223,449,2464,0,9,0,0,12,0,20,8,11,36,23,174,29,49,269,32,248,46,122,453,46,257,30,98,428,81,509,93,124,805,55,240,53,65,413,8,42,7,6,69,0,3,0,0,3,0,0,0,0,0,0,0,0,0,0,0,0,0,0,0,0,0,0,0,0,0,0,0,0,0,6,40,3,15,68,253,1538,267,499,2559,0,16,0,6,16,0,13,0,9,21,12,116,17,41,183,19,143,31,71,267,15,200,21,94,328,66,443,59,181,750,92,413,91,143,731,41,114,20,41,212
697,0,0,0,0,0,0,0,0,0,0,0,0,0,0,0,0,0,0,0,0,0,0,0,0,0,0,0,0,0,0,0,0,0,0,0,0,0,0,0,0,0,0,0,0,0,0,0,0,0,0,0,0,0,0,0,0,0,0,0,0,0,0,0,0,0,0,0,0,0,0,0,0,0,0,0,0,0,0,0,0,0,0,0,0,0,0,0,0,0,0,0,0,0,0,0,0,0,0,0,0,0,0,0,0,0,0,0,0,0,0,0,0,0,0,0,0,0,0,0,0,0,0,0,0,0,0,0,0,0,0,0,0,0,0,0,0,0,0,0,0,0,0,0,0,0,0,0,0,0,0,0,0,0,0,0,0,0,0,0,0,0,0,0,0,0,0,0,0,0,0,0,0,0,0,0,0,0,0,0,0,0,0,0,0,0,0,0,0,0,0,0,0,0,0,0,0,0,0,0,0
699,0,0,0,0,0,0,0,0,0,0,0,0,0,0,0,0,0,0,0,0,0,0,0,0,0,0,0,0,0,0,0,0,0,0,0,0,0,0,0,0,0,0,0,0,0,0,0,0,0,0,0,0,0,0,0,0,0,0,0,0,0,0,0,0,0,0,0,0,0,0,0,0,0,0,0,0,0,0,0,0,0,0,0,0,0,0,0,0,0,0,0,0,0,0,0,0,0,0,0,0,0,0,0,0,0,0,0,0,0,0,0,0,0,0,0,0,0,0,0,0,0,0,0,0,0,0,0,0,0,0,0,0,0,0,0,0,0,0,0,0,0,0,0,0,0,0,0,0,0,0,0,0,0,0,0,0,0,0,0,0,0,0,0,0,0,0,0,0,0,0,0,0,0,0,0,0,0,0,0,0,0,0,0,0,0,0,0,0,0,0,0,0,0,0,0,0,0,0,0,0
701,10,63,12,54,136,20,151,7,19,198,29,168,13,35,240,18,94,10,26,143,13,68,4,18,103,19,58,15,39,131,19,154,35,76,283,39,249,51,91,428,30,173,32,66,298,12,68,11,26,124,4,29,3,9,48,0,9,3,0,23,0,3,0,0,3,0,4,0,5,12,11,49,15,28,94,227,1343,216,492,2270,0,10,3,25,39,10,83,12,24,124,40,188,25,44,294,21,88,14,40,161,16,39,0,14,71,4,61,3,22,85,7,87,9,34,139,37,234,81,122,464,34,223,40,122,420,16,123,28,53,222,7,41,3,14,70,0,17,3,4,28,0,4,0,3,14,0,5,3,6,12,11,67,8,26,112,208,1272,229,556,2272,0,10,0,15,23,4,22,6,22,56,16,162,19,57,257,21,126,13,31,198,9,72,6,31,118,15,124,21,41,196,18,273,28,73,390,58,419,70,149,689
702,82,966,39,279,1372,31,194,7,57,289,38,295,14,90,433,19,144,9,44,223,7,53,5,18,87,7,71,6,20,107,5,71,8,29,109,11,70,11,19,115,7,47,4,11,60,0,11,4,6,18,0,5,0,0,7,6,0,0,0,4,0,0,0,0,0,0,0,0,0,0,15,194,4,65,276,218,2135,112,630,3092,59,692,33,290,1072,25,222,18,76,341,39,292,23,78,436,16,162,14,42,236,17,55,4,20,88,10,46,7,24,85,7,60,7,12,82,11,114,9,31,164,15,66,9,20,109,3,27,0,3,43,0,6,0,5,7,0,3,0,0,3,0,0,0,0,3,0,0,0,0,7,16,221,16,84,333,212,1962,133,693,3000,62,631,29,307,1026,27,287,18,152,475,31,346,22,134,535,28,210,11,95,338,10,85,3,31,124,20,106,5,33,166,5,80,5,24,121,11,118,17,32,172
797,0,0,0,0,0,0,0,0,0,0,0,0,0,0,0,0,0,0,0,0,0,0,0,0,0,0,0,0,0,0,0,0,0,0,0,0,0,0,0,0,0,0,0,0,0,0,0,0,0,0,0,0,0,0,0,0,0,0,0,0,0,0,0,0,0,0,0,0,0,0,0,0,0,0,0,0,0,0,0,0,0,0,0,0,0,0,0,0,0,0,0,0,0,0,0,0,0,0,0,0,0,0,0,0,0,0,0,0,0,0,0,0,0,0,0,0,0,0,0,0,0,0,0,0,0,0,0,0,0,0,0,0,0,0,0,0,0,0,0,0,0,0,0,0,0,0,0,0,0,0,0,0,0,0,0,0,0,0,0,0,0,0,0,0,0,0,0,0,0,0,0,0,0,0,0,0,0,0,0,0,0,0,0,0,0,0,0,0,0,0,0,0,0,0,0,0,0,0,0,0
799,0,0,0,0,0,0,0,0,0,0,0,0,0,0,0,0,0,0,0,0,0,0,0,0,0,0,0,0,0,0,0,0,0,0,0,0,0,0,0,0,0,0,0,0,0,0,0,0,0,0,0,0,0,0,0,0,0,0,0,0,0,0,0,0,0,0,0,0,0,0,0,0,0,0,0,0,0,0,0,0,0,0,0,0,0,0,0,0,0,0,0,0,0,0,0,0,0,0,0,0,0,0,0,0,0,0,0,0,0,0,0,0,0,0,0,0,0,0,0,0,0,0,0,0,0,0,0,0,0,0,0,0,0,0,0,0,0,0,0,0,0,0,0,0,0,0,0,0,0,0,0,0,0,0,0,0,0,0,0,0,0,0,0,0,0,0,0,0,0,0,0,0,0,0,0,0,0,0,0,0,0,0,0,0,0,0,0,0,0,0,0,0,0,0,0,0,0,0,0,0
801,8,53,30,58,156,42,399,67,92,597,95,555,54,94,791,62,234,55,115,461,33,109,22,37,200,22,150,53,68,295,35,272,101,145,563,119,802,259,403,1586,77,357,131,143,710,30,88,31,44,196,6,28,14,15,67,0,8,6,10,21,0,11,0,0,14,0,7,0,0,19,22,119,34,51,219,554,3193,870,1265,5881,0,39,11,21,75,13,147,37,66,261,102,577,93,132,907,64,219,67,104,448,19,108,29,70,231,33,135,52,96,316,44,314,90,133,568,104,912,266,434,1713,99,439,168,228,935,39,111,62,47,263,11,34,16,19,78,3,14,8,10,32,3,10,8,0,18,8,14,7,9,27,19,81,26,61,183,552,3141,933,1420,6061,6,33,9,24,72,10,78,24,36,153,96,487,75,185,834,63,206,42,95,405,42,99,32,83,256,51,167,30,112,361,48,210,58,109,427,82,610,141,300,1129
897,0,0,0,0,0,0,0,0,0,0,0,0,0,0,0,0,0,0,0,0,0,0,0,0,0,0,0,0,0,0,0,0,0,0,0,0,0,0,0,0,0,0,0,0,0,0,0,0,0,0,0,0,0,0,0,0,0,0,0,0,0,0,0,0,0,0,0,0,0,0,0,0,0,0,0,0,0,0,0,0,0,0,0,0,0,0,0,0,0,0,0,0,0,0,0,0,0,0,0,0,0,0,0,0,0,0,0,0,0,0,0,0,0,0,0,0,0,0,0,0,0,0,0,0,0,0,0,0,0,0,0,0,0,0,0,0,0,0,0,0,0,0,0,0,0,0,0,0,0,0,0,0,0,0,0,0,0,0,0,0,0,0,0,0,0,0,0,0,0,0,0,0,0,0,0,0,0,0,0,0,0,0,0,0,0,0,0,0,0,0,0,0,0,0,0,0,0,0,0,0
899,0,0,0,0,0,0,0,0,0,0,0,0,0,0,0,0,0,0,0,0,0,0,0,0,0,0,0,0,0,0,0,0,0,0,0,0,0,0,0,0,0,0,0,0,0,0,0,0,0,0,0,0,0,0,0,0,0,0,0,0,0,0,0,0,0,0,0,0,0,0,0,0,0,0,0,0,0,0,0,0,0,0,0,0,0,0,0,0,0,0,0,0,0,0,0,0,0,0,0,0,0,0,0,0,0,0,0,0,0,0,0,0,0,0,0,0,0,0,0,0,0,0,0,0,0,0,0,0,0,0,0,0,0,0,0,0,0,0,0,0,0,0,0,0,0,0,0,0,0,0,0,0,0,0,0,0,0,0,0,0,0,0,0,0,0,0,0,0,0,0,0,0,0,0,0,0,0,0,0,0,0,0,0,0,0,0,0,0,0,0,0,0,0,0,0,0,0,0,0,0
901,0,9,0,6,15,0,5,0,0,5,0,0,0,0,5,0,0,0,0,0,0,3,0,0,3,0,0,0,0,0,0,0,0,0,0,0,0,0,0,0,0,0,0,0,3,0,0,0,0,0,0,0,0,0,0,0,0,0,0,0,0,0,0,0,0,0,0,0,0,0,0,7,5,4,14,3,27,5,15,46,0,4,0,6,13,0,5,0,0,3,0,6,4,0,3,0,3,3,3,13,0,3,0,0,6,0,0,0,0,4,0,6,0,0,3,0,0,0,0,7,0,0,0,0,0,0,0,0,0,0,0,0,0,0,0,0,0,0,0,0,0,0,0,0,0,0,0,0,0,0,0,9,0,6,9,5,33,13,23,65,0,4,0,8,14,0,0,0,0,4,0,4,0,0,3,0,4,0,4,11,0,0,0,3,6,0,6,0,0,7,6,6,0,5,23,0,5,0,0,5
997,0,0,0,0,0,0,0,0,0,0,0,0,0,0,0,0,0,0,0,0,0,0,0,0,0,0,0,0,0,0,0,0,0,0,0,0,0,0,0,0,0,0,0,0,0,0,0,0,0,0,0,0,0,0,0,0,0,0,0,0,0,0,0,0,0,0,0,0,0,0,0,0,0,0,0,0,0,0,0,0,0,0,0,0,0,0,0,0,0,0,0,0,0,0,0,0,0,0,0,0,0,0,0,0,0,0,0,0,0,0,0,0,0,0,0,0,0,0,0,0,0,0,0,0,0,0,0,0,0,0,0,0,0,0,0,0,0,0,0,0,0,0,0,0,0,0,0,0,0,0,0,0,0,0,0,0,0,0,0,0,0,0,0,0,0,0,0,0,0,0,0,0,0,0,0,0,0,0,0,0,0,0,0,0,0,0,0,0,0,0,0,0,0,0,0,0,0,0,0,0
999,0,0,0,0,0,0,0,0,0,0,0,0,0,0,0,0,0,0,0,0,0,0,0,0,0,0,0,0,0,0,0,0,0,0,0,0,0,0,0,0,0,0,0,0,0,0,0,0,0,0,0,0,0,0,0,0,0,0,0,0,0,0,0,0,0,0,0,0,0,0,0,0,0,0,0,0,0,0,0,0,0,0,0,0,0,0,0,0,0,0,0,0,0,0,0,0,0,0,0,0,0,0,0,0,0,0,0,0,0,0,0,0,0,0,0,0,0,0,0,0,0,0,0,0,0,0,0,0,0,0,0,0,0,0,0,0,0,0,0,0,0,0,0,0,0,0,0,0,0,0,0,0,0,0,0,0,0,0,0,0,0,0,0,0,0,0,0,0,0,0,0,0,0,0,0,0,0,0,0,0,0,0,0,0,0,0,0,0,0,0,0,0,0,0,0,0,0,0,0,0
